DEL_ID,ID_A,ID_B,ID_C,log10_R,R_MLE,sel_sum,ctrl,rep_gt_ctrl,SMILES_no_star
A091-B071-C006,A091,B071,C006,2.464886798302651,291.6666666666667,109,0,2,NC(=O)c1cccc(NC(=O)c2ccc3c(c2)N=C(c2ccccc2O)N3Cc2ccc3nccnc3c2)c1
A062-B082-C012,A062,B082,C012,2.44870631990508,281.0,105,0,2,NC(=O)[C@@H](NC(=O)c1ccc2c(c1)N=C(c1cc3ccoc3cn1)N2Cc1cc(OC)cc(OC)c1)C1CCCCC1
A091-B053-C067,A091,B053,C067,2.436162647040756,273.0,102,0,2,NC(=O)c1cccc(NC(=O)c2ccc3c(c2)N=C(c2ccc4c(c2)OCCO4)N3Cc2cncc(Br)c2)c1
A090-B026-C047,A090,B026,C047,2.418853477639402,262.3333333333333,98,0,2,NC(=O)C1CCCN1C1CCN(C(=O)c2ccc3c(c2)N=C(c2cccs2)N3Cc2ccc(CN3CCCC3)cc2)CC1
A086-B071-C046,A086,B071,C046,2.3256524705723134,211.66666666666663,79,0,2,NC(=O)[C@@H]1C[C@@H](c2ccccc2)CN1C(=O)c1ccc2c(c1)N=C(c1cccc(N3CCN(C)CC3)c1)N2Cc1ccc2nccnc2c1
A038-B015-C048,A038,B015,C048,2.279514853526185,190.33333333333331,71,0,2,NC(=O)[C@@H](CC(N)=O)NC(=O)c1ccc2c(c1)N=C(c1nnc[nH]1)N2CCc1cccc(Br)c1
A035-B045-C034,A035,B045,C034,2.254467510467076,179.66666666666666,67,0,2,NC(=O)CCNC(=O)c1ccc2c(c1)N=C(c1ccco1)N2C1CCN(c2ncccn2)CC1
A091-B068-C082,A091,B068,C082,2.220979290903728,166.33333333333334,62,0,3,NC(=O)c1cccc(NC(=O)c2ccc3c(c2)N=C(c2ccccc2C)N3CC2CCC(=O)N2)c1
A094-B068-C031,A094,B068,C031,2.206825876031849,161.0,60,0,2,NC(=O)c1cccc(CNC(=O)c2ccc3c(c2)N=C(c2cnc[nH]2)N3CC2CCC(=O)N2)c1
A011-B056-C022,A011,B056,C022,2.206825876031849,161.0,60,0,2,NC(=O)[C@H](CCC)NC(=O)c1ccc2c(c1)N=C(c1ccc(C#N)nc1)N2Cc1ccccc1OC
A094-B038-C035,A094,B038,C035,2.199572354905204,158.33333333333334,59,0,2,NC(=O)c1cccc(CNC(=O)c2ccc3c(c2)N=C(c2cccnc2)N3CCN2CCCN(C)CC2)c1
A084-B067-C072,A084,B067,C072,2.199572354905204,158.33333333333334,59,0,2,NC(=O)[C@H](Cc1cscn1)NC(=O)c1ccc2c(c1)N=C(c1cncc(OC)c1)N2CC1(C#N)CCOCC1
A034-B008-C081,A034,B008,C081,2.1921956258464497,155.66666666666666,58,0,2,NC(=O)[C@@H](C)NC(=O)c1ccc2c(c1)N=C(c1ccc(O)c(OC)c1)N2C
A001-B041-C064,A001,B041,C064,2.184691430817599,153.0,57,0,3,NC(=O)C[C@@H]1CCCN1C(=O)c1ccc2c(c1)N=C(c1cnccn1)N2CC(=O)N1CCOCC1
A071-B027-C068,A071,B027,C068,2.177055287158298,150.33333333333334,56,0,2,NC(=O)[C@H](Cc1ccco1)NC(=O)c1ccc2c(c1)N=C(c1cn[nH]c1)N2Cc1cccc(N2CCCC2)c1
A071-B074-C011,A071,B074,C011,2.169282471503407,147.66666666666666,55,0,2,NC(=O)[C@H](Cc1ccco1)NC(=O)c1ccc2c(c1)N=C(CCc1ccccc1)N2Cc1cccc(N(C)C(C)=O)c1
A092-B058-C074,A092,B058,C074,2.169282471503407,147.66666666666666,55,0,2,NC(=O)c1ccccc1NC(=O)c1ccc2c(c1)N=C(C(C)(C)C)N2Cc1ccc(OC)cc1OC
A076-B053-C020,A076,B053,C020,2.169282471503407,147.66666666666666,55,0,2,NC(=O)C(CC1CC1)NC(=O)c1ccc2c(c1)N=C(c1cc(Br)ccc1O)N2Cc1cncc(Br)c1
A094-B074-C036,A094,B074,C036,2.161368002234975,145.0,54,0,2,NC(=O)c1cccc(CNC(=O)c2ccc3c(c2)N=C(c2cccc4c2OCO4)N3Cc2cccc(N(C)C(C)=O)c2)c1
A095-B083-C069,A095,B083,C069,2.161368002234975,145.0,54,0,2,NC(=O)[C@H](CCC(N)=O)NC(=O)c1ccc2c(c1)N=C(Cc1ccc(C)cc1)N2CCc1cccc(OC)c1
A074-B041-C051,A074,B041,C051,2.161368002234975,145.0,54,0,2,NC(=O)[C@H](Cc1cccnc1)NC(=O)c1ccc2c(c1)N=C(c1cc(C)on1)N2CC(=O)N1CCOCC1
A012-B066-C022,A012,B066,C022,2.161368002234975,145.0,54,0,2,NC(=O)[C@H](Cc1ccncc1)NC(=O)c1ccc2c(c1)N=C(c1ccc(C#N)nc1)N2CCS(=O)(=O)N1CCCC1
A095-B020-C059,A095,B020,C059,2.153306620305361,142.33333333333334,53,0,2,NC(=O)[C@H](CCC(N)=O)NC(=O)c1ccc2c(c1)N=C(c1cccc(S(C)(=O)=O)c1)N2CC(O)CO
A014-B083-C027,A014,B083,C027,2.1367205671564067,137.0,51,0,2,NC(=O)[C@H](Cc1ccccn1)NC(=O)c1ccc2c(c1)N=C(c1ccc(C#N)cc1)N2CCc1cccc(OC)c1
A034-B024-C017,A034,B024,C017,2.110589710299249,129.0,48,0,2,NC(=O)[C@@H](C)NC(=O)c1ccc2c(c1)N=C(c1ccc(Br)o1)N2Cc1nncn1C(C)C
A087-B074-C064,A087,B074,C064,2.0827853703164503,121.0,45,0,2,NC(=O)[C@@H](NC(=O)c1ccc2c(c1)N=C(c1cnccn1)N2Cc1cccc(N(C)C(C)=O)c1)C1CCCC1
A011-B009-C025,A011,B009,C025,2.0827853703164503,121.0,45,0,2,NC(=O)[C@H](CCC)NC(=O)c1ccc2c(c1)N=C(c1ncc[nH]1)N2CCCN(CC)CC
A014-B076-C061,A014,B076,C061,2.0827853703164503,121.0,45,0,2,NC(=O)[C@H](Cc1ccccn1)NC(=O)c1ccc2c(c1)N=C(c1ccc(COC)cc1)N2Cc1ccc(F)c(F)c1
A071-B080-C058,A071,B080,C058,2.0827853703164503,121.0,45,0,2,NC(=O)[C@H](Cc1ccco1)NC(=O)c1ccc2c(c1)N=C(c1ccc3ccn(C)c3c1)N2Cc1ccnc(C)c1
A049-B014-C065,A049,B014,C065,2.073107098335432,118.33333333333331,44,0,2,NC(=O)[C@H](C)NC(=O)c1ccc2c(c1)N=C(c1cccc(OC)c1)N2CCCc1ccccc1
A061-B026-C031,A061,B026,C031,2.073107098335432,118.33333333333331,44,0,2,NC(=O)CN(C)C(=O)c1ccc2c(c1)N=C(c1cnc[nH]1)N2Cc1ccc(CN2CCCC2)cc1
A018-B080-C026,A018,B080,C026,2.0632082200712114,115.66666666666669,43,0,2,NC(=O)[C@H](Cc1ccc(Cl)c(Cl)c1)NC(=O)c1ccc2c(c1)N=C(c1ccc(N3CCCC3)cc1)N2Cc1ccnc(C)c1
A011-B024-C058,A011,B024,C058,2.05307844348342,113.0,42,0,2,NC(=O)[C@H](CCC)NC(=O)c1ccc2c(c1)N=C(c1ccc3ccn(C)c3c1)N2Cc1nncn1C(C)C
A024-B080-C089,A024,B080,C089,2.05307844348342,113.0,42,0,2,NC(=O)[C@H](CC)NC(=O)c1ccc2c(c1)N=C(c1ccc(OC(C)=O)cc1)N2Cc1ccnc(C)c1
A075-B015-C064,A075,B015,C064,2.0427067390560563,110.33333333333331,41,0,2,NC(=O)[C@H](Cc1ccc(OC)c(OC)c1)NC(=O)c1ccc2c(c1)N=C(c1cnccn1)N2CCc1cccc(Br)c1
A091-B019-C017,A091,B019,C017,2.0427067390560563,110.33333333333331,41,0,2,NC(=O)c1cccc(NC(=O)c2ccc3c(c2)N=C(c2ccc(Br)o2)N3C(C)C(O)c2ccccc2)c1
A076-B080-C018,A076,B080,C018,2.0427067390560563,110.33333333333331,41,0,3,NC(=O)C(CC1CC1)NC(=O)c1ccc2c(c1)N=C(c1ccc(C)nc1)N2Cc1ccnc(C)c1
A095-B029-C035,A095,B029,C035,2.0320812676114404,107.66666666666669,40,0,2,NC(=O)[C@H](CCC(N)=O)NC(=O)c1ccc2c(c1)N=C(c1cccnc1)N2C1CC2CN(C)CCN2C1
A095-B083-C088,A095,B083,C088,2.0320812676114404,107.66666666666669,40,0,2,NC(=O)[C@H](CCC(N)=O)NC(=O)c1ccc2c(c1)N=C(c1ccc(C(=O)OC)c(F)c1)N2CCc1cccc(OC)c1
A021-B078-C086,A021,B078,C086,2.0211892990699383,105.0,39,0,2,NC(=O)[C@H](Cc1ccccc1Cl)NC(=O)c1ccc2c(c1)N=C(c1ccc(Cl)c(OC)c1)N2Cc1ccc(C)cc1
A008-B053-C081,A008,B053,C081,2.010017120757524,102.33333333333331,38,0,2,NC(=O)[C@H](Cc1cccs1)NC(=O)c1ccc2c(c1)N=C(c1ccc(O)c(OC)c1)N2Cc1cncc(Br)c1
A005-B041-C047,A005,B041,C047,1.9985499336047672,99.66666666666669,37,0,3,NC(=O)[C@H](Cc1cccc(OC)c1)NC(=O)c1ccc2c(c1)N=C(c1cccs1)N2CC(=O)N1CCOCC1
A072-B055-C088,A072,B055,C088,1.9985499336047672,99.66666666666669,37,0,2,NC(=O)C(C)(C)NC(=O)c1ccc2c(c1)N=C(c1ccc(C(=O)OC)c(F)c1)N2CCc1ccc(OC)cc1
A061-B026-C073,A061,B026,C073,1.9867717342662448,97.0,36,0,2,NC(=O)CN(C)C(=O)c1ccc2c(c1)N=C(CCC)N2Cc1ccc(CN2CCCC2)cc1
A004-B092-C005,A004,B092,C005,1.9867717342662448,97.0,36,0,2,NC(=O)[C@H](CCc1ccc(OC(C)(C)C)cc1)NC(=O)c1ccc2c(c1)N=C(c1ccc3[nH]ccc3c1)N2Cc1ccc(CO)cc1
A022-B041-C064,A022,B041,C064,1.9867717342662448,97.0,36,0,3,NC(=O)[C@H](CCc1ccccc1)NC(=O)c1ccc2c(c1)N=C(c1cnccn1)N2CC(=O)N1CCOCC1
A014-B092-C022,A014,B092,C022,1.974665180804628,94.33333333333331,35,0,2,NC(=O)[C@H](Cc1ccccn1)NC(=O)c1ccc2c(c1)N=C(c1ccc(C#N)nc1)N2Cc1ccc(CO)cc1
A086-B041-C041,A086,B041,C041,1.974665180804628,94.33333333333331,35,0,2,NC(=O)[C@@H]1C[C@@H](c2ccccc2)CN1C(=O)c1ccc2c(c1)N=C(c1cccc3nccnc13)N2CC(=O)N1CCOCC1
A023-B075-C029,A023,B075,C029,1.974665180804628,94.33333333333331,35,0,2,NC(=O)[C@H](CCCCC1CCCC1)NC(=O)c1ccc2c(c1)N=C(c1ccc(NC(C)=O)cc1)N2Cc1cccc(OC(F)F)c1
A088-B075-C066,A088,B075,C066,1.974665180804628,94.33333333333331,35,0,2,NC(=O)C1CCN(C(=O)c2ccc3c(c2)N=C(c2ccc(F)cc2C)N3Cc2cccc(OC(F)F)c2)CC1
A094-B026-C073,A094,B026,C073,1.9622114391106005,91.66666666666669,34,0,2,NC(=O)c1cccc(CNC(=O)c2ccc3c(c2)N=C(CCC)N3Cc2ccc(CN3CCCC3)cc2)c1
A003-B041-C050,A003,B041,C050,1.9622114391106005,91.66666666666669,34,0,2,NC(=O)[C@H](Cc1ccc(I)cc1)NC(=O)c1ccc2c(c1)N=C(c1cccc3nc[nH]c13)N2CC(=O)N1CCOCC1
A013-B042-C060,A013,B042,C060,1.9622114391106005,91.66666666666669,34,0,2,NC(=O)[C@H](Cc1csc2ccccc12)NC(=O)c1ccc2c(c1)N=C(c1ccc(Br)c(F)c1)N2CC1CCCCO1
A014-B031-C038,A014,B031,C038,1.9622114391106005,91.66666666666669,34,0,2,NC(=O)[C@H](Cc1ccccn1)NC(=O)c1ccc2c(c1)N=C(c1cc(F)cc(F)c1)N2C1CCN(CC)CC1
A001-B046-C019,A001,B046,C019,1.9622114391106005,91.66666666666669,34,0,2,NC(=O)C[C@@H]1CCCN1C(=O)c1ccc2c(c1)N=C(c1ncccc1O)N2C1CCN(Cc2ccccc2)C1
A023-B078-C003,A023,B078,C003,1.9622114391106005,91.66666666666669,34,0,2,NC(=O)[C@H](CCCCC1CCCC1)NC(=O)c1ccc2c(c1)N=C(c1cc(OC)ccn1)N2Cc1ccc(C)cc1
A012-B081-C058,A012,B081,C058,1.9493900066449128,89.0,33,0,3,NC(=O)[C@H](Cc1ccncc1)NC(=O)c1ccc2c(c1)N=C(c1ccc3ccn(C)c3c1)N2Cc1ccc(S(=O)(=O)CC)cc1
A035-B080-C051,A035,B080,C051,1.9493900066449128,89.0,33,0,2,NC(=O)CCNC(=O)c1ccc2c(c1)N=C(c1cc(C)on1)N2Cc1ccnc(C)c1
A024-B052-C071,A024,B052,C071,1.9361785093615893,86.33333333333333,32,0,2,NC(=O)[C@H](CC)NC(=O)c1ccc2c(c1)N=C(c1cnc(N3CCOCC3)nc1)N2Cc1cn[nH]c1
A090-B077-C089,A090,B077,C089,1.9361785093615893,86.33333333333333,32,0,2,NC(=O)C1CCCN1C1CCN(C(=O)c2ccc3c(c2)N=C(c2ccc(OC(C)=O)cc2)N3Cc2ccc(CN(C)C)cc2)CC1
A076-B018-C067,A076,B018,C067,1.9361785093615893,86.33333333333333,32,0,2,NC(=O)C(CC1CC1)NC(=O)c1ccc2c(c1)N=C(c1ccc3c(c1)OCCO3)N2C(C)c1ccc(OC)cc1
A014-B042-C020,A014,B042,C020,1.9361785093615893,86.33333333333333,32,0,2,NC(=O)[C@H](Cc1ccccn1)NC(=O)c1ccc2c(c1)N=C(c1cc(Br)ccc1O)N2CC1CCCCO1
A083-B015-C042,A083,B015,C042,1.9361785093615893,86.33333333333333,32,0,2,NC(=O)[C@H](CCCCNC(=O)c1cccnc1)NC(=O)c1ccc2c(c1)N=C(c1cnc3ccccc3n1)N2CCc1cccc(Br)c1
A071-B053-C075,A071,B053,C075,1.922552466761376,83.66666666666667,31,0,2,NC(=O)[C@H](Cc1ccco1)NC(=O)c1ccc2c(c1)N=C(C1COC1)N2Cc1cncc(Br)c1
A026-B064-C049,A026,B064,C049,1.922552466761376,83.66666666666667,31,0,2,NC(=O)C(COC)NC(=O)c1ccc2c(c1)N=C(c1ccc(CC)o1)N2Cc1cccs1
A076-B055-C041,A076,B055,C041,1.922552466761376,83.66666666666667,31,0,2,NC(=O)C(CC1CC1)NC(=O)c1ccc2c(c1)N=C(c1cccc3nccnc13)N2CCc1ccc(OC)cc1
A013-B056-C061,A013,B056,C061,1.9084850188786495,81.0,30,0,2,NC(=O)[C@H](Cc1csc2ccccc12)NC(=O)c1ccc2c(c1)N=C(c1ccc(COC)cc1)N2Cc1ccccc1OC
A011-B069-C055,A011,B069,C055,1.9084850188786495,81.0,30,0,2,NC(=O)[C@H](CCC)NC(=O)c1ccc2c(c1)N=C(c1csc(Br)n1)N2Cc1cccnc1
A024-B007-C011,A024,B007,C011,1.9084850188786495,81.0,30,0,2,NC(=O)[C@H](CC)NC(=O)c1ccc2c(c1)N=C(CCc1ccccc1)N2CCNC(C)=O
A080-B075-C014,A080,B075,C014,1.893946607552074,78.33333333333333,29,0,2,NC(=O)[C@@H]1[C@@H](c2ccccc2)CCN1C(=O)c1ccc2c(c1)N=C(c1nc3ccccc3[nH]1)N2Cc1cccc(OC(F)F)c1
A013-B043-C057,A013,B043,C057,1.893946607552074,78.33333333333333,29,0,2,NC(=O)[C@H](Cc1csc2ccccc12)NC(=O)c1ccc2c(c1)N=C(c1ccc(S(C)(=O)=O)cc1)N2Cc1ccc2c(c1)OCCO2
A073-B069-C046,A073,B069,C046,1.893946607552074,78.33333333333333,29,0,2,NC(=O)[C@@H](NC(=O)c1ccc2c(c1)N=C(c1cccc(N3CCN(C)CC3)c1)N2Cc1cccnc1)C1CC1
A034-B068-C067,A034,B068,C067,1.893946607552074,78.33333333333333,29,0,2,NC(=O)[C@@H](C)NC(=O)c1ccc2c(c1)N=C(c1ccc3c(c1)OCCO3)N2CC1CCC(=O)N1
A094-B027-C033,A094,B027,C033,1.893946607552074,78.33333333333333,29,0,2,NC(=O)c1cccc(CNC(=O)c2ccc3c(c2)N=C(c2ccc(Cl)cc2)N3Cc2cccc(N3CCCC3)c2)c1
A008-B067-C026,A008,B067,C026,1.893946607552074,78.33333333333333,29,0,2,NC(=O)[C@H](Cc1cccs1)NC(=O)c1ccc2c(c1)N=C(c1ccc(N3CCCC3)cc1)N2CC1(C#N)CCOCC1
A091-B015-C039,A091,B015,C039,1.893946607552074,78.33333333333333,29,0,2,NC(=O)c1cccc(NC(=O)c2ccc3c(c2)N=C(c2ccc(=O)[nH]c2)N3CCc2cccc(Br)c2)c1
A047-B069-C094,A047,B069,C094,1.893946607552074,78.33333333333333,29,0,2,NC(=O)[C@@H](CCC(N)=O)NC(=O)c1ccc2c(c1)N=C(c1cscn1)N2Cc1cccnc1
A075-B074-C019,A075,B074,C019,1.893946607552074,78.33333333333333,29,0,2,NC(=O)[C@H](Cc1ccc(OC)c(OC)c1)NC(=O)c1ccc2c(c1)N=C(c1ncccc1O)N2Cc1cccc(N(C)C(C)=O)c1
A095-B069-C065,A095,B069,C065,1.8789046024734604,75.66666666666667,28,0,2,NC(=O)[C@H](CCC(N)=O)NC(=O)c1ccc2c(c1)N=C(c1cccc(OC)c1)N2Cc1cccnc1
A002-B050-C002,A002,B050,C002,1.8789046024734604,75.66666666666667,28,0,2,NC(=O)C(Cc1cn(C)cn1)NC(=O)c1ccc2c(c1)N=C(c1ccc(F)cc1)N2Cc1nnc2ccccn12
A012-B007-C057,A012,B007,C057,1.8789046024734604,75.66666666666667,28,0,2,NC(=O)[C@H](Cc1ccncc1)NC(=O)c1ccc2c(c1)N=C(c1ccc(S(C)(=O)=O)cc1)N2CCNC(C)=O
A094-B026-C064,A094,B026,C064,1.8789046024734604,75.66666666666667,28,0,2,NC(=O)c1cccc(CNC(=O)c2ccc3c(c2)N=C(c2cnccn2)N3Cc2ccc(CN3CCCC3)cc2)c1
A012-B008-C013,A012,B008,C013,1.8789046024734604,75.66666666666667,28,0,2,NC(=O)[C@H](Cc1ccncc1)NC(=O)c1ccc2c(c1)N=C(c1ccccc1)N2C
A095-B038-C021,A095,B038,C021,1.8789046024734604,75.66666666666667,28,0,2,NC(=O)[C@H](CCC(N)=O)NC(=O)c1ccc2c(c1)N=C(C1CCN(Cc3ccccc3)CC1)N2CCN1CCCN(C)CC1
A006-B080-C002,A006,B080,C002,1.8789046024734604,75.66666666666667,28,0,2,NC(=O)[C@@H](CC1CCC1)NC(=O)c1ccc2c(c1)N=C(c1ccc(F)cc1)N2Cc1ccnc(C)c1
A008-B077-C022,A008,B077,C022,1.8789046024734604,75.66666666666667,28,0,2,NC(=O)[C@H](Cc1cccs1)NC(=O)c1ccc2c(c1)N=C(c1ccc(C#N)nc1)N2Cc1ccc(CN(C)C)cc1
A088-B041-C021,A088,B041,C021,1.863322860120456,73.0,27,0,2,NC(=O)C1CCN(C(=O)c2ccc3c(c2)N=C(C2CCN(Cc4ccccc4)CC2)N3CC(=O)N2CCOCC2)CC1
A088-B027-C023,A088,B027,C023,1.863322860120456,73.0,27,0,2,NC(=O)C1CCN(C(=O)c2ccc3c(c2)N=C(c2nc4ccccc4n2C)N3Cc2cccc(N3CCCC3)c2)CC1
A035-B044-C053,A035,B044,C053,1.863322860120456,73.0,27,0,2,NC(=O)CCNC(=O)c1ccc2c(c1)N=C(C(C)c1ccccc1)N2Cc1cnn(C)c1
A013-B016-C048,A013,B016,C048,1.863322860120456,73.0,27,0,2,NC(=O)[C@H](Cc1csc2ccccc12)NC(=O)c1ccc2c(c1)N=C(c1nnc[nH]1)N2C(CC)CC
A006-B080-C064,A006,B080,C064,1.863322860120456,73.0,27,0,2,NC(=O)[C@@H](CC1CCC1)NC(=O)c1ccc2c(c1)N=C(c1cnccn1)N2Cc1ccnc(C)c1
A074-B029-C057,A074,B029,C057,1.863322860120456,73.0,27,0,2,NC(=O)[C@H](Cc1cccnc1)NC(=O)c1ccc2c(c1)N=C(c1ccc(S(C)(=O)=O)cc1)N2C1CC2CN(C)CCN2C1
A014-B039-C043,A014,B039,C043,1.863322860120456,73.0,27,0,2,NC(=O)[C@H](Cc1ccccn1)NC(=O)c1ccc2c(c1)N=C(c1cc3c(cc1Br)OCO3)N2CC1CCCO1
A035-B051-C036,A035,B051,C036,1.863322860120456,73.0,27,0,2,NC(=O)CCNC(=O)c1ccc2c(c1)N=C(c1cccc3c1OCO3)N2Cc1cc[nH]c1
A074-B016-C062,A074,B016,C062,1.863322860120456,73.0,27,0,2,NC(=O)[C@H](Cc1cccnc1)NC(=O)c1ccc2c(c1)N=C(c1cccc3c1OCCO3)N2C(CC)CC
A091-B041-C087,A091,B041,C087,1.863322860120456,73.0,27,0,2,NC(=O)c1cccc(NC(=O)c2ccc3c(c2)N=C(c2ccc(C(=O)OC)cc2)N3CC(=O)N2CCOCC2)c1
A087-B068-C043,A087,B068,C043,1.863322860120456,73.0,27,0,2,NC(=O)[C@@H](NC(=O)c1ccc2c(c1)N=C(c1cc3c(cc1Br)OCO3)N2CC1CCC(=O)N1)C1CCCC1
A091-B074-C080,A091,B074,C080,1.863322860120456,73.0,27,0,2,NC(=O)c1cccc(NC(=O)c2ccc3c(c2)N=C(c2cnc(C)[nH]2)N3Cc2cccc(N(C)C(C)=O)c2)c1
A003-B079-C049,A003,B079,C049,1.863322860120456,73.0,27,0,2,NC(=O)[C@H](Cc1ccc(I)cc1)NC(=O)c1ccc2c(c1)N=C(c1ccc(CC)o1)N2Cc1ccc(NC(=O)CC)nc1
A076-B013-C060,A076,B013,C060,1.8471612005780305,70.33333333333333,26,0,2,NC(=O)C(CC1CC1)NC(=O)c1ccc2c(c1)N=C(c1ccc(Br)c(F)c1)N2CC12CCC(CC1)O2
A048-B043-C042,A048,B043,C042,1.8471612005780305,70.33333333333333,26,0,2,NC(=O)[C@H](CC(C)C)NC(=O)c1ccc2c(c1)N=C(c1cnc3ccccc3n1)N2Cc1ccc2c(c1)OCCO2
A071-B054-C073,A071,B054,C073,1.8471612005780305,70.33333333333333,26,0,2,NC(=O)[C@H](Cc1ccco1)NC(=O)c1ccc2c(c1)N=C(CCC)N2Cc1ccsc1
A036-B056-C049,A036,B056,C049,1.8471612005780305,70.33333333333333,26,0,2,NC(=O)C(CCC(=O)OC)NC(=O)c1ccc2c(c1)N=C(c1ccc(CC)o1)N2Cc1ccccc1OC
A091-B089-C017,A091,B089,C017,1.8471612005780305,70.33333333333333,26,0,2,NC(=O)c1cccc(NC(=O)c2ccc3c(c2)N=C(c2ccc(Br)o2)N3Cc2ccc(=O)[nH]c2)c1
A091-B064-C059,A091,B064,C059,1.8471612005780305,70.33333333333333,26,0,2,NC(=O)c1cccc(NC(=O)c2ccc3c(c2)N=C(c2cccc(S(C)(=O)=O)c2)N3Cc2cccs2)c1
A094-B055-C076,A094,B055,C076,1.8471612005780305,70.33333333333333,26,0,3,NC(=O)c1cccc(CNC(=O)c2ccc3c(c2)N=C(C2CCN(C)CC2)N3CCc2ccc(OC)cc2)c1
A023-B010-C026,A023,B010,C026,1.8471612005780305,70.33333333333333,26,0,2,NC(=O)[C@H](CCCCC1CCCC1)NC(=O)c1ccc2c(c1)N=C(c1ccc(N3CCCC3)cc1)N2CC1COC(C)(C)O1
A001-B069-C035,A001,B069,C035,1.8471612005780305,70.33333333333333,26,0,2,NC(=O)C[C@@H]1CCCN1C(=O)c1ccc2c(c1)N=C(c1cccnc1)N2Cc1cccnc1
A024-B082-C006,A024,B082,C006,1.8471612005780305,70.33333333333333,26,0,2,NC(=O)[C@H](CC)NC(=O)c1ccc2c(c1)N=C(c1ccccc1O)N2Cc1cc(OC)cc(OC)c1
A091-B067-C090,A091,B067,C090,1.8471612005780305,70.33333333333333,26,0,2,NC(=O)c1cccc(NC(=O)c2ccc3c(c2)N=C(c2ccc(-c4ccc(OC)cc4)o2)N3CC2(C#N)CCOCC2)c1
A049-B019-C065,A049,B019,C065,1.8303747831935504,67.66666666666667,25,0,2,NC(=O)[C@H](C)NC(=O)c1ccc2c(c1)N=C(c1cccc(OC)c1)N2C(C)C(O)c1ccccc1
A087-B041-C003,A087,B041,C003,1.8303747831935504,67.66666666666667,25,0,2,NC(=O)[C@@H](NC(=O)c1ccc2c(c1)N=C(c1cc(OC)ccn1)N2CC(=O)N1CCOCC1)C1CCCC1
A025-B082-C073,A025,B082,C073,1.8303747831935504,67.66666666666667,25,0,2,NC(=O)[C@H](Cc1ccc(OCC=C)cc1)NC(=O)c1ccc2c(c1)N=C(CCC)N2Cc1cc(OC)cc(OC)c1
A048-B089-C047,A048,B089,C047,1.8303747831935504,67.66666666666667,25,0,2,NC(=O)[C@H](CC(C)C)NC(=O)c1ccc2c(c1)N=C(c1cccs1)N2Cc1ccc(=O)[nH]c1
A062-B064-C061,A062,B064,C061,1.8303747831935504,67.66666666666667,25,0,2,NC(=O)[C@@H](NC(=O)c1ccc2c(c1)N=C(c1ccc(COC)cc1)N2Cc1cccs1)C1CCCCC1
A013-B003-C027,A013,B003,C027,1.812913356642856,65.0,24,0,2,NC(=O)[C@H](Cc1csc2ccccc12)NC(=O)c1ccc2c(c1)N=C(c1ccc(C#N)cc1)N2Cc1ccc(-n2ccnc2)cc1
A074-B048-C067,A074,B048,C067,1.812913356642856,65.0,24,0,2,NC(=O)[C@H](Cc1cccnc1)NC(=O)c1ccc2c(c1)N=C(c1ccc3c(c1)OCCO3)N2C1CCN(C(C)C)CC1
A016-B003-C064,A016,B003,C064,1.812913356642856,65.0,24,0,2,NC(=O)[C@H]1CCCN1C(=O)c1ccc2c(c1)N=C(c1cnccn1)N2Cc1ccc(-n2ccnc2)cc1
A002-B023-C010,A002,B023,C010,1.812913356642856,65.0,24,0,2,NC(=O)C(Cc1cn(C)cn1)NC(=O)c1ccc2c(c1)N=C(c1cn(C)cn1)N2Cc1nc(CSC)no1
A076-B091-C059,A076,B091,C059,1.812913356642856,65.0,24,0,2,NC(=O)C(CC1CC1)NC(=O)c1ccc2c(c1)N=C(c1cccc(S(C)(=O)=O)c1)N2Cc1ccccc1
A004-B068-C001,A004,B068,C001,1.812913356642856,65.0,24,0,3,NC(=O)[C@H](CCc1ccc(OC(C)(C)C)cc1)NC(=O)c1ccc2c(c1)N=C(c1ccc3cccnc3c1)N2CC1CCC(=O)N1
A024-B055-C068,A024,B055,C068,1.812913356642856,65.0,24,0,2,NC(=O)[C@H](CC)NC(=O)c1ccc2c(c1)N=C(c1cn[nH]c1)N2CCc1ccc(OC)cc1
A071-B081-C074,A071,B081,C074,1.7947203518168366,62.333333333333336,23,0,3,NC(=O)[C@H](Cc1ccco1)NC(=O)c1ccc2c(c1)N=C(C(C)(C)C)N2Cc1ccc(S(=O)(=O)CC)cc1
A088-B052-C008,A088,B052,C008,1.7947203518168366,62.333333333333336,23,0,2,NC(=O)C1CCN(C(=O)c2ccc3c(c2)N=C(c2cccc(O)c2)N3Cc2cn[nH]c2)CC1
A035-B014-C072,A035,B014,C072,1.7947203518168366,62.333333333333336,23,0,2,NC(=O)CCNC(=O)c1ccc2c(c1)N=C(c1cncc(OC)c1)N2CCCc1ccccc1
A071-B078-C080,A071,B078,C080,1.7947203518168366,62.333333333333336,23,0,2,NC(=O)[C@H](Cc1ccco1)NC(=O)c1ccc2c(c1)N=C(c1cnc(C)[nH]1)N2Cc1ccc(C)cc1
A001-B058-C056,A001,B058,C056,1.7947203518168366,62.333333333333336,23,0,2,NC(=O)C[C@@H]1CCCN1C(=O)c1ccc2c(c1)N=C(c1ccc(N(C)C)cc1)N2Cc1ccc(OC)cc1OC
A083-B077-C032,A083,B077,C032,1.7947203518168366,62.333333333333336,23,0,3,NC(=O)[C@H](CCCCNC(=O)c1cccnc1)NC(=O)c1ccc2c(c1)N=C(c1ccc(C(F)(F)F)cn1)N2Cc1ccc(CN(C)C)cc1
A091-B068-C096,A091,B068,C096,1.7757317762602307,59.66666666666666,22,0,2,NC(=O)c1cccc(NC(=O)c2ccc3c(c2)N=C(c2ccc(Cl)cc2O)N3CC2CCC(=O)N2)c1
A091-B044-C079,A091,B044,C079,1.7757317762602307,59.66666666666666,22,0,2,NC(=O)c1cccc(NC(=O)c2ccc3c(c2)N=C(C(CC)CC)N3Cc2cnn(C)c2)c1
A005-B079-C054,A005,B079,C054,1.7757317762602307,59.66666666666666,22,0,2,NC(=O)[C@H](Cc1cccc(OC)c1)NC(=O)c1ccc2c(c1)N=C(c1ccc3c(ccn3C)c1)N2Cc1ccc(NC(=O)CC)nc1
A094-B083-C004,A094,B083,C004,1.7757317762602307,59.66666666666666,22,0,2,NC(=O)c1cccc(CNC(=O)c2ccc3c(c2)N=C(c2ccc(O)cc2)N3CCc2cccc(OC)c2)c1
A027-B041-C013,A027,B041,C013,1.7757317762602307,59.66666666666666,22,0,2,NC(=O)[C@H](Cc1ccccc1F)NC(=O)c1ccc2c(c1)N=C(c1ccccc1)N2CC(=O)N1CCOCC1
A025-B051-C048,A025,B051,C048,1.7757317762602307,59.66666666666666,22,0,2,NC(=O)[C@H](Cc1ccc(OCC=C)cc1)NC(=O)c1ccc2c(c1)N=C(c1nnc[nH]1)N2Cc1cc[nH]c1
A037-B066-C074,A037,B066,C074,1.7757317762602307,59.66666666666666,22,0,2,NC(=O)C(NC(=O)c1ccc2c(c1)N=C(C(C)(C)C)N2CCS(=O)(=O)N1CCCC1)C(C)OC
A076-B015-C015,A076,B015,C015,1.7757317762602307,59.66666666666666,22,0,2,NC(=O)C(CC1CC1)NC(=O)c1ccc2c(c1)N=C(c1ncc3ccccn13)N2CCc1cccc(Br)c1
A091-B044-C008,A091,B044,C008,1.7757317762602307,59.66666666666666,22,0,2,NC(=O)c1cccc(NC(=O)c2ccc3c(c2)N=C(c2cccc(O)c2)N3Cc2cnn(C)c2)c1
A061-B040-C015,A061,B040,C015,1.7757317762602307,59.66666666666666,22,0,2,NC(=O)CN(C)C(=O)c1ccc2c(c1)N=C(c1ncc3ccccn13)N2CCN1CCOCC1
A076-B056-C049,A076,B056,C049,1.7558748556724917,57.0,21,0,3,NC(=O)C(CC1CC1)NC(=O)c1ccc2c(c1)N=C(c1ccc(CC)o1)N2Cc1ccccc1OC
A058-B078-C079,A058,B078,C079,1.7558748556724917,57.0,21,0,2,NC(=O)[C@@H](NC(=O)c1ccc2c(c1)N=C(C(CC)CC)N2Cc1ccc(C)cc1)C(C)(C)C
A086-B078-C061,A086,B078,C061,1.7558748556724917,57.0,21,0,2,NC(=O)[C@@H]1C[C@@H](c2ccccc2)CN1C(=O)c1ccc2c(c1)N=C(c1ccc(COC)cc1)N2Cc1ccc(C)cc1
A060-B018-C048,A060,B018,C048,1.7558748556724917,57.0,21,0,2,NC(=O)[C@H](Cc1ccc(Br)cc1)NC(=O)c1ccc2c(c1)N=C(c1nnc[nH]1)N2C(C)c1ccc(OC)cc1
A047-B075-C017,A047,B075,C017,1.7558748556724917,57.0,21,0,2,NC(=O)[C@@H](CCC(N)=O)NC(=O)c1ccc2c(c1)N=C(c1ccc(Br)o1)N2Cc1cccc(OC(F)F)c1
A094-B040-C069,A094,B040,C069,1.7558748556724917,57.0,21,0,2,NC(=O)c1cccc(CNC(=O)c2ccc3c(c2)N=C(Cc2ccc(C)cc2)N3CCN2CCOCC2)c1
A095-B041-C083,A095,B041,C083,1.7558748556724917,57.0,21,0,2,NC(=O)[C@H](CCC(N)=O)NC(=O)c1ccc2c(c1)N=C(c1cc(Br)ccc1OC)N2CC(=O)N1CCOCC1
A076-B020-C075,A076,B020,C075,1.7558748556724917,57.0,21,0,2,NC(=O)C(CC1CC1)NC(=O)c1ccc2c(c1)N=C(C1COC1)N2CC(O)CO
A007-B007-C001,A007,B007,C001,1.7558748556724917,57.0,21,0,2,NC(=O)[C@H](Cc1ccc(C#N)cc1)NC(=O)c1ccc2c(c1)N=C(c1ccc3cccnc3c1)N2CCNC(C)=O
A002-B068-C019,A002,B068,C019,1.7350663496842955,54.333333333333336,20,0,2,NC(=O)C(Cc1cn(C)cn1)NC(=O)c1ccc2c(c1)N=C(c1ncccc1O)N2CC1CCC(=O)N1
A090-B044-C003,A090,B044,C003,1.7350663496842955,54.333333333333336,20,0,2,NC(=O)C1CCCN1C1CCN(C(=O)c2ccc3c(c2)N=C(c2cc(OC)ccn2)N3Cc2cnn(C)c2)CC1
A055-B053-C030,A055,B053,C030,1.7350663496842955,54.333333333333336,20,0,2,NC(=O)[C@H](CCSC)NC(=O)c1ccc2c(c1)N=C(c1cc(C)c(O)c(C)c1)N2Cc1cncc(Br)c1
A035-B041-C002,A035,B041,C002,1.7350663496842955,54.333333333333336,20,0,3,NC(=O)CCNC(=O)c1ccc2c(c1)N=C(c1ccc(F)cc1)N2CC(=O)N1CCOCC1
A035-B067-C065,A035,B067,C065,1.7350663496842955,54.333333333333336,20,0,2,NC(=O)CCNC(=O)c1ccc2c(c1)N=C(c1cccc(OC)c1)N2CC1(C#N)CCOCC1
A011-B018-C035,A011,B018,C035,1.7350663496842955,54.333333333333336,20,0,2,NC(=O)[C@H](CCC)NC(=O)c1ccc2c(c1)N=C(c1cccnc1)N2C(C)c1ccc(OC)cc1
A023-B029-C026,A023,B029,C026,1.7350663496842955,54.333333333333336,20,0,2,NC(=O)[C@H](CCCCC1CCCC1)NC(=O)c1ccc2c(c1)N=C(c1ccc(N3CCCC3)cc1)N2C1CC2CN(C)CCN2C1
A091-B080-C067,A091,B080,C067,1.7350663496842955,54.333333333333336,20,0,3,NC(=O)c1cccc(NC(=O)c2ccc3c(c2)N=C(c2ccc4c(c2)OCCO4)N3Cc2ccnc(C)c2)c1
A086-B040-C003,A086,B040,C003,1.7350663496842955,54.333333333333336,20,0,3,NC(=O)[C@@H]1C[C@@H](c2ccccc2)CN1C(=O)c1ccc2c(c1)N=C(c1cc(OC)ccn1)N2CCN1CCOCC1
A047-B043-C017,A047,B043,C017,1.7350663496842955,54.333333333333336,20,0,2,NC(=O)[C@@H](CCC(N)=O)NC(=O)c1ccc2c(c1)N=C(c1ccc(Br)o1)N2Cc1ccc2c(c1)OCCO2
A006-B013-C065,A006,B013,C065,1.7350663496842955,54.333333333333336,20,0,2,NC(=O)[C@@H](CC1CCC1)NC(=O)c1ccc2c(c1)N=C(c1cccc(OC)c1)N2CC12CCC(CC1)O2
A024-B034-C069,A024,B034,C069,1.7350663496842955,54.333333333333336,20,0,2,NC(=O)[C@H](CC)NC(=O)c1ccc2c(c1)N=C(Cc1ccc(C)cc1)N2C(C)COC
A025-B024-C052,A025,B024,C052,1.7350663496842955,54.333333333333336,20,0,2,NC(=O)[C@H](Cc1ccc(OCC=C)cc1)NC(=O)c1ccc2c(c1)N=C(c1ccc(CO)cc1)N2Cc1nncn1C(C)C
A004-B014-C047,A004,B014,C047,1.713210443450629,51.66666666666666,19,0,2,NC(=O)[C@H](CCc1ccc(OC(C)(C)C)cc1)NC(=O)c1ccc2c(c1)N=C(c1cccs1)N2CCCc1ccccc1
A003-B069-C063,A003,B069,C063,1.713210443450629,51.66666666666666,19,0,3,NC(=O)[C@H](Cc1ccc(I)cc1)NC(=O)c1ccc2c(c1)N=C(c1cc(C)nc(C)c1)N2Cc1cccnc1
A012-B023-C072,A012,B023,C072,1.713210443450629,51.66666666666666,19,0,2,NC(=O)[C@H](Cc1ccncc1)NC(=O)c1ccc2c(c1)N=C(c1cncc(OC)c1)N2Cc1nc(CSC)no1
A031-B082-C090,A031,B082,C090,1.713210443450629,51.66666666666666,19,0,2,NC(=O)[C@H](CC(C)(C)C)NC(=O)c1ccc2c(c1)N=C(c1ccc(-c3ccc(OC)cc3)o1)N2Cc1cc(OC)cc(OC)c1
A011-B038-C057,A011,B038,C057,1.713210443450629,51.66666666666666,19,0,2,NC(=O)[C@H](CCC)NC(=O)c1ccc2c(c1)N=C(c1ccc(S(C)(=O)=O)cc1)N2CCN1CCCN(C)CC1
A083-B079-C034,A083,B079,C034,1.713210443450629,51.66666666666666,19,0,2,NC(=O)[C@H](CCCCNC(=O)c1cccnc1)NC(=O)c1ccc2c(c1)N=C(c1ccco1)N2Cc1ccc(NC(=O)CC)nc1
A072-B094-C090,A072,B094,C090,1.713210443450629,51.66666666666666,19,0,2,NC(=O)C(C)(C)NC(=O)c1ccc2c(c1)N=C(c1ccc(-c3ccc(OC)cc3)o1)N2C1CC(C)(C)N(C)C(C)(C)C1
A013-B074-C050,A013,B074,C050,1.713210443450629,51.66666666666666,19,0,2,NC(=O)[C@H](Cc1csc2ccccc12)NC(=O)c1ccc2c(c1)N=C(c1cccc3nc[nH]c13)N2Cc1cccc(N(C)C(C)=O)c1
A091-B052-C037,A091,B052,C037,1.713210443450629,51.66666666666666,19,0,2,NC(=O)c1cccc(NC(=O)c2ccc3c(c2)N=C(c2ccc(C)cc2)N3Cc2cn[nH]c2)c1
A074-B014-C042,A074,B014,C042,1.713210443450629,51.66666666666666,19,0,2,NC(=O)[C@H](Cc1cccnc1)NC(=O)c1ccc2c(c1)N=C(c1cnc3ccccc3n1)N2CCCc1ccccc1
A023-B062-C017,A023,B062,C017,1.713210443450629,51.66666666666666,19,0,2,NC(=O)[C@H](CCCCC1CCCC1)NC(=O)c1ccc2c(c1)N=C(c1ccc(Br)o1)N2Cc1[nH]cnc1C
A062-B067-C056,A062,B067,C056,1.713210443450629,51.66666666666666,19,0,2,NC(=O)[C@@H](NC(=O)c1ccc2c(c1)N=C(c1ccc(N(C)C)cc1)N2CC1(C#N)CCOCC1)C1CCCCC1
A038-B070-C029,A038,B070,C029,1.713210443450629,51.66666666666666,19,0,2,NC(=O)[C@@H](CC(N)=O)NC(=O)c1ccc2c(c1)N=C(c1ccc(NC(C)=O)cc1)N2Cc1ccc2[nH]ccc2c1
A094-B027-C026,A094,B027,C026,1.713210443450629,51.66666666666666,19,0,2,NC(=O)c1cccc(CNC(=O)c2ccc3c(c2)N=C(c2ccc(N4CCCC4)cc2)N3Cc2cccc(N3CCCC3)c2)c1
A087-B014-C009,A087,B014,C009,1.713210443450629,51.66666666666666,19,0,2,NC(=O)[C@@H](NC(=O)c1ccc2c(c1)N=C(c1cccc(C(F)(F)F)n1)N2CCCc1ccccc1)C1CCCC1
A086-B029-C039,A086,B029,C039,1.6901960800285136,49.0,18,0,2,NC(=O)[C@@H]1C[C@@H](c2ccccc2)CN1C(=O)c1ccc2c(c1)N=C(c1ccc(=O)[nH]c1)N2C1CC2CN(C)CCN2C1
A058-B083-C024,A058,B083,C024,1.6901960800285136,49.0,18,0,2,NC(=O)[C@@H](NC(=O)c1ccc2c(c1)N=C(c1cccc(OCC)c1)N2CCc1cccc(OC)c1)C(C)(C)C
A024-B044-C092,A024,B044,C092,1.6901960800285136,49.0,18,0,2,NC(=O)[C@H](CC)NC(=O)c1ccc2c(c1)N=C(c1ccc(N3CCCC3)c([N+](=O)[O-])c1)N2Cc1cnn(C)c1
A076-B023-C077,A076,B023,C077,1.6901960800285136,49.0,18,0,2,NC(=O)C(CC1CC1)NC(=O)c1ccc2c(c1)N=C(CC(C)C)N2Cc1nc(CSC)no1
A079-B009-C071,A079,B009,C071,1.6901960800285136,49.0,18,0,2,NC(=O)[C@H](Cc1ccccc1C)NC(=O)c1ccc2c(c1)N=C(c1cnc(N3CCOCC3)nc1)N2CCCN(CC)CC
A091-B032-C036,A091,B032,C036,1.6901960800285136,49.0,18,0,2,NC(=O)c1cccc(NC(=O)c2ccc3c(c2)N=C(c2cccc4c2OCO4)N3C(CCC)C(F)(F)F)c1
A084-B078-C035,A084,B078,C035,1.6901960800285136,49.0,18,0,2,NC(=O)[C@H](Cc1cscn1)NC(=O)c1ccc2c(c1)N=C(c1cccnc1)N2Cc1ccc(C)cc1
A076-B015-C004,A076,B015,C004,1.6901960800285136,49.0,18,0,2,NC(=O)C(CC1CC1)NC(=O)c1ccc2c(c1)N=C(c1ccc(O)cc1)N2CCc1cccc(Br)c1
A003-B075-C086,A003,B075,C086,1.6901960800285136,49.0,18,0,2,NC(=O)[C@H](Cc1ccc(I)cc1)NC(=O)c1ccc2c(c1)N=C(c1ccc(Cl)c(OC)c1)N2Cc1cccc(OC(F)F)c1
A062-B014-C017,A062,B014,C017,1.6901960800285136,49.0,18,0,2,NC(=O)[C@@H](NC(=O)c1ccc2c(c1)N=C(c1ccc(Br)o1)N2CCCc1ccccc1)C1CCCCC1
A012-B067-C034,A012,B067,C034,1.6901960800285136,49.0,18,0,3,NC(=O)[C@H](Cc1ccncc1)NC(=O)c1ccc2c(c1)N=C(c1ccco1)N2CC1(C#N)CCOCC1
A014-B071-C017,A014,B071,C017,1.6901960800285136,49.0,18,0,2,NC(=O)[C@H](Cc1ccccn1)NC(=O)c1ccc2c(c1)N=C(c1ccc(Br)o1)N2Cc1ccc2nccnc2c1
A034-B082-C017,A034,B082,C017,1.6901960800285136,49.0,18,0,2,NC(=O)[C@@H](C)NC(=O)c1ccc2c(c1)N=C(c1ccc(Br)o1)N2Cc1cc(OC)cc(OC)c1
A090-B079-C028,A090,B079,C028,1.6901960800285136,49.0,18,0,2,NC(=O)C1CCCN1C1CCN(C(=O)c2ccc3c(c2)N=C(c2ccc(N4CCOCC4)cc2)N3Cc2ccc(NC(=O)CC)nc2)CC1
A068-B027-C010,A068,B027,C010,1.6901960800285136,49.0,18,0,2,NC(=O)[C@H](CCCCN(C)C)NC(=O)c1ccc2c(c1)N=C(c1cn(C)cn1)N2Cc1cccc(N2CCCC2)c1
A060-B029-C038,A060,B029,C038,1.6901960800285136,49.0,18,0,2,NC(=O)[C@H](Cc1ccc(Br)cc1)NC(=O)c1ccc2c(c1)N=C(c1cc(F)cc(F)c1)N2C1CC2CN(C)CCN2C1
A024-B069-C067,A024,B069,C067,1.6901960800285136,49.0,18,0,3,NC(=O)[C@H](CC)NC(=O)c1ccc2c(c1)N=C(c1ccc3c(c1)OCCO3)N2Cc1cccnc1
A087-B054-C019,A087,B054,C019,1.6658935455344326,46.333333333333336,17,0,2,NC(=O)[C@@H](NC(=O)c1ccc2c(c1)N=C(c1ncccc1O)N2Cc1ccsc1)C1CCCC1
A048-B067-C060,A048,B067,C060,1.6658935455344326,46.333333333333336,17,0,2,NC(=O)[C@H](CC(C)C)NC(=O)c1ccc2c(c1)N=C(c1ccc(Br)c(F)c1)N2CC1(C#N)CCOCC1
A007-B032-C048,A007,B032,C048,1.6658935455344326,46.333333333333336,17,0,2,NC(=O)[C@H](Cc1ccc(C#N)cc1)NC(=O)c1ccc2c(c1)N=C(c1nnc[nH]1)N2C(CCC)C(F)(F)F
A094-B007-C038,A094,B007,C038,1.6658935455344326,46.333333333333336,17,0,2,NC(=O)c1cccc(CNC(=O)c2ccc3c(c2)N=C(c2cc(F)cc(F)c2)N3CCNC(C)=O)c1
A013-B029-C002,A013,B029,C002,1.6658935455344326,46.333333333333336,17,0,2,NC(=O)[C@H](Cc1csc2ccccc12)NC(=O)c1ccc2c(c1)N=C(c1ccc(F)cc1)N2C1CC2CN(C)CCN2C1
A075-B058-C031,A075,B058,C031,1.6658935455344326,46.333333333333336,17,0,2,NC(=O)[C@H](Cc1ccc(OC)c(OC)c1)NC(=O)c1ccc2c(c1)N=C(c1cnc[nH]1)N2Cc1ccc(OC)cc1OC
A090-B020-C064,A090,B020,C064,1.6658935455344326,46.333333333333336,17,0,2,NC(=O)C1CCCN1C1CCN(C(=O)c2ccc3c(c2)N=C(c2cnccn2)N3CC(O)CO)CC1
A091-B038-C001,A091,B038,C001,1.6658935455344326,46.333333333333336,17,0,2,NC(=O)c1cccc(NC(=O)c2ccc3c(c2)N=C(c2ccc4cccnc4c2)N3CCN2CCCN(C)CC2)c1
A011-B029-C027,A011,B029,C027,1.6658935455344326,46.333333333333336,17,0,2,NC(=O)[C@H](CCC)NC(=O)c1ccc2c(c1)N=C(c1ccc(C#N)cc1)N2C1CC2CN(C)CCN2C1
A036-B048-C025,A036,B048,C025,1.6658935455344326,46.333333333333336,17,0,2,NC(=O)C(CCC(=O)OC)NC(=O)c1ccc2c(c1)N=C(c1ncc[nH]1)N2C1CCN(C(C)C)CC1
A035-B063-C014,A035,B063,C014,1.6658935455344326,46.333333333333336,17,0,2,NC(=O)CCNC(=O)c1ccc2c(c1)N=C(c1nc3ccccc3[nH]1)N2Cc1ccco1
A014-B063-C028,A014,B063,C028,1.6658935455344326,46.333333333333336,17,0,2,NC(=O)[C@H](Cc1ccccn1)NC(=O)c1ccc2c(c1)N=C(c1ccc(N3CCOCC3)cc1)N2Cc1ccco1
A054-B070-C043,A054,B070,C043,1.6658935455344326,46.333333333333336,17,0,2,NC(=O)[C@H](CC(=O)OC)NC(=O)c1ccc2c(c1)N=C(c1cc3c(cc1Br)OCO3)N2Cc1ccc2[nH]ccc2c1
A038-B054-C077,A038,B054,C077,1.6401500409361018,43.66666666666666,16,0,2,NC(=O)[C@@H](CC(N)=O)NC(=O)c1ccc2c(c1)N=C(CC(C)C)N2Cc1ccsc1
A076-B081-C036,A076,B081,C036,1.6401500409361018,43.66666666666666,16,0,2,NC(=O)C(CC1CC1)NC(=O)c1ccc2c(c1)N=C(c1cccc3c1OCO3)N2Cc1ccc(S(=O)(=O)CC)cc1
A018-B034-C019,A018,B034,C019,1.6401500409361018,43.66666666666666,16,0,2,NC(=O)[C@H](Cc1ccc(Cl)c(Cl)c1)NC(=O)c1ccc2c(c1)N=C(c1ncccc1O)N2C(C)COC
A080-B068-C085,A080,B068,C085,1.6401500409361018,43.66666666666666,16,0,2,NC(=O)[C@@H]1[C@@H](c2ccccc2)CCN1C(=O)c1ccc2c(c1)N=C(c1ccc(OC)cc1)N2CC1CCC(=O)N1
A046-B014-C048,A046,B014,C048,1.6401500409361018,43.66666666666666,16,0,2,NC(=O)[C@@H](NC(=O)c1ccc2c(c1)N=C(c1nnc[nH]1)N2CCCc1ccccc1)C(C)C
A045-B074-C049,A045,B074,C049,1.6401500409361018,43.66666666666666,16,0,2,NC(=O)[C@@H]1CCCN1C(=O)c1ccc2c(c1)N=C(c1ccc(CC)o1)N2Cc1cccc(N(C)C(C)=O)c1
A091-B080-C064,A091,B080,C064,1.6401500409361018,43.66666666666666,16,0,2,NC(=O)c1cccc(NC(=O)c2ccc3c(c2)N=C(c2cnccn2)N3Cc2ccnc(C)c2)c1
A010-B031-C040,A010,B031,C040,1.6401500409361018,43.66666666666666,16,0,2,NC(=O)[C@H](Cc1ccsc1)NC(=O)c1ccc2c(c1)N=C(c1ccc3ccccc3n1)N2C1CCN(CC)CC1
A094-B081-C037,A094,B081,C037,1.6401500409361018,43.66666666666666,16,0,2,NC(=O)c1cccc(CNC(=O)c2ccc3c(c2)N=C(c2ccc(C)cc2)N3Cc2ccc(S(=O)(=O)CC)cc2)c1
A073-B056-C068,A073,B056,C068,1.6401500409361018,43.66666666666666,16,0,2,NC(=O)[C@@H](NC(=O)c1ccc2c(c1)N=C(c1cn[nH]c1)N2Cc1ccccc1OC)C1CC1
A035-B040-C030,A035,B040,C030,1.6353009244666414,43.18181818181818,59,1,2,NC(=O)CCNC(=O)c1ccc2c(c1)N=C(c1cc(C)c(O)c(C)c1)N2CCN1CCOCC1
A076-B068-C084,A076,B068,C084,1.6279241954078871,42.45454545454545,58,1,2,NC(=O)C(CC1CC1)NC(=O)c1ccc2c(c1)N=C(c1ccoc1)N2CC1CCC(=O)N1
A079-B068-C094,A079,B068,C094,1.6127838567197357,41.0,15,0,2,NC(=O)[C@H](Cc1ccccc1C)NC(=O)c1ccc2c(c1)N=C(c1cscn1)N2CC1CCC(=O)N1
A047-B079-C044,A047,B079,C044,1.6127838567197357,41.0,15,0,2,NC(=O)[C@@H](CCC(N)=O)NC(=O)c1ccc2c(c1)N=C(c1ccsc1)N2Cc1ccc(NC(=O)CC)nc1
A091-B058-C023,A091,B058,C023,1.6127838567197357,41.0,15,0,2,NC(=O)c1cccc(NC(=O)c2ccc3c(c2)N=C(c2nc4ccccc4n2C)N3Cc2ccc(OC)cc2OC)c1
A025-B013-C056,A025,B013,C056,1.6127838567197357,41.0,15,0,2,NC(=O)[C@H](Cc1ccc(OCC=C)cc1)NC(=O)c1ccc2c(c1)N=C(c1ccc(N(C)C)cc1)N2CC12CCC(CC1)O2
A014-B077-C043,A014,B077,C043,1.6127838567197357,41.0,15,0,3,NC(=O)[C@H](Cc1ccccn1)NC(=O)c1ccc2c(c1)N=C(c1cc3c(cc1Br)OCO3)N2Cc1ccc(CN(C)C)cc1
A084-B080-C006,A084,B080,C006,1.6127838567197357,41.0,15,0,2,NC(=O)[C@H](Cc1cscn1)NC(=O)c1ccc2c(c1)N=C(c1ccccc1O)N2Cc1ccnc(C)c1
A025-B081-C027,A025,B081,C027,1.6127838567197357,41.0,15,0,2,NC(=O)[C@H](Cc1ccc(OCC=C)cc1)NC(=O)c1ccc2c(c1)N=C(c1ccc(C#N)cc1)N2Cc1ccc(S(=O)(=O)CC)cc1
A076-B018-C066,A076,B018,C066,1.6127838567197357,41.0,15,0,2,NC(=O)C(CC1CC1)NC(=O)c1ccc2c(c1)N=C(c1ccc(F)cc1C)N2C(C)c1ccc(OC)cc1
A056-B085-C006,A056,B085,C006,1.6127838567197357,41.0,15,0,2,NC(=O)[C@H](Cc1ccccc1)N(C)C(=O)c1ccc2c(c1)N=C(c1ccccc1O)N2CC1COc2ccccc2O1
A095-B038-C089,A095,B038,C089,1.6127838567197357,41.0,15,0,2,NC(=O)[C@H](CCC(N)=O)NC(=O)c1ccc2c(c1)N=C(c1ccc(OC(C)=O)cc1)N2CCN1CCCN(C)CC1
A052-B058-C081,A052,B058,C081,1.6127838567197357,41.0,15,0,2,NC(=O)[C@H](CC(N)=O)NC(=O)c1ccc2c(c1)N=C(c1ccc(O)c(OC)c1)N2Cc1ccc(OC)cc1OC
A014-B082-C027,A014,B082,C027,1.6127838567197357,41.0,15,0,2,NC(=O)[C@H](Cc1ccccn1)NC(=O)c1ccc2c(c1)N=C(c1ccc(C#N)cc1)N2Cc1cc(OC)cc(OC)c1
A007-B015-C089,A007,B015,C089,1.6127838567197357,41.0,15,0,2,NC(=O)[C@H](Cc1ccc(C#N)cc1)NC(=O)c1ccc2c(c1)N=C(c1ccc(OC(C)=O)cc1)N2CCc1cccc(Br)c1
A004-B071-C022,A004,B071,C022,1.6127838567197357,41.0,15,0,2,NC(=O)[C@H](CCc1ccc(OC(C)(C)C)cc1)NC(=O)c1ccc2c(c1)N=C(c1ccc(C#N)nc1)N2Cc1ccc2nccnc2c1
A071-B008-C077,A071,B008,C077,1.6127838567197357,41.0,15,0,2,NC(=O)[C@H](Cc1ccco1)NC(=O)c1ccc2c(c1)N=C(CC(C)C)N2C
A003-B067-C008,A003,B067,C008,1.6127838567197357,41.0,15,0,2,NC(=O)[C@H](Cc1ccc(I)cc1)NC(=O)c1ccc2c(c1)N=C(c1cccc(O)c1)N2CC1(C#N)CCOCC1
A037-B082-C028,A037,B082,C028,1.6127838567197357,41.0,15,0,2,NC(=O)C(NC(=O)c1ccc2c(c1)N=C(c1ccc(N3CCOCC3)cc1)N2Cc1cc(OC)cc(OC)c1)C(C)OC
A075-B081-C096,A075,B081,C096,1.6127838567197357,41.0,15,0,2,NC(=O)[C@H](Cc1ccc(OC)c(OC)c1)NC(=O)c1ccc2c(c1)N=C(c1ccc(Cl)cc1O)N2Cc1ccc(S(=O)(=O)CC)cc1
A093-B076-C067,A093,B076,C067,1.6127838567197357,41.0,15,0,2,NC(=O)[C@H](CCC(=O)O)NC(=O)c1ccc2c(c1)N=C(c1ccc3c(c1)OCCO3)N2Cc1ccc(F)c(F)c1
A072-B018-C041,A072,B018,C041,1.6127838567197357,41.0,15,0,2,NC(=O)C(C)(C)NC(=O)c1ccc2c(c1)N=C(c1cccc3nccnc13)N2C(C)c1ccc(OC)cc1
A066-B080-C044,A066,B080,C044,1.6127838567197357,41.0,15,0,2,NC(=O)[C@H](Cc1ccc2ccccc2c1)NC(=O)c1ccc2c(c1)N=C(c1ccsc1)N2Cc1ccnc(C)c1
A002-B069-C094,A002,B069,C094,1.5835765856339492,38.333333333333336,14,0,2,NC(=O)C(Cc1cn(C)cn1)NC(=O)c1ccc2c(c1)N=C(c1cscn1)N2Cc1cccnc1
A076-B081-C068,A076,B081,C068,1.5835765856339492,38.333333333333336,14,0,2,NC(=O)C(CC1CC1)NC(=O)c1ccc2c(c1)N=C(c1cn[nH]c1)N2Cc1ccc(S(=O)(=O)CC)cc1
A081-B041-C005,A081,B041,C005,1.5835765856339492,38.333333333333336,14,0,2,NC(=O)[C@H](Cc1ccnc(Cl)c1)NC(=O)c1ccc2c(c1)N=C(c1ccc3[nH]ccc3c1)N2CC(=O)N1CCOCC1
A059-B046-C045,A059,B046,C045,1.5835765856339492,38.333333333333336,14,0,2,NC(=O)[C@@H](Cc1ccccc1)NC(=O)c1ccc2c(c1)N=C(c1n[nH]c3ccccc13)N2C1CCN(Cc2ccccc2)C1
A035-B039-C025,A035,B039,C025,1.5835765856339492,38.333333333333336,14,0,2,NC(=O)CCNC(=O)c1ccc2c(c1)N=C(c1ncc[nH]1)N2CC1CCCO1
A091-B050-C005,A091,B050,C005,1.5835765856339492,38.333333333333336,14,0,2,NC(=O)c1cccc(NC(=O)c2ccc3c(c2)N=C(c2ccc4[nH]ccc4c2)N3Cc2nnc3ccccn23)c1
A076-B067-C052,A076,B067,C052,1.5835765856339492,38.333333333333336,14,0,2,NC(=O)C(CC1CC1)NC(=O)c1ccc2c(c1)N=C(c1ccc(CO)cc1)N2CC1(C#N)CCOCC1
A036-B083-C036,A036,B083,C036,1.5835765856339492,38.333333333333336,14,0,2,NC(=O)C(CCC(=O)OC)NC(=O)c1ccc2c(c1)N=C(c1cccc3c1OCO3)N2CCc1cccc(OC)c1
A011-B055-C038,A011,B055,C038,1.5835765856339492,38.333333333333336,14,0,2,NC(=O)[C@H](CCC)NC(=O)c1ccc2c(c1)N=C(c1cc(F)cc(F)c1)N2CCc1ccc(OC)cc1
A007-B037-C071,A007,B037,C071,1.5835765856339492,38.333333333333336,14,0,2,NC(=O)[C@H](Cc1ccc(C#N)cc1)NC(=O)c1ccc2c(c1)N=C(c1cnc(N3CCOCC3)nc1)N2C(C)CN(C)C
A091-B081-C008,A091,B081,C008,1.5835765856339492,38.333333333333336,14,0,2,NC(=O)c1cccc(NC(=O)c2ccc3c(c2)N=C(c2cccc(O)c2)N3Cc2ccc(S(=O)(=O)CC)cc2)c1
A062-B050-C047,A062,B050,C047,1.5835765856339492,38.333333333333336,14,0,2,NC(=O)[C@@H](NC(=O)c1ccc2c(c1)N=C(c1cccs1)N2Cc1nnc2ccccn12)C1CCCCC1
A035-B074-C012,A035,B074,C012,1.5835765856339492,38.333333333333336,14,0,2,NC(=O)CCNC(=O)c1ccc2c(c1)N=C(c1cc3ccoc3cn1)N2Cc1cccc(N(C)C(C)=O)c1
A087-B044-C025,A087,B044,C025,1.5835765856339492,38.333333333333336,14,0,2,NC(=O)[C@@H](NC(=O)c1ccc2c(c1)N=C(c1ncc[nH]1)N2Cc1cnn(C)c1)C1CCCC1
A006-B056-C062,A006,B056,C062,1.5835765856339492,38.333333333333336,14,0,2,NC(=O)[C@@H](CC1CCC1)NC(=O)c1ccc2c(c1)N=C(c1cccc3c1OCCO3)N2Cc1ccccc1OC
A091-B063-C073,A091,B063,C073,1.5835765856339492,38.333333333333336,14,0,2,NC(=O)c1cccc(NC(=O)c2ccc3c(c2)N=C(CCC)N3Cc2ccco2)c1
A072-B081-C055,A072,B081,C055,1.5835765856339492,38.333333333333336,14,0,2,NC(=O)C(C)(C)NC(=O)c1ccc2c(c1)N=C(c1csc(Br)n1)N2Cc1ccc(S(=O)(=O)CC)cc1
A086-B076-C032,A086,B076,C032,1.5835765856339492,38.333333333333336,14,0,2,NC(=O)[C@@H]1C[C@@H](c2ccccc2)CN1C(=O)c1ccc2c(c1)N=C(c1ccc(C(F)(F)F)cn1)N2Cc1ccc(F)c(F)c1
A024-B074-C001,A024,B074,C001,1.5835765856339492,38.333333333333336,14,0,2,NC(=O)[C@H](CC)NC(=O)c1ccc2c(c1)N=C(c1ccc3cccnc3c1)N2Cc1cccc(N(C)C(C)=O)c1
A076-B082-C038,A076,B082,C038,1.5835765856339492,38.333333333333336,14,0,2,NC(=O)C(CC1CC1)NC(=O)c1ccc2c(c1)N=C(c1cc(F)cc(F)c1)N2Cc1cc(OC)cc(OC)c1
A076-B042-C049,A076,B042,C049,1.5835765856339492,38.333333333333336,14,0,2,NC(=O)C(CC1CC1)NC(=O)c1ccc2c(c1)N=C(c1ccc(CC)o1)N2CC1CCCCO1
A080-B009-C090,A080,B009,C090,1.5835765856339492,38.333333333333336,14,0,2,NC(=O)[C@@H]1[C@@H](c2ccccc2)CCN1C(=O)c1ccc2c(c1)N=C(c1ccc(-c3ccc(OC)cc3)o1)N2CCCN(CC)CC
A036-B042-C051,A036,B042,C051,1.5835765856339492,38.333333333333336,14,0,2,NC(=O)C(CCC(=O)OC)NC(=O)c1ccc2c(c1)N=C(c1cc(C)on1)N2CC1CCCCO1
A076-B071-C022,A076,B071,C022,1.5835765856339492,38.333333333333336,14,0,2,NC(=O)C(CC1CC1)NC(=O)c1ccc2c(c1)N=C(c1ccc(C#N)nc1)N2Cc1ccc2nccnc2c1
A082-B020-C064,A082,B020,C064,1.5835765856339492,38.333333333333336,14,0,2,NC(=O)[C@H](Cc1ccc(C(F)(F)F)cc1)NC(=O)c1ccc2c(c1)N=C(c1cnccn1)N2CC(O)CO
A077-B025-C035,A077,B025,C035,1.5835765856339492,38.333333333333336,14,0,2,NC(=O)[C@H]1CCCN(C(=O)c2ccc3c(c2)N=C(c2cccnc2)N3Cc2ccc(CN3CCN(C)CC3)cc2)C1
A017-B041-C035,A017,B041,C035,1.5835765856339492,38.333333333333336,14,0,2,NC(=O)[C@H](Cc1ccc(F)cc1)NC(=O)c1ccc2c(c1)N=C(c1cccnc1)N2CC(=O)N1CCOCC1
A010-B041-C018,A010,B041,C018,1.5835765856339492,38.333333333333336,14,0,2,NC(=O)[C@H](Cc1ccsc1)NC(=O)c1ccc2c(c1)N=C(c1ccc(C)nc1)N2CC(=O)N1CCOCC1
A091-B014-C067,A091,B014,C067,1.5835765856339492,38.333333333333336,14,0,2,NC(=O)c1cccc(NC(=O)c2ccc3c(c2)N=C(c2ccc4c(c2)OCCO4)N3CCCc2ccccc2)c1
A024-B063-C066,A024,B063,C066,1.5835765856339492,38.333333333333336,14,0,2,NC(=O)[C@H](CC)NC(=O)c1ccc2c(c1)N=C(c1ccc(F)cc1C)N2Cc1ccco1
A091-B064-C076,A091,B064,C076,1.5522625229655471,35.666666666666664,13,0,2,NC(=O)c1cccc(NC(=O)c2ccc3c(c2)N=C(C2CCN(C)CC2)N3Cc2cccs2)c1
A013-B092-C065,A013,B092,C065,1.5522625229655471,35.666666666666664,13,0,2,NC(=O)[C@H](Cc1csc2ccccc12)NC(=O)c1ccc2c(c1)N=C(c1cccc(OC)c1)N2Cc1ccc(CO)cc1
A061-B007-C058,A061,B007,C058,1.5522625229655471,35.666666666666664,13,0,2,NC(=O)CN(C)C(=O)c1ccc2c(c1)N=C(c1ccc3ccn(C)c3c1)N2CCNC(C)=O
A047-B082-C038,A047,B082,C038,1.5522625229655471,35.666666666666664,13,0,2,NC(=O)[C@@H](CCC(N)=O)NC(=O)c1ccc2c(c1)N=C(c1cc(F)cc(F)c1)N2Cc1cc(OC)cc(OC)c1
A083-B068-C058,A083,B068,C058,1.5522625229655471,35.666666666666664,13,0,3,NC(=O)[C@H](CCCCNC(=O)c1cccnc1)NC(=O)c1ccc2c(c1)N=C(c1ccc3ccn(C)c3c1)N2CC1CCC(=O)N1
A087-B071-C002,A087,B071,C002,1.5522625229655471,35.666666666666664,13,0,2,NC(=O)[C@@H](NC(=O)c1ccc2c(c1)N=C(c1ccc(F)cc1)N2Cc1ccc2nccnc2c1)C1CCCC1
A038-B079-C031,A038,B079,C031,1.5522625229655471,35.666666666666664,13,0,2,NC(=O)[C@@H](CC(N)=O)NC(=O)c1ccc2c(c1)N=C(c1cnc[nH]1)N2Cc1ccc(NC(=O)CC)nc1
A006-B069-C094,A006,B069,C094,1.5522625229655471,35.666666666666664,13,0,2,NC(=O)[C@@H](CC1CCC1)NC(=O)c1ccc2c(c1)N=C(c1cscn1)N2Cc1cccnc1
A073-B045-C069,A073,B045,C069,1.5522625229655471,35.666666666666664,13,0,2,NC(=O)[C@@H](NC(=O)c1ccc2c(c1)N=C(Cc1ccc(C)cc1)N2C1CCN(c2ncccn2)CC1)C1CC1
A091-B026-C069,A091,B026,C069,1.5522625229655471,35.666666666666664,13,0,3,NC(=O)c1cccc(NC(=O)c2ccc3c(c2)N=C(Cc2ccc(C)cc2)N3Cc2ccc(CN3CCCC3)cc2)c1
A023-B027-C060,A023,B027,C060,1.5522625229655471,35.666666666666664,13,0,2,NC(=O)[C@H](CCCCC1CCCC1)NC(=O)c1ccc2c(c1)N=C(c1ccc(Br)c(F)c1)N2Cc1cccc(N2CCCC2)c1
A076-B042-C072,A076,B042,C072,1.5522625229655471,35.666666666666664,13,0,2,NC(=O)C(CC1CC1)NC(=O)c1ccc2c(c1)N=C(c1cncc(OC)c1)N2CC1CCCCO1
A076-B081-C025,A076,B081,C025,1.5522625229655471,35.666666666666664,13,0,2,NC(=O)C(CC1CC1)NC(=O)c1ccc2c(c1)N=C(c1ncc[nH]1)N2Cc1ccc(S(=O)(=O)CC)cc1
A076-B053-C067,A076,B053,C067,1.5522625229655471,35.666666666666664,13,0,3,NC(=O)C(CC1CC1)NC(=O)c1ccc2c(c1)N=C(c1ccc3c(c1)OCCO3)N2Cc1cncc(Br)c1
A035-B040-C090,A035,B040,C090,1.5522625229655471,35.666666666666664,13,0,2,NC(=O)CCNC(=O)c1ccc2c(c1)N=C(c1ccc(-c3ccc(OC)cc3)o1)N2CCN1CCOCC1
A035-B044-C087,A035,B044,C087,1.5522625229655471,35.666666666666664,13,0,2,NC(=O)CCNC(=O)c1ccc2c(c1)N=C(c1ccc(C(=O)OC)cc1)N2Cc1cnn(C)c1
A071-B079-C051,A071,B079,C051,1.5522625229655471,35.666666666666664,13,0,2,NC(=O)[C@H](Cc1ccco1)NC(=O)c1ccc2c(c1)N=C(c1cc(C)on1)N2Cc1ccc(NC(=O)CC)nc1
A081-B044-C051,A081,B044,C051,1.5522625229655471,35.666666666666664,13,0,2,NC(=O)[C@H](Cc1ccnc(Cl)c1)NC(=O)c1ccc2c(c1)N=C(c1cc(C)on1)N2Cc1cnn(C)c1
A074-B081-C026,A074,B081,C026,1.5522625229655471,35.666666666666664,13,0,2,NC(=O)[C@H](Cc1cccnc1)NC(=O)c1ccc2c(c1)N=C(c1ccc(N3CCCC3)cc1)N2Cc1ccc(S(=O)(=O)CC)cc1
A048-B053-C073,A048,B053,C073,1.5522625229655471,35.666666666666664,13,0,2,NC(=O)[C@H](CC(C)C)NC(=O)c1ccc2c(c1)N=C(CCC)N2Cc1cncc(Br)c1
A094-B074-C026,A094,B074,C026,1.5522625229655471,35.666666666666664,13,0,2,NC(=O)c1cccc(CNC(=O)c2ccc3c(c2)N=C(c2ccc(N4CCCC4)cc2)N3Cc2cccc(N(C)C(C)=O)c2)c1
A091-B068-C057,A091,B068,C057,1.5522625229655471,35.666666666666664,13,0,2,NC(=O)c1cccc(NC(=O)c2ccc3c(c2)N=C(c2ccc(S(C)(=O)=O)cc2)N3CC2CCC(=O)N2)c1
A010-B083-C038,A010,B083,C038,1.5522625229655471,35.666666666666664,13,0,2,NC(=O)[C@H](Cc1ccsc1)NC(=O)c1ccc2c(c1)N=C(c1cc(F)cc(F)c1)N2CCc1cccc(OC)c1
A024-B065-C031,A024,B065,C031,1.5522625229655471,35.666666666666664,13,0,2,NC(=O)[C@H](CC)NC(=O)c1ccc2c(c1)N=C(c1cnc[nH]1)N2CC1(C)COC1
A086-B046-C056,A086,B046,C056,1.5522625229655471,35.666666666666664,13,0,2,NC(=O)[C@@H]1C[C@@H](c2ccccc2)CN1C(=O)c1ccc2c(c1)N=C(c1ccc(N(C)C)cc1)N2C1CCN(Cc2ccccc2)C1
A095-B007-C020,A095,B007,C020,1.5522625229655471,35.666666666666664,13,0,2,NC(=O)[C@H](CCC(N)=O)NC(=O)c1ccc2c(c1)N=C(c1cc(Br)ccc1O)N2CCNC(C)=O
A076-B041-C013,A076,B041,C013,1.5522625229655471,35.666666666666664,13,0,2,NC(=O)C(CC1CC1)NC(=O)c1ccc2c(c1)N=C(c1ccccc1)N2CC(=O)N1CCOCC1
A088-B010-C074,A088,B010,C074,1.5522625229655471,35.666666666666664,13,0,2,NC(=O)C1CCN(C(=O)c2ccc3c(c2)N=C(C(C)(C)C)N3CC2COC(C)(C)O2)CC1
A036-B044-C051,A036,B044,C051,1.5522625229655471,35.666666666666664,13,0,2,NC(=O)C(CCC(=O)OC)NC(=O)c1ccc2c(c1)N=C(c1cc(C)on1)N2Cc1cnn(C)c1
A023-B053-C076,A023,B053,C076,1.5522625229655471,35.666666666666664,13,0,2,NC(=O)[C@H](CCCCC1CCCC1)NC(=O)c1ccc2c(c1)N=C(C1CCN(C)CC1)N2Cc1cncc(Br)c1
A062-B084-C008,A062,B084,C008,1.5185139398778875,33.0,12,0,2,NC(=O)[C@@H](NC(=O)c1ccc2c(c1)N=C(c1cccc(O)c1)N2Cc1nccn1C)C1CCCCC1
A002-B046-C041,A002,B046,C041,1.5185139398778875,33.0,12,0,2,NC(=O)C(Cc1cn(C)cn1)NC(=O)c1ccc2c(c1)N=C(c1cccc3nccnc13)N2C1CCN(Cc2ccccc2)C1
A074-B026-C079,A074,B026,C079,1.5185139398778875,33.0,12,0,2,NC(=O)[C@H](Cc1cccnc1)NC(=O)c1ccc2c(c1)N=C(C(CC)CC)N2Cc1ccc(CN2CCCC2)cc1
A071-B083-C034,A071,B083,C034,1.5185139398778875,33.0,12,0,2,NC(=O)[C@H](Cc1ccco1)NC(=O)c1ccc2c(c1)N=C(c1ccco1)N2CCc1cccc(OC)c1
A082-B067-C033,A082,B067,C033,1.5185139398778875,33.0,12,0,2,NC(=O)[C@H](Cc1ccc(C(F)(F)F)cc1)NC(=O)c1ccc2c(c1)N=C(c1ccc(Cl)cc1)N2CC1(C#N)CCOCC1
A036-B052-C026,A036,B052,C026,1.5185139398778875,33.0,12,0,2,NC(=O)C(CCC(=O)OC)NC(=O)c1ccc2c(c1)N=C(c1ccc(N3CCCC3)cc1)N2Cc1cn[nH]c1
A062-B082-C064,A062,B082,C064,1.5185139398778875,33.0,12,0,2,NC(=O)[C@@H](NC(=O)c1ccc2c(c1)N=C(c1cnccn1)N2Cc1cc(OC)cc(OC)c1)C1CCCCC1
A091-B046-C020,A091,B046,C020,1.5185139398778875,33.0,12,0,2,NC(=O)c1cccc(NC(=O)c2ccc3c(c2)N=C(c2cc(Br)ccc2O)N3C2CCN(Cc3ccccc3)C2)c1
A006-B026-C011,A006,B026,C011,1.5185139398778875,33.0,12,0,2,NC(=O)[C@@H](CC1CCC1)NC(=O)c1ccc2c(c1)N=C(CCc1ccccc1)N2Cc1ccc(CN2CCCC2)cc1
A091-B076-C017,A091,B076,C017,1.5185139398778875,33.0,12,0,2,NC(=O)c1cccc(NC(=O)c2ccc3c(c2)N=C(c2ccc(Br)o2)N3Cc2ccc(F)c(F)c2)c1
A048-B081-C053,A048,B081,C053,1.5185139398778875,33.0,12,0,2,NC(=O)[C@H](CC(C)C)NC(=O)c1ccc2c(c1)N=C(C(C)c1ccccc1)N2Cc1ccc(S(=O)(=O)CC)cc1
A003-B056-C021,A003,B056,C021,1.5185139398778875,33.0,12,0,2,NC(=O)[C@H](Cc1ccc(I)cc1)NC(=O)c1ccc2c(c1)N=C(C1CCN(Cc3ccccc3)CC1)N2Cc1ccccc1OC
A086-B065-C060,A086,B065,C060,1.5185139398778875,33.0,12,0,2,NC(=O)[C@@H]1C[C@@H](c2ccccc2)CN1C(=O)c1ccc2c(c1)N=C(c1ccc(Br)c(F)c1)N2CC1(C)COC1
A084-B067-C085,A084,B067,C085,1.5185139398778875,33.0,12,0,2,NC(=O)[C@H](Cc1cscn1)NC(=O)c1ccc2c(c1)N=C(c1ccc(OC)cc1)N2CC1(C#N)CCOCC1
A085-B027-C034,A085,B027,C034,1.5185139398778875,33.0,12,0,2,NC(=O)[C@H](Cc1cn(Cc2ccccc2)cn1)NC(=O)c1ccc2c(c1)N=C(c1ccco1)N2Cc1cccc(N2CCCC2)c1
A076-B044-C006,A076,B044,C006,1.5185139398778875,33.0,12,0,2,NC(=O)C(CC1CC1)NC(=O)c1ccc2c(c1)N=C(c1ccccc1O)N2Cc1cnn(C)c1
A036-B052-C067,A036,B052,C067,1.5185139398778875,33.0,12,0,2,NC(=O)C(CCC(=O)OC)NC(=O)c1ccc2c(c1)N=C(c1ccc3c(c1)OCCO3)N2Cc1cn[nH]c1
A014-B083-C064,A014,B083,C064,1.5185139398778875,33.0,12,0,2,NC(=O)[C@H](Cc1ccccn1)NC(=O)c1ccc2c(c1)N=C(c1cnccn1)N2CCc1cccc(OC)c1
A076-B079-C040,A076,B079,C040,1.5185139398778875,33.0,12,0,2,NC(=O)C(CC1CC1)NC(=O)c1ccc2c(c1)N=C(c1ccc3ccccc3n1)N2Cc1ccc(NC(=O)CC)nc1
A088-B053-C064,A088,B053,C064,1.5185139398778875,33.0,12,0,2,NC(=O)C1CCN(C(=O)c2ccc3c(c2)N=C(c2cnccn2)N3Cc2cncc(Br)c2)CC1
A013-B064-C062,A013,B064,C062,1.5185139398778875,33.0,12,0,2,NC(=O)[C@H](Cc1csc2ccccc12)NC(=O)c1ccc2c(c1)N=C(c1cccc3c1OCCO3)N2Cc1cccs1
A075-B092-C001,A075,B092,C001,1.5185139398778875,33.0,12,0,2,NC(=O)[C@H](Cc1ccc(OC)c(OC)c1)NC(=O)c1ccc2c(c1)N=C(c1ccc3cccnc3c1)N2Cc1ccc(CO)cc1
A035-B068-C035,A035,B068,C035,1.5185139398778875,33.0,12,0,3,NC(=O)CCNC(=O)c1ccc2c(c1)N=C(c1cccnc1)N2CC1CCC(=O)N1
A087-B052-C024,A087,B052,C024,1.5185139398778875,33.0,12,0,2,NC(=O)[C@@H](NC(=O)c1ccc2c(c1)N=C(c1cccc(OCC)c1)N2Cc1cn[nH]c1)C1CCCC1
A012-B018-C080,A012,B018,C080,1.5185139398778875,33.0,12,0,2,NC(=O)[C@H](Cc1ccncc1)NC(=O)c1ccc2c(c1)N=C(c1cnc(C)[nH]1)N2C(C)c1ccc(OC)cc1
A012-B062-C003,A012,B062,C003,1.5185139398778875,33.0,12,0,2,NC(=O)[C@H](Cc1ccncc1)NC(=O)c1ccc2c(c1)N=C(c1cc(OC)ccn1)N2Cc1[nH]cnc1C
A052-B081-C050,A052,B081,C050,1.5185139398778875,33.0,12,0,2,NC(=O)[C@H](CC(N)=O)NC(=O)c1ccc2c(c1)N=C(c1cccc3nc[nH]c13)N2Cc1ccc(S(=O)(=O)CC)cc1
A076-B042-C037,A076,B042,C037,1.5185139398778875,33.0,12,0,2,NC(=O)C(CC1CC1)NC(=O)c1ccc2c(c1)N=C(c1ccc(C)cc1)N2CC1CCCCO1
A033-B078-C030,A033,B078,C030,1.5185139398778875,33.0,12,0,2,NC(=O)C(CCCCC=C)NC(=O)c1ccc2c(c1)N=C(c1cc(C)c(O)c(C)c1)N2Cc1ccc(C)cc1
A059-B081-C017,A059,B081,C017,1.5185139398778875,33.0,12,0,2,NC(=O)[C@@H](Cc1ccccc1)NC(=O)c1ccc2c(c1)N=C(c1ccc(Br)o1)N2Cc1ccc(S(=O)(=O)CC)cc1
A083-B041-C023,A083,B041,C023,1.5185139398778875,33.0,12,0,2,NC(=O)[C@H](CCCCNC(=O)c1cccnc1)NC(=O)c1ccc2c(c1)N=C(c1nc3ccccc3n1C)N2CC(=O)N1CCOCC1
A088-B079-C025,A088,B079,C025,1.5185139398778875,33.0,12,0,2,NC(=O)C1CCN(C(=O)c2ccc3c(c2)N=C(c2ncc[nH]2)N3Cc2ccc(NC(=O)CC)nc2)CC1
A094-B007-C032,A094,B007,C032,1.5185139398778875,33.0,12,0,2,NC(=O)c1cccc(CNC(=O)c2ccc3c(c2)N=C(c2ccc(C(F)(F)F)cn2)N3CCNC(C)=O)c1
A001-B053-C058,A001,B053,C058,1.5185139398778875,33.0,12,0,3,NC(=O)C[C@@H]1CCCN1C(=O)c1ccc2c(c1)N=C(c1ccc3ccn(C)c3c1)N2Cc1cncc(Br)c1
A091-B041-C022,A091,B041,C022,1.5185139398778875,33.0,12,0,2,NC(=O)c1cccc(NC(=O)c2ccc3c(c2)N=C(c2ccc(C#N)nc2)N3CC(=O)N2CCOCC2)c1
A091-B023-C079,A091,B023,C079,1.5185139398778875,33.0,12,0,2,NC(=O)c1cccc(NC(=O)c2ccc3c(c2)N=C(C(CC)CC)N3Cc2nc(CSC)no2)c1
A086-B064-C054,A086,B064,C054,1.5185139398778875,33.0,12,0,2,NC(=O)[C@@H]1C[C@@H](c2ccccc2)CN1C(=O)c1ccc2c(c1)N=C(c1ccc3c(ccn3C)c1)N2Cc1cccs1
A074-B053-C089,A074,B053,C089,1.5185139398778875,33.0,12,0,2,NC(=O)[C@H](Cc1cccnc1)NC(=O)c1ccc2c(c1)N=C(c1ccc(OC(C)=O)cc1)N2Cc1cncc(Br)c1
A014-B071-C012,A014,B071,C012,1.5185139398778875,33.0,12,0,2,NC(=O)[C@H](Cc1ccccn1)NC(=O)c1ccc2c(c1)N=C(c1cc3ccoc3cn1)N2Cc1ccc2nccnc2c1
A074-B051-C052,A074,B051,C052,1.5185139398778875,33.0,12,0,2,NC(=O)[C@H](Cc1cccnc1)NC(=O)c1ccc2c(c1)N=C(c1ccc(CO)cc1)N2Cc1cc[nH]c1
A076-B041-C015,A076,B041,C015,1.5185139398778875,33.0,12,0,2,NC(=O)C(CC1CC1)NC(=O)c1ccc2c(c1)N=C(c1ncc3ccccn13)N2CC(=O)N1CCOCC1
A083-B053-C043,A083,B053,C043,1.5185139398778875,33.0,12,0,2,NC(=O)[C@H](CCCCNC(=O)c1cccnc1)NC(=O)c1ccc2c(c1)N=C(c1cc3c(cc1Br)OCO3)N2Cc1cncc(Br)c1
A023-B041-C060,A023,B041,C060,1.5185139398778875,33.0,12,0,2,NC(=O)[C@H](CCCCC1CCCC1)NC(=O)c1ccc2c(c1)N=C(c1ccc(Br)c(F)c1)N2CC(=O)N1CCOCC1
A038-B014-C079,A038,B014,C079,1.4819201376014313,30.33333333333333,11,0,2,NC(=O)[C@@H](CC(N)=O)NC(=O)c1ccc2c(c1)N=C(C(CC)CC)N2CCCc1ccccc1
A036-B046-C078,A036,B046,C078,1.4819201376014313,30.33333333333333,11,0,2,NC(=O)C(CCC(=O)OC)NC(=O)c1ccc2c(c1)N=C(c1[nH]c(-c3ccccc3)nc1Cl)N2C1CCN(Cc2ccccc2)C1
A083-B051-C073,A083,B051,C073,1.4819201376014313,30.33333333333333,11,0,2,NC(=O)[C@H](CCCCNC(=O)c1cccnc1)NC(=O)c1ccc2c(c1)N=C(CCC)N2Cc1cc[nH]c1
A090-B095-C013,A090,B095,C013,1.4819201376014313,30.33333333333333,11,0,2,NC(=O)C1CCCN1C1CCN(C(=O)c2ccc3c(c2)N=C(c2ccccc2)N3C2CCNCC2)CC1
A047-B075-C066,A047,B075,C066,1.4819201376014313,30.33333333333333,11,0,2,NC(=O)[C@@H](CCC(N)=O)NC(=O)c1ccc2c(c1)N=C(c1ccc(F)cc1C)N2Cc1cccc(OC(F)F)c1
A085-B053-C069,A085,B053,C069,1.4819201376014313,30.33333333333333,11,0,2,NC(=O)[C@H](Cc1cn(Cc2ccccc2)cn1)NC(=O)c1ccc2c(c1)N=C(Cc1ccc(C)cc1)N2Cc1cncc(Br)c1
A003-B071-C001,A003,B071,C001,1.4819201376014313,30.33333333333333,11,0,2,NC(=O)[C@H](Cc1ccc(I)cc1)NC(=O)c1ccc2c(c1)N=C(c1ccc3cccnc3c1)N2Cc1ccc2nccnc2c1
A084-B055-C002,A084,B055,C002,1.4819201376014313,30.33333333333333,11,0,2,NC(=O)[C@H](Cc1cscn1)NC(=O)c1ccc2c(c1)N=C(c1ccc(F)cc1)N2CCc1ccc(OC)cc1
A071-B083-C037,A071,B083,C037,1.4819201376014313,30.33333333333333,11,0,2,NC(=O)[C@H](Cc1ccco1)NC(=O)c1ccc2c(c1)N=C(c1ccc(C)cc1)N2CCc1cccc(OC)c1
A076-B068-C094,A076,B068,C094,1.4819201376014313,30.33333333333333,11,0,2,NC(=O)C(CC1CC1)NC(=O)c1ccc2c(c1)N=C(c1cscn1)N2CC1CCC(=O)N1
A026-B041-C022,A026,B041,C022,1.4819201376014313,30.33333333333333,11,0,2,NC(=O)C(COC)NC(=O)c1ccc2c(c1)N=C(c1ccc(C#N)nc1)N2CC(=O)N1CCOCC1
A071-B053-C070,A071,B053,C070,1.4819201376014313,30.33333333333333,11,0,2,NC(=O)[C@H](Cc1ccco1)NC(=O)c1ccc2c(c1)N=C(Cc1ccccc1)N2Cc1cncc(Br)c1
A008-B023-C086,A008,B023,C086,1.4819201376014313,30.33333333333333,11,0,2,NC(=O)[C@H](Cc1cccs1)NC(=O)c1ccc2c(c1)N=C(c1ccc(Cl)c(OC)c1)N2Cc1nc(CSC)no1
A076-B007-C093,A076,B007,C093,1.4819201376014313,30.33333333333333,11,0,2,NC(=O)C(CC1CC1)NC(=O)c1ccc2c(c1)N=C(c1ccc(C)c([N+](=O)[O-])c1)N2CCNC(C)=O
A009-B023-C047,A009,B023,C047,1.4819201376014313,30.33333333333333,11,0,2,NC(=O)C[C@H](Cc1ccccc1)NC(=O)c1ccc2c(c1)N=C(c1cccs1)N2Cc1nc(CSC)no1
A095-B079-C054,A095,B079,C054,1.4819201376014313,30.33333333333333,11,0,2,NC(=O)[C@H](CCC(N)=O)NC(=O)c1ccc2c(c1)N=C(c1ccc3c(ccn3C)c1)N2Cc1ccc(NC(=O)CC)nc1
A088-B075-C062,A088,B075,C062,1.4819201376014313,30.33333333333333,11,0,3,NC(=O)C1CCN(C(=O)c2ccc3c(c2)N=C(c2cccc4c2OCCO4)N3Cc2cccc(OC(F)F)c2)CC1
A028-B068-C091,A028,B068,C091,1.4819201376014313,30.33333333333333,11,0,2,NC(=O)[C@H](CCCCc1ccccc1)NC(=O)c1ccc2c(c1)N=C(c1ccc(-c3ccc(Cl)cc3)o1)N2CC1CCC(=O)N1
A014-B082-C021,A014,B082,C021,1.4819201376014313,30.33333333333333,11,0,2,NC(=O)[C@H](Cc1ccccn1)NC(=O)c1ccc2c(c1)N=C(C1CCN(Cc3ccccc3)CC1)N2Cc1cc(OC)cc(OC)c1
A014-B068-C051,A014,B068,C051,1.4819201376014313,30.33333333333333,11,0,2,NC(=O)[C@H](Cc1ccccn1)NC(=O)c1ccc2c(c1)N=C(c1cc(C)on1)N2CC1CCC(=O)N1
A002-B058-C028,A002,B058,C028,1.4819201376014313,30.33333333333333,11,0,2,NC(=O)C(Cc1cn(C)cn1)NC(=O)c1ccc2c(c1)N=C(c1ccc(N3CCOCC3)cc1)N2Cc1ccc(OC)cc1OC
A006-B029-C059,A006,B029,C059,1.4819201376014313,30.33333333333333,11,0,2,NC(=O)[C@@H](CC1CCC1)NC(=O)c1ccc2c(c1)N=C(c1cccc(S(C)(=O)=O)c1)N2C1CC2CN(C)CCN2C1
A094-B018-C031,A094,B018,C031,1.4819201376014313,30.33333333333333,11,0,2,NC(=O)c1cccc(CNC(=O)c2ccc3c(c2)N=C(c2cnc[nH]2)N3C(C)c2ccc(OC)cc2)c1
A094-B020-C024,A094,B020,C024,1.4819201376014313,30.33333333333333,11,0,2,NC(=O)c1cccc(CNC(=O)c2ccc3c(c2)N=C(c2cccc(OCC)c2)N3CC(O)CO)c1
A073-B046-C013,A073,B046,C013,1.4819201376014313,30.33333333333333,11,0,2,NC(=O)[C@@H](NC(=O)c1ccc2c(c1)N=C(c1ccccc1)N2C1CCN(Cc2ccccc2)C1)C1CC1
A091-B044-C001,A091,B044,C001,1.4819201376014313,30.33333333333333,11,0,2,NC(=O)c1cccc(NC(=O)c2ccc3c(c2)N=C(c2ccc4cccnc4c2)N3Cc2cnn(C)c2)c1
A023-B016-C024,A023,B016,C024,1.4819201376014313,30.33333333333333,11,0,2,NC(=O)[C@H](CCCCC1CCCC1)NC(=O)c1ccc2c(c1)N=C(c1cccc(OCC)c1)N2C(CC)CC
A094-B077-C041,A094,B077,C041,1.4819201376014313,30.33333333333333,11,0,2,NC(=O)c1cccc(CNC(=O)c2ccc3c(c2)N=C(c2cccc4nccnc24)N3Cc2ccc(CN(C)C)cc2)c1
A076-B079-C055,A076,B079,C055,1.4819201376014313,30.33333333333333,11,0,2,NC(=O)C(CC1CC1)NC(=O)c1ccc2c(c1)N=C(c1csc(Br)n1)N2Cc1ccc(NC(=O)CC)nc1
A093-B065-C096,A093,B065,C096,1.4819201376014313,30.33333333333333,11,0,2,NC(=O)[C@H](CCC(=O)O)NC(=O)c1ccc2c(c1)N=C(c1ccc(Cl)cc1O)N2CC1(C)COC1
A087-B051-C016,A087,B051,C016,1.4819201376014313,30.33333333333333,11,0,2,NC(=O)[C@@H](NC(=O)c1ccc2c(c1)N=C(C1CCOCC1)N2Cc1cc[nH]c1)C1CCCC1
A084-B065-C041,A084,B065,C041,1.4819201376014313,30.33333333333333,11,0,2,NC(=O)[C@H](Cc1cscn1)NC(=O)c1ccc2c(c1)N=C(c1cccc3nccnc13)N2CC1(C)COC1
A023-B080-C089,A023,B080,C089,1.4819201376014313,30.33333333333333,11,0,2,NC(=O)[C@H](CCCCC1CCCC1)NC(=O)c1ccc2c(c1)N=C(c1ccc(OC(C)=O)cc1)N2Cc1ccnc(C)c1
A035-B002-C051,A035,B002,C051,1.4819201376014313,30.33333333333333,11,0,2,NC(=O)CCNC(=O)c1ccc2c(c1)N=C(c1cc(C)on1)N2Cc1ccc(-n2cccn2)nc1
A014-B044-C032,A014,B044,C032,1.4819201376014313,30.33333333333333,11,0,2,NC(=O)[C@H](Cc1ccccn1)NC(=O)c1ccc2c(c1)N=C(c1ccc(C(F)(F)F)cn1)N2Cc1cnn(C)c1
A012-B053-C017,A012,B053,C017,1.4819201376014313,30.33333333333333,11,0,2,NC(=O)[C@H](Cc1ccncc1)NC(=O)c1ccc2c(c1)N=C(c1ccc(Br)o1)N2Cc1cncc(Br)c1
A025-B079-C048,A025,B079,C048,1.4819201376014313,30.33333333333333,11,0,2,NC(=O)[C@H](Cc1ccc(OCC=C)cc1)NC(=O)c1ccc2c(c1)N=C(c1nnc[nH]1)N2Cc1ccc(NC(=O)CC)nc1
A005-B052-C048,A005,B052,C048,1.4819201376014313,30.33333333333333,11,0,2,NC(=O)[C@H](Cc1cccc(OC)c1)NC(=O)c1ccc2c(c1)N=C(c1nnc[nH]1)N2Cc1cn[nH]c1
A025-B076-C032,A025,B076,C032,1.4819201376014313,30.33333333333333,11,0,2,NC(=O)[C@H](Cc1ccc(OCC=C)cc1)NC(=O)c1ccc2c(c1)N=C(c1ccc(C(F)(F)F)cn1)N2Cc1ccc(F)c(F)c1
A003-B053-C053,A003,B053,C053,1.4819201376014313,30.33333333333333,11,0,2,NC(=O)[C@H](Cc1ccc(I)cc1)NC(=O)c1ccc2c(c1)N=C(C(C)c1ccccc1)N2Cc1cncc(Br)c1
A076-B081-C071,A076,B081,C071,1.4819201376014313,30.33333333333333,11,0,2,NC(=O)C(CC1CC1)NC(=O)c1ccc2c(c1)N=C(c1cnc(N3CCOCC3)nc1)N2Cc1ccc(S(=O)(=O)CC)cc1
A050-B079-C056,A050,B079,C056,1.4819201376014313,30.33333333333333,11,0,2,NC(=O)[C@@H](Cc1ccccn1)NC(=O)c1ccc2c(c1)N=C(c1ccc(N(C)C)cc1)N2Cc1ccc(NC(=O)CC)nc1
A002-B071-C009,A002,B071,C009,1.4819201376014313,30.33333333333333,11,0,2,NC(=O)C(Cc1cn(C)cn1)NC(=O)c1ccc2c(c1)N=C(c1cccc(C(F)(F)F)n1)N2Cc1ccc2nccnc2c1
A095-B078-C073,A095,B078,C073,1.4457456903189614,27.90909090909091,38,1,2,NC(=O)[C@H](CCC(N)=O)NC(=O)c1ccc2c(c1)N=C(CCC)N2Cc1ccc(C)cc1
A087-B075-C070,A087,B075,C070,1.4419568376564116,27.666666666666668,10,0,2,NC(=O)[C@@H](NC(=O)c1ccc2c(c1)N=C(Cc1ccccc1)N2Cc1cccc(OC(F)F)c1)C1CCCC1
A068-B065-C054,A068,B065,C054,1.4419568376564116,27.666666666666668,10,0,2,NC(=O)[C@H](CCCCN(C)C)NC(=O)c1ccc2c(c1)N=C(c1ccc3c(ccn3C)c1)N2CC1(C)COC1
A012-B044-C060,A012,B044,C060,1.4419568376564116,27.666666666666668,10,0,2,NC(=O)[C@H](Cc1ccncc1)NC(=O)c1ccc2c(c1)N=C(c1ccc(Br)c(F)c1)N2Cc1cnn(C)c1
A036-B067-C051,A036,B067,C051,1.4419568376564116,27.666666666666668,10,0,2,NC(=O)C(CCC(=O)OC)NC(=O)c1ccc2c(c1)N=C(c1cc(C)on1)N2CC1(C#N)CCOCC1
A013-B079-C093,A013,B079,C093,1.4419568376564116,27.666666666666668,10,0,2,NC(=O)[C@H](Cc1csc2ccccc12)NC(=O)c1ccc2c(c1)N=C(c1ccc(C)c([N+](=O)[O-])c1)N2Cc1ccc(NC(=O)CC)nc1
A006-B042-C029,A006,B042,C029,1.4419568376564116,27.666666666666668,10,0,2,NC(=O)[C@@H](CC1CCC1)NC(=O)c1ccc2c(c1)N=C(c1ccc(NC(C)=O)cc1)N2CC1CCCCO1
A082-B053-C067,A082,B053,C067,1.4419568376564116,27.666666666666668,10,0,2,NC(=O)[C@H](Cc1ccc(C(F)(F)F)cc1)NC(=O)c1ccc2c(c1)N=C(c1ccc3c(c1)OCCO3)N2Cc1cncc(Br)c1
A006-B077-C072,A006,B077,C072,1.4419568376564116,27.666666666666668,10,0,2,NC(=O)[C@@H](CC1CCC1)NC(=O)c1ccc2c(c1)N=C(c1cncc(OC)c1)N2Cc1ccc(CN(C)C)cc1
A012-B023-C022,A012,B023,C022,1.4419568376564116,27.666666666666668,10,0,2,NC(=O)[C@H](Cc1ccncc1)NC(=O)c1ccc2c(c1)N=C(c1ccc(C#N)nc1)N2Cc1nc(CSC)no1
A036-B089-C069,A036,B089,C069,1.4419568376564116,27.666666666666668,10,0,2,NC(=O)C(CCC(=O)OC)NC(=O)c1ccc2c(c1)N=C(Cc1ccc(C)cc1)N2Cc1ccc(=O)[nH]c1
A014-B083-C081,A014,B083,C081,1.4419568376564116,27.666666666666668,10,0,2,NC(=O)[C@H](Cc1ccccn1)NC(=O)c1ccc2c(c1)N=C(c1ccc(O)c(OC)c1)N2CCc1cccc(OC)c1
A095-B075-C036,A095,B075,C036,1.4419568376564116,27.666666666666668,10,0,2,NC(=O)[C@H](CCC(N)=O)NC(=O)c1ccc2c(c1)N=C(c1cccc3c1OCO3)N2Cc1cccc(OC(F)F)c1
A034-B075-C028,A034,B075,C028,1.4419568376564116,27.666666666666668,10,0,2,NC(=O)[C@@H](C)NC(=O)c1ccc2c(c1)N=C(c1ccc(N3CCOCC3)cc1)N2Cc1cccc(OC(F)F)c1
A023-B080-C003,A023,B080,C003,1.4419568376564116,27.666666666666668,10,0,2,NC(=O)[C@H](CCCCC1CCCC1)NC(=O)c1ccc2c(c1)N=C(c1cc(OC)ccn1)N2Cc1ccnc(C)c1
A095-B058-C053,A095,B058,C053,1.4419568376564116,27.666666666666668,10,0,2,NC(=O)[C@H](CCC(N)=O)NC(=O)c1ccc2c(c1)N=C(C(C)c1ccccc1)N2Cc1ccc(OC)cc1OC
A091-B067-C064,A091,B067,C064,1.4419568376564116,27.666666666666668,10,0,2,NC(=O)c1cccc(NC(=O)c2ccc3c(c2)N=C(c2cnccn2)N3CC2(C#N)CCOCC2)c1
A048-B043-C073,A048,B043,C073,1.4419568376564116,27.666666666666668,10,0,2,NC(=O)[C@H](CC(C)C)NC(=O)c1ccc2c(c1)N=C(CCC)N2Cc1ccc2c(c1)OCCO2
A018-B093-C044,A018,B093,C044,1.4419568376564116,27.666666666666668,10,0,2,NC(=O)[C@H](Cc1ccc(Cl)c(Cl)c1)NC(=O)c1ccc2c(c1)N=C(c1ccsc1)N2CCC1CCCN1C
A028-B083-C067,A028,B083,C067,1.4419568376564116,27.666666666666668,10,0,2,NC(=O)[C@H](CCCCc1ccccc1)NC(=O)c1ccc2c(c1)N=C(c1ccc3c(c1)OCCO3)N2CCc1cccc(OC)c1
A091-B044-C083,A091,B044,C083,1.4419568376564116,27.666666666666668,10,0,2,NC(=O)c1cccc(NC(=O)c2ccc3c(c2)N=C(c2cc(Br)ccc2OC)N3Cc2cnn(C)c2)c1
A069-B046-C078,A069,B046,C078,1.4419568376564116,27.666666666666668,10,0,2,NC(=O)[C@H](CCCCN(CC)CC)NC(=O)c1ccc2c(c1)N=C(c1[nH]c(-c3ccccc3)nc1Cl)N2C1CCN(Cc2ccccc2)C1
A050-B093-C017,A050,B093,C017,1.4419568376564116,27.666666666666668,10,0,2,NC(=O)[C@@H](Cc1ccccn1)NC(=O)c1ccc2c(c1)N=C(c1ccc(Br)o1)N2CCC1CCCN1C
A050-B042-C096,A050,B042,C096,1.4419568376564116,27.666666666666668,10,0,2,NC(=O)[C@@H](Cc1ccccn1)NC(=O)c1ccc2c(c1)N=C(c1ccc(Cl)cc1O)N2CC1CCCCO1
A035-B044-C045,A035,B044,C045,1.4419568376564116,27.666666666666668,10,0,2,NC(=O)CCNC(=O)c1ccc2c(c1)N=C(c1n[nH]c3ccccc13)N2Cc1cnn(C)c1
A013-B078-C035,A013,B078,C035,1.4419568376564116,27.666666666666668,10,0,2,NC(=O)[C@H](Cc1csc2ccccc12)NC(=O)c1ccc2c(c1)N=C(c1cccnc1)N2Cc1ccc(C)cc1
A091-B067-C048,A091,B067,C048,1.4419568376564116,27.666666666666668,10,0,2,NC(=O)c1cccc(NC(=O)c2ccc3c(c2)N=C(c2nnc[nH]2)N3CC2(C#N)CCOCC2)c1
A076-B081-C072,A076,B081,C072,1.4419568376564116,27.666666666666668,10,0,3,NC(=O)C(CC1CC1)NC(=O)c1ccc2c(c1)N=C(c1cncc(OC)c1)N2Cc1ccc(S(=O)(=O)CC)cc1
A012-B083-C043,A012,B083,C043,1.4419568376564116,27.666666666666668,10,0,2,NC(=O)[C@H](Cc1ccncc1)NC(=O)c1ccc2c(c1)N=C(c1cc3c(cc1Br)OCO3)N2CCc1cccc(OC)c1
A076-B053-C059,A076,B053,C059,1.4419568376564116,27.666666666666668,10,0,2,NC(=O)C(CC1CC1)NC(=O)c1ccc2c(c1)N=C(c1cccc(S(C)(=O)=O)c1)N2Cc1cncc(Br)c1
A072-B055-C018,A072,B055,C018,1.4419568376564116,27.666666666666668,10,0,2,NC(=O)C(C)(C)NC(=O)c1ccc2c(c1)N=C(c1ccc(C)nc1)N2CCc1ccc(OC)cc1
A013-B027-C035,A013,B027,C035,1.4419568376564116,27.666666666666668,10,0,2,NC(=O)[C@H](Cc1csc2ccccc12)NC(=O)c1ccc2c(c1)N=C(c1cccnc1)N2Cc1cccc(N2CCCC2)c1
A036-B064-C045,A036,B064,C045,1.4419568376564116,27.666666666666668,10,0,2,NC(=O)C(CCC(=O)OC)NC(=O)c1ccc2c(c1)N=C(c1n[nH]c3ccccc13)N2Cc1cccs1
A061-B053-C090,A061,B053,C090,1.4419568376564116,27.666666666666668,10,0,3,NC(=O)CN(C)C(=O)c1ccc2c(c1)N=C(c1ccc(-c3ccc(OC)cc3)o1)N2Cc1cncc(Br)c1
A038-B064-C082,A038,B064,C082,1.4419568376564116,27.666666666666668,10,0,2,NC(=O)[C@@H](CC(N)=O)NC(=O)c1ccc2c(c1)N=C(c1ccccc1C)N2Cc1cccs1
A023-B013-C022,A023,B013,C022,1.4419568376564116,27.666666666666668,10,0,2,NC(=O)[C@H](CCCCC1CCCC1)NC(=O)c1ccc2c(c1)N=C(c1ccc(C#N)nc1)N2CC12CCC(CC1)O2
A076-B014-C032,A076,B014,C032,1.4419568376564116,27.666666666666668,10,0,2,NC(=O)C(CC1CC1)NC(=O)c1ccc2c(c1)N=C(c1ccc(C(F)(F)F)cn1)N2CCCc1ccccc1
A057-B056-C049,A057,B056,C049,1.4419568376564116,27.666666666666668,10,0,2,NC(=O)[C@H](Cc1ccccc1)NC(=O)c1ccc2c(c1)N=C(c1ccc(CC)o1)N2Cc1ccccc1OC
A011-B064-C080,A011,B064,C080,1.4419568376564116,27.666666666666668,10,0,2,NC(=O)[C@H](CCC)NC(=O)c1ccc2c(c1)N=C(c1cnc(C)[nH]1)N2Cc1cccs1
A035-B074-C050,A035,B074,C050,1.4419568376564116,27.666666666666668,10,0,2,NC(=O)CCNC(=O)c1ccc2c(c1)N=C(c1cccc3nc[nH]c13)N2Cc1cccc(N(C)C(C)=O)c1
A074-B092-C009,A074,B092,C009,1.4419568376564116,27.666666666666668,10,0,2,NC(=O)[C@H](Cc1cccnc1)NC(=O)c1ccc2c(c1)N=C(c1cccc(C(F)(F)F)n1)N2Cc1ccc(CO)cc1
A035-B074-C085,A035,B074,C085,1.4419568376564116,27.666666666666668,10,0,2,NC(=O)CCNC(=O)c1ccc2c(c1)N=C(c1ccc(OC)cc1)N2Cc1cccc(N(C)C(C)=O)c1
A095-B031-C084,A095,B031,C084,1.4419568376564116,27.666666666666668,10,0,2,NC(=O)[C@H](CCC(N)=O)NC(=O)c1ccc2c(c1)N=C(c1ccoc1)N2C1CCN(CC)CC1
A091-B018-C076,A091,B018,C076,1.4419568376564116,27.666666666666668,10,0,2,NC(=O)c1cccc(NC(=O)c2ccc3c(c2)N=C(C2CCN(C)CC2)N3C(C)c2ccc(OC)cc2)c1
A031-B076-C017,A031,B076,C017,1.4419568376564116,27.666666666666668,10,0,2,NC(=O)[C@H](CC(C)(C)C)NC(=O)c1ccc2c(c1)N=C(c1ccc(Br)o1)N2Cc1ccc(F)c(F)c1
A089-B079-C013,A089,B079,C013,1.4419568376564116,27.666666666666668,10,0,2,NC(=O)[C@H](CCCC)NC(=O)c1ccc2c(c1)N=C(c1ccccc1)N2Cc1ccc(NC(=O)CC)nc1
A037-B068-C025,A037,B068,C025,1.4419568376564116,27.666666666666668,10,0,2,NC(=O)C(NC(=O)c1ccc2c(c1)N=C(c1ncc[nH]1)N2CC1CCC(=O)N1)C(C)OC
A014-B025-C082,A014,B025,C082,1.4419568376564116,27.666666666666668,10,0,2,NC(=O)[C@H](Cc1ccccn1)NC(=O)c1ccc2c(c1)N=C(c1ccccc1C)N2Cc1ccc(CN2CCN(C)CC2)cc1
A046-B007-C062,A046,B007,C062,1.4419568376564116,27.666666666666668,10,0,2,NC(=O)[C@@H](NC(=O)c1ccc2c(c1)N=C(c1cccc3c1OCCO3)N2CCNC(C)=O)C(C)C
A004-B091-C004,A004,B091,C004,1.4419568376564116,27.666666666666668,10,0,2,NC(=O)[C@H](CCc1ccc(OC(C)(C)C)cc1)NC(=O)c1ccc2c(c1)N=C(c1ccc(O)cc1)N2Cc1ccccc1
A072-B032-C065,A072,B032,C065,1.4419568376564116,27.666666666666668,10,0,2,NC(=O)C(C)(C)NC(=O)c1ccc2c(c1)N=C(c1cccc(OC)c1)N2C(CCC)C(F)(F)F
A014-B056-C041,A014,B056,C041,1.4419568376564116,27.666666666666668,10,0,2,NC(=O)[C@H](Cc1ccccn1)NC(=O)c1ccc2c(c1)N=C(c1cccc3nccnc13)N2Cc1ccccc1OC
A052-B078-C022,A052,B078,C022,1.4419568376564116,27.666666666666668,10,0,2,NC(=O)[C@H](CC(N)=O)NC(=O)c1ccc2c(c1)N=C(c1ccc(C#N)nc1)N2Cc1ccc(C)cc1
A024-B023-C070,A024,B023,C070,1.4419568376564116,27.666666666666668,10,0,2,NC(=O)[C@H](CC)NC(=O)c1ccc2c(c1)N=C(Cc1ccccc1)N2Cc1nc(CSC)no1
A073-B055-C076,A073,B055,C076,1.4419568376564116,27.666666666666668,10,0,2,NC(=O)[C@@H](NC(=O)c1ccc2c(c1)N=C(C1CCN(C)CC1)N2CCc1ccc(OC)cc1)C1CC1
A091-B042-C027,A091,B042,C027,1.4419568376564116,27.666666666666668,10,0,2,NC(=O)c1cccc(NC(=O)c2ccc3c(c2)N=C(c2ccc(C#N)cc2)N3CC2CCCCO2)c1
A047-B075-C061,A047,B075,C061,1.4419568376564116,27.666666666666668,10,0,2,NC(=O)[C@@H](CCC(N)=O)NC(=O)c1ccc2c(c1)N=C(c1ccc(COC)cc1)N2Cc1cccc(OC(F)F)c1
A089-B043-C013,A089,B043,C013,1.4419568376564116,27.666666666666668,10,0,2,NC(=O)[C@H](CCCC)NC(=O)c1ccc2c(c1)N=C(c1ccccc1)N2Cc1ccc2c(c1)OCCO2
A091-B080-C085,A091,B080,C085,1.4419568376564116,27.666666666666668,10,0,3,NC(=O)c1cccc(NC(=O)c2ccc3c(c2)N=C(c2ccc(OC)cc2)N3Cc2ccnc(C)c2)c1
A091-B080-C017,A091,B080,C017,1.4419568376564116,27.666666666666668,10,0,2,NC(=O)c1cccc(NC(=O)c2ccc3c(c2)N=C(c2ccc(Br)o2)N3Cc2ccnc(C)c2)c1
A023-B083-C035,A023,B083,C035,1.4419568376564116,27.666666666666668,10,0,2,NC(=O)[C@H](CCCCC1CCCC1)NC(=O)c1ccc2c(c1)N=C(c1cccnc1)N2CCc1cccc(OC)c1
A037-B068-C071,A037,B068,C071,1.4419568376564116,27.666666666666668,10,0,3,NC(=O)C(NC(=O)c1ccc2c(c1)N=C(c1cnc(N3CCOCC3)nc1)N2CC1CCC(=O)N1)C(C)OC
A077-B029-C032,A077,B029,C032,1.4419568376564116,27.666666666666668,10,0,2,NC(=O)[C@H]1CCCN(C(=O)c2ccc3c(c2)N=C(c2ccc(C(F)(F)F)cn2)N3C2CC3CN(C)CCN3C2)C1
A075-B054-C031,A075,B054,C031,1.4419568376564116,27.666666666666668,10,0,2,NC(=O)[C@H](Cc1ccc(OC)c(OC)c1)NC(=O)c1ccc2c(c1)N=C(c1cnc[nH]1)N2Cc1ccsc1
A006-B076-C014,A006,B076,C014,1.4419568376564116,27.666666666666668,10,0,2,NC(=O)[C@@H](CC1CCC1)NC(=O)c1ccc2c(c1)N=C(c1nc3ccccc3[nH]1)N2Cc1ccc(F)c(F)c1
A094-B076-C060,A094,B076,C060,1.4419568376564116,27.666666666666668,10,0,2,NC(=O)c1cccc(CNC(=O)c2ccc3c(c2)N=C(c2ccc(Br)c(F)c2)N3Cc2ccc(F)c(F)c2)c1
A094-B043-C035,A094,B043,C035,1.4419568376564116,27.666666666666668,10,0,2,NC(=O)c1cccc(CNC(=O)c2ccc3c(c2)N=C(c2cccnc2)N3Cc2ccc3c(c2)OCCO3)c1
A024-B068-C035,A024,B068,C035,1.4419568376564116,27.666666666666668,10,0,2,NC(=O)[C@H](CC)NC(=O)c1ccc2c(c1)N=C(c1cccnc1)N2CC1CCC(=O)N1
A094-B031-C062,A094,B031,C062,1.4419568376564116,27.666666666666668,10,0,2,NC(=O)c1cccc(CNC(=O)c2ccc3c(c2)N=C(c2cccc4c2OCCO4)N3C2CCN(CC)CC2)c1
A013-B023-C031,A013,B023,C031,1.4419568376564116,27.666666666666668,10,0,2,NC(=O)[C@H](Cc1csc2ccccc12)NC(=O)c1ccc2c(c1)N=C(c1cnc[nH]1)N2Cc1nc(CSC)no1
A049-B041-C034,A049,B041,C034,1.4419568376564116,27.666666666666668,10,0,2,NC(=O)[C@H](C)NC(=O)c1ccc2c(c1)N=C(c1ccco1)N2CC(=O)N1CCOCC1
A052-B074-C090,A052,B074,C090,1.4419568376564116,27.666666666666668,10,0,2,NC(=O)[C@H](CC(N)=O)NC(=O)c1ccc2c(c1)N=C(c1ccc(-c3ccc(OC)cc3)o1)N2Cc1cccc(N(C)C(C)=O)c1
A094-B011-C038,A094,B011,C038,1.4419568376564116,27.666666666666668,10,0,2,NC(=O)c1cccc(CNC(=O)c2ccc3c(c2)N=C(c2cc(F)cc(F)c2)N3C2CC(F)(F)C2)c1
A062-B056-C091,A062,B056,C091,1.4419568376564116,27.666666666666668,10,0,2,NC(=O)[C@@H](NC(=O)c1ccc2c(c1)N=C(c1ccc(-c3ccc(Cl)cc3)o1)N2Cc1ccccc1OC)C1CCCCC1
A076-B068-C017,A076,B068,C017,1.4419568376564116,27.666666666666668,10,0,2,NC(=O)C(CC1CC1)NC(=O)c1ccc2c(c1)N=C(c1ccc(Br)o1)N2CC1CCC(=O)N1
A084-B024-C073,A084,B024,C073,1.4419568376564116,27.666666666666668,10,0,2,NC(=O)[C@H](Cc1cscn1)NC(=O)c1ccc2c(c1)N=C(CCC)N2Cc1nncn1C(C)C
A005-B081-C017,A005,B081,C017,1.4419568376564116,27.666666666666668,10,0,2,NC(=O)[C@H](Cc1cccc(OC)c1)NC(=O)c1ccc2c(c1)N=C(c1ccc(Br)o1)N2Cc1ccc(S(=O)(=O)CC)cc1
A024-B029-C089,A024,B029,C089,1.4419568376564116,27.666666666666668,10,0,2,NC(=O)[C@H](CC)NC(=O)c1ccc2c(c1)N=C(c1ccc(OC(C)=O)cc1)N2C1CC2CN(C)CCN2C1
A061-B075-C071,A061,B075,C071,1.4419568376564116,27.666666666666668,10,0,2,NC(=O)CN(C)C(=O)c1ccc2c(c1)N=C(c1cnc(N3CCOCC3)nc1)N2Cc1cccc(OC(F)F)c1
A081-B009-C081,A081,B009,C081,1.4419568376564116,27.666666666666668,10,0,2,NC(=O)[C@H](Cc1ccnc(Cl)c1)NC(=O)c1ccc2c(c1)N=C(c1ccc(O)c(OC)c1)N2CCCN(CC)CC
A086-B083-C007,A086,B083,C007,1.4419568376564116,27.666666666666668,10,0,2,NC(=O)[C@@H]1C[C@@H](c2ccccc2)CN1C(=O)c1ccc2c(c1)N=C(c1cnc(SC)nc1NC)N2CCc1cccc(OC)c1
A091-B058-C058,A091,B058,C058,1.426254358380507,26.68421052631579,63,2,2,NC(=O)c1cccc(NC(=O)c2ccc3c(c2)N=C(c2ccc4ccn(C)c4c2)N3Cc2ccc(OC)cc2OC)c1
A036-B043-C008,A036,B043,C008,1.4103937503660653,25.727272727272727,35,1,2,NC(=O)C(CCC(=O)OC)NC(=O)c1ccc2c(c1)N=C(c1cccc(O)c1)N2Cc1ccc2c(c1)OCCO2
A012-B067-C074,A012,B067,C074,1.3979400086720375,25.0,9,0,2,NC(=O)[C@H](Cc1ccncc1)NC(=O)c1ccc2c(c1)N=C(C(C)(C)C)N2CC1(C#N)CCOCC1
A076-B042-C017,A076,B042,C017,1.3979400086720375,25.0,9,0,3,NC(=O)C(CC1CC1)NC(=O)c1ccc2c(c1)N=C(c1ccc(Br)o1)N2CC1CCCCO1
A002-B053-C013,A002,B053,C013,1.3979400086720375,25.0,9,0,2,NC(=O)C(Cc1cn(C)cn1)NC(=O)c1ccc2c(c1)N=C(c1ccccc1)N2Cc1cncc(Br)c1
A086-B044-C062,A086,B044,C062,1.3979400086720375,25.0,9,0,2,NC(=O)[C@@H]1C[C@@H](c2ccccc2)CN1C(=O)c1ccc2c(c1)N=C(c1cccc3c1OCCO3)N2Cc1cnn(C)c1
A094-B078-C056,A094,B078,C056,1.3979400086720375,25.0,9,0,2,NC(=O)c1cccc(CNC(=O)c2ccc3c(c2)N=C(c2ccc(N(C)C)cc2)N3Cc2ccc(C)cc2)c1
A094-B052-C032,A094,B052,C032,1.3979400086720375,25.0,9,0,3,NC(=O)c1cccc(CNC(=O)c2ccc3c(c2)N=C(c2ccc(C(F)(F)F)cn2)N3Cc2cn[nH]c2)c1
A037-B088-C014,A037,B088,C014,1.3979400086720375,25.0,9,0,2,NC(=O)C(NC(=O)c1ccc2c(c1)N=C(c1nc3ccccc3[nH]1)N2Cc1ccncc1)C(C)OC
A048-B082-C054,A048,B082,C054,1.3979400086720375,25.0,9,0,2,NC(=O)[C@H](CC(C)C)NC(=O)c1ccc2c(c1)N=C(c1ccc3c(ccn3C)c1)N2Cc1cc(OC)cc(OC)c1
A075-B068-C083,A075,B068,C083,1.3979400086720375,25.0,9,0,2,NC(=O)[C@H](Cc1ccc(OC)c(OC)c1)NC(=O)c1ccc2c(c1)N=C(c1cc(Br)ccc1OC)N2CC1CCC(=O)N1
A076-B092-C048,A076,B092,C048,1.3979400086720375,25.0,9,0,2,NC(=O)C(CC1CC1)NC(=O)c1ccc2c(c1)N=C(c1nnc[nH]1)N2Cc1ccc(CO)cc1
A084-B038-C069,A084,B038,C069,1.3979400086720375,25.0,9,0,2,NC(=O)[C@H](Cc1cscn1)NC(=O)c1ccc2c(c1)N=C(Cc1ccc(C)cc1)N2CCN1CCCN(C)CC1
A032-B089-C094,A032,B089,C094,1.3979400086720375,25.0,9,0,2,NC(=O)[C@H](CCCNC(N)=O)NC(=O)c1ccc2c(c1)N=C(c1cscn1)N2Cc1ccc(=O)[nH]c1
A084-B044-C062,A084,B044,C062,1.3979400086720375,25.0,9,0,2,NC(=O)[C@H](Cc1cscn1)NC(=O)c1ccc2c(c1)N=C(c1cccc3c1OCCO3)N2Cc1cnn(C)c1
A020-B079-C043,A020,B079,C043,1.3979400086720375,25.0,9,0,2,NC(=O)[C@H](Cc1ccc(OCC)cc1)NC(=O)c1ccc2c(c1)N=C(c1cc3c(cc1Br)OCO3)N2Cc1ccc(NC(=O)CC)nc1
A023-B040-C032,A023,B040,C032,1.3979400086720375,25.0,9,0,2,NC(=O)[C@H](CCCCC1CCCC1)NC(=O)c1ccc2c(c1)N=C(c1ccc(C(F)(F)F)cn1)N2CCN1CCOCC1
A073-B016-C041,A073,B016,C041,1.3979400086720375,25.0,9,0,2,NC(=O)[C@@H](NC(=O)c1ccc2c(c1)N=C(c1cccc3nccnc13)N2C(CC)CC)C1CC1
A062-B046-C090,A062,B046,C090,1.3979400086720375,25.0,9,0,2,NC(=O)[C@@H](NC(=O)c1ccc2c(c1)N=C(c1ccc(-c3ccc(OC)cc3)o1)N2C1CCN(Cc2ccccc2)C1)C1CCCCC1
A007-B042-C044,A007,B042,C044,1.3979400086720375,25.0,9,0,2,NC(=O)[C@H](Cc1ccc(C#N)cc1)NC(=O)c1ccc2c(c1)N=C(c1ccsc1)N2CC1CCCCO1
A038-B068-C094,A038,B068,C094,1.3979400086720375,25.0,9,0,2,NC(=O)[C@@H](CC(N)=O)NC(=O)c1ccc2c(c1)N=C(c1cscn1)N2CC1CCC(=O)N1
A084-B082-C047,A084,B082,C047,1.3979400086720375,25.0,9,0,2,NC(=O)[C@H](Cc1cscn1)NC(=O)c1ccc2c(c1)N=C(c1cccs1)N2Cc1cc(OC)cc(OC)c1
A038-B054-C036,A038,B054,C036,1.3979400086720375,25.0,9,0,2,NC(=O)[C@@H](CC(N)=O)NC(=O)c1ccc2c(c1)N=C(c1cccc3c1OCO3)N2Cc1ccsc1
A024-B069-C070,A024,B069,C070,1.3979400086720375,25.0,9,0,2,NC(=O)[C@H](CC)NC(=O)c1ccc2c(c1)N=C(Cc1ccccc1)N2Cc1cccnc1
A036-B083-C082,A036,B083,C082,1.3979400086720375,25.0,9,0,2,NC(=O)C(CCC(=O)OC)NC(=O)c1ccc2c(c1)N=C(c1ccccc1C)N2CCc1cccc(OC)c1
A024-B079-C037,A024,B079,C037,1.3979400086720375,25.0,9,0,2,NC(=O)[C@H](CC)NC(=O)c1ccc2c(c1)N=C(c1ccc(C)cc1)N2Cc1ccc(NC(=O)CC)nc1
A011-B053-C012,A011,B053,C012,1.3979400086720375,25.0,9,0,2,NC(=O)[C@H](CCC)NC(=O)c1ccc2c(c1)N=C(c1cc3ccoc3cn1)N2Cc1cncc(Br)c1
A028-B074-C057,A028,B074,C057,1.3979400086720375,25.0,9,0,2,NC(=O)[C@H](CCCCc1ccccc1)NC(=O)c1ccc2c(c1)N=C(c1ccc(S(C)(=O)=O)cc1)N2Cc1cccc(N(C)C(C)=O)c1
A048-B023-C017,A048,B023,C017,1.3979400086720375,25.0,9,0,2,NC(=O)[C@H](CC(C)C)NC(=O)c1ccc2c(c1)N=C(c1ccc(Br)o1)N2Cc1nc(CSC)no1
A014-B078-C017,A014,B078,C017,1.3979400086720375,25.0,9,0,2,NC(=O)[C@H](Cc1ccccn1)NC(=O)c1ccc2c(c1)N=C(c1ccc(Br)o1)N2Cc1ccc(C)cc1
A009-B075-C018,A009,B075,C018,1.3979400086720375,25.0,9,0,2,NC(=O)C[C@H](Cc1ccccc1)NC(=O)c1ccc2c(c1)N=C(c1ccc(C)nc1)N2Cc1cccc(OC(F)F)c1
A025-B053-C024,A025,B053,C024,1.3979400086720375,25.0,9,0,2,NC(=O)[C@H](Cc1ccc(OCC=C)cc1)NC(=O)c1ccc2c(c1)N=C(c1cccc(OCC)c1)N2Cc1cncc(Br)c1
A010-B071-C036,A010,B071,C036,1.3979400086720375,25.0,9,0,2,NC(=O)[C@H](Cc1ccsc1)NC(=O)c1ccc2c(c1)N=C(c1cccc3c1OCO3)N2Cc1ccc2nccnc2c1
A037-B079-C047,A037,B079,C047,1.3979400086720375,25.0,9,0,2,NC(=O)C(NC(=O)c1ccc2c(c1)N=C(c1cccs1)N2Cc1ccc(NC(=O)CC)nc1)C(C)OC
A010-B068-C011,A010,B068,C011,1.3979400086720375,25.0,9,0,2,NC(=O)[C@H](Cc1ccsc1)NC(=O)c1ccc2c(c1)N=C(CCc1ccccc1)N2CC1CCC(=O)N1
A094-B026-C005,A094,B026,C005,1.3979400086720375,25.0,9,0,2,NC(=O)c1cccc(CNC(=O)c2ccc3c(c2)N=C(c2ccc4[nH]ccc4c2)N3Cc2ccc(CN3CCCC3)cc2)c1
A035-B056-C083,A035,B056,C083,1.3979400086720375,25.0,9,0,2,NC(=O)CCNC(=O)c1ccc2c(c1)N=C(c1cc(Br)ccc1OC)N2Cc1ccccc1OC
A048-B075-C022,A048,B075,C022,1.3979400086720375,25.0,9,0,2,NC(=O)[C@H](CC(C)C)NC(=O)c1ccc2c(c1)N=C(c1ccc(C#N)nc1)N2Cc1cccc(OC(F)F)c1
A036-B092-C017,A036,B092,C017,1.3979400086720375,25.0,9,0,2,NC(=O)C(CCC(=O)OC)NC(=O)c1ccc2c(c1)N=C(c1ccc(Br)o1)N2Cc1ccc(CO)cc1
A095-B081-C090,A095,B081,C090,1.3979400086720375,25.0,9,0,2,NC(=O)[C@H](CCC(N)=O)NC(=O)c1ccc2c(c1)N=C(c1ccc(-c3ccc(OC)cc3)o1)N2Cc1ccc(S(=O)(=O)CC)cc1
A076-B082-C096,A076,B082,C096,1.3979400086720375,25.0,9,0,2,NC(=O)C(CC1CC1)NC(=O)c1ccc2c(c1)N=C(c1ccc(Cl)cc1O)N2Cc1cc(OC)cc(OC)c1
A091-B053-C043,A091,B053,C043,1.3979400086720375,25.0,9,0,2,NC(=O)c1cccc(NC(=O)c2ccc3c(c2)N=C(c2cc4c(cc2Br)OCO4)N3Cc2cncc(Br)c2)c1
A079-B010-C026,A079,B010,C026,1.3979400086720375,25.0,9,0,2,NC(=O)[C@H](Cc1ccccc1C)NC(=O)c1ccc2c(c1)N=C(c1ccc(N3CCCC3)cc1)N2CC1COC(C)(C)O1
A089-B040-C038,A089,B040,C038,1.3979400086720375,25.0,9,0,2,NC(=O)[C@H](CCCC)NC(=O)c1ccc2c(c1)N=C(c1cc(F)cc(F)c1)N2CCN1CCOCC1
A025-B067-C055,A025,B067,C055,1.3979400086720375,25.0,9,0,2,NC(=O)[C@H](Cc1ccc(OCC=C)cc1)NC(=O)c1ccc2c(c1)N=C(c1csc(Br)n1)N2CC1(C#N)CCOCC1
A050-B058-C090,A050,B058,C090,1.3979400086720375,25.0,9,0,2,NC(=O)[C@@H](Cc1ccccn1)NC(=O)c1ccc2c(c1)N=C(c1ccc(-c3ccc(OC)cc3)o1)N2Cc1ccc(OC)cc1OC
A038-B026-C001,A038,B026,C001,1.3979400086720375,25.0,9,0,2,NC(=O)[C@@H](CC(N)=O)NC(=O)c1ccc2c(c1)N=C(c1ccc3cccnc3c1)N2Cc1ccc(CN2CCCC2)cc1
A041-B018-C038,A041,B018,C038,1.3979400086720375,25.0,9,0,2,NC(=O)[C@H](CCCc1ccccc1)NC(=O)c1ccc2c(c1)N=C(c1cc(F)cc(F)c1)N2C(C)c1ccc(OC)cc1
A048-B055-C095,A048,B055,C095,1.3979400086720375,25.0,9,0,2,NC(=O)[C@H](CC(C)C)NC(=O)c1ccc2c(c1)N=C(c1cc(Cl)cc(Cl)c1)N2CCc1ccc(OC)cc1
A006-B019-C068,A006,B019,C068,1.3979400086720375,25.0,9,0,2,NC(=O)[C@@H](CC1CCC1)NC(=O)c1ccc2c(c1)N=C(c1cn[nH]c1)N2C(C)C(O)c1ccccc1
A091-B041-C066,A091,B041,C066,1.3979400086720375,25.0,9,0,2,NC(=O)c1cccc(NC(=O)c2ccc3c(c2)N=C(c2ccc(F)cc2C)N3CC(=O)N2CCOCC2)c1
A091-B070-C005,A091,B070,C005,1.3979400086720375,25.0,9,0,2,NC(=O)c1cccc(NC(=O)c2ccc3c(c2)N=C(c2ccc4[nH]ccc4c2)N3Cc2ccc3[nH]ccc3c2)c1
A022-B041-C035,A022,B041,C035,1.3979400086720375,25.0,9,0,3,NC(=O)[C@H](CCc1ccccc1)NC(=O)c1ccc2c(c1)N=C(c1cccnc1)N2CC(=O)N1CCOCC1
A071-B007-C050,A071,B007,C050,1.3979400086720375,25.0,9,0,2,NC(=O)[C@H](Cc1ccco1)NC(=O)c1ccc2c(c1)N=C(c1cccc3nc[nH]c13)N2CCNC(C)=O
A028-B044-C001,A028,B044,C001,1.3979400086720375,25.0,9,0,2,NC(=O)[C@H](CCCCc1ccccc1)NC(=O)c1ccc2c(c1)N=C(c1ccc3cccnc3c1)N2Cc1cnn(C)c1
A071-B015-C032,A071,B015,C032,1.3979400086720375,25.0,9,0,2,NC(=O)[C@H](Cc1ccco1)NC(=O)c1ccc2c(c1)N=C(c1ccc(C(F)(F)F)cn1)N2CCc1cccc(Br)c1
A038-B095-C001,A038,B095,C001,1.3979400086720375,25.0,9,0,2,NC(=O)[C@@H](CC(N)=O)NC(=O)c1ccc2c(c1)N=C(c1ccc3cccnc3c1)N2C1CCNCC1
A035-B081-C057,A035,B081,C057,1.3979400086720375,25.0,9,0,2,NC(=O)CCNC(=O)c1ccc2c(c1)N=C(c1ccc(S(C)(=O)=O)cc1)N2Cc1ccc(S(=O)(=O)CC)cc1
A072-B079-C009,A072,B079,C009,1.3979400086720375,25.0,9,0,2,NC(=O)C(C)(C)NC(=O)c1ccc2c(c1)N=C(c1cccc(C(F)(F)F)n1)N2Cc1ccc(NC(=O)CC)nc1
A071-B016-C058,A071,B016,C058,1.3979400086720375,25.0,9,0,2,NC(=O)[C@H](Cc1ccco1)NC(=O)c1ccc2c(c1)N=C(c1ccc3ccn(C)c3c1)N2C(CC)CC
A091-B068-C035,A091,B068,C035,1.3979400086720375,25.0,9,0,2,NC(=O)c1cccc(NC(=O)c2ccc3c(c2)N=C(c2cccnc2)N3CC2CCC(=O)N2)c1
A072-B094-C042,A072,B094,C042,1.3979400086720375,25.0,9,0,2,NC(=O)C(C)(C)NC(=O)c1ccc2c(c1)N=C(c1cnc3ccccc3n1)N2C1CC(C)(C)N(C)C(C)(C)C1
A025-B053-C043,A025,B053,C043,1.3979400086720375,25.0,9,0,2,NC(=O)[C@H](Cc1ccc(OCC=C)cc1)NC(=O)c1ccc2c(c1)N=C(c1cc3c(cc1Br)OCO3)N2Cc1cncc(Br)c1
A020-B079-C036,A020,B079,C036,1.3979400086720375,25.0,9,0,2,NC(=O)[C@H](Cc1ccc(OCC)cc1)NC(=O)c1ccc2c(c1)N=C(c1cccc3c1OCO3)N2Cc1ccc(NC(=O)CC)nc1
A094-B063-C051,A094,B063,C051,1.3979400086720375,25.0,9,0,2,NC(=O)c1cccc(CNC(=O)c2ccc3c(c2)N=C(c2cc(C)on2)N3Cc2ccco2)c1
A093-B032-C064,A093,B032,C064,1.3979400086720375,25.0,9,0,2,NC(=O)[C@H](CCC(=O)O)NC(=O)c1ccc2c(c1)N=C(c1cnccn1)N2C(CCC)C(F)(F)F
A091-B026-C033,A091,B026,C033,1.3979400086720375,25.0,9,0,2,NC(=O)c1cccc(NC(=O)c2ccc3c(c2)N=C(c2ccc(Cl)cc2)N3Cc2ccc(CN3CCCC3)cc2)c1
A061-B044-C064,A061,B044,C064,1.3979400086720375,25.0,9,0,2,NC(=O)CN(C)C(=O)c1ccc2c(c1)N=C(c1cnccn1)N2Cc1cnn(C)c1
A091-B064-C071,A091,B064,C071,1.3979400086720375,25.0,9,0,2,NC(=O)c1cccc(NC(=O)c2ccc3c(c2)N=C(c2cnc(N4CCOCC4)nc2)N3Cc2cccs2)c1
A091-B075-C065,A091,B075,C065,1.3979400086720375,25.0,9,0,2,NC(=O)c1cccc(NC(=O)c2ccc3c(c2)N=C(c2cccc(OC)c2)N3Cc2cccc(OC(F)F)c2)c1
A081-B093-C017,A081,B093,C017,1.3979400086720375,25.0,9,0,2,NC(=O)[C@H](Cc1ccnc(Cl)c1)NC(=O)c1ccc2c(c1)N=C(c1ccc(Br)o1)N2CCC1CCCN1C
A034-B050-C082,A034,B050,C082,1.3979400086720375,25.0,9,0,2,NC(=O)[C@@H](C)NC(=O)c1ccc2c(c1)N=C(c1ccccc1C)N2Cc1nnc2ccccn12
A088-B040-C060,A088,B040,C060,1.3979400086720375,25.0,9,0,2,NC(=O)C1CCN(C(=O)c2ccc3c(c2)N=C(c2ccc(Br)c(F)c2)N3CCN2CCOCC2)CC1
A010-B080-C032,A010,B080,C032,1.3979400086720375,25.0,9,0,2,NC(=O)[C@H](Cc1ccsc1)NC(=O)c1ccc2c(c1)N=C(c1ccc(C(F)(F)F)cn1)N2Cc1ccnc(C)c1
A071-B091-C048,A071,B091,C048,1.3979400086720375,25.0,9,0,2,NC(=O)[C@H](Cc1ccco1)NC(=O)c1ccc2c(c1)N=C(c1nnc[nH]1)N2Cc1ccccc1
A047-B038-C085,A047,B038,C085,1.3979400086720375,25.0,9,0,2,NC(=O)[C@@H](CCC(N)=O)NC(=O)c1ccc2c(c1)N=C(c1ccc(OC)cc1)N2CCN1CCCN(C)CC1
A001-B078-C059,A001,B078,C059,1.3979400086720375,25.0,9,0,2,NC(=O)C[C@@H]1CCCN1C(=O)c1ccc2c(c1)N=C(c1cccc(S(C)(=O)=O)c1)N2Cc1ccc(C)cc1
A005-B014-C049,A005,B014,C049,1.3979400086720375,25.0,9,0,2,NC(=O)[C@H](Cc1cccc(OC)c1)NC(=O)c1ccc2c(c1)N=C(c1ccc(CC)o1)N2CCCc1ccccc1
A036-B018-C033,A036,B018,C033,1.3979400086720375,25.0,9,0,2,NC(=O)C(CCC(=O)OC)NC(=O)c1ccc2c(c1)N=C(c1ccc(Cl)cc1)N2C(C)c1ccc(OC)cc1
A088-B045-C048,A088,B045,C048,1.348953547981164,22.33333333333333,8,0,2,NC(=O)C1CCN(C(=O)c2ccc3c(c2)N=C(c2nnc[nH]2)N3C2CCN(c3ncccn3)CC2)CC1
A085-B056-C023,A085,B056,C023,1.348953547981164,22.33333333333333,8,0,2,NC(=O)[C@H](Cc1cn(Cc2ccccc2)cn1)NC(=O)c1ccc2c(c1)N=C(c1nc3ccccc3n1C)N2Cc1ccccc1OC
A008-B083-C035,A008,B083,C035,1.348953547981164,22.33333333333333,8,0,2,NC(=O)[C@H](Cc1cccs1)NC(=O)c1ccc2c(c1)N=C(c1cccnc1)N2CCc1cccc(OC)c1
A095-B069-C028,A095,B069,C028,1.348953547981164,22.33333333333333,8,0,2,NC(=O)[C@H](CCC(N)=O)NC(=O)c1ccc2c(c1)N=C(c1ccc(N3CCOCC3)cc1)N2Cc1cccnc1
A006-B088-C094,A006,B088,C094,1.348953547981164,22.33333333333333,8,0,2,NC(=O)[C@@H](CC1CCC1)NC(=O)c1ccc2c(c1)N=C(c1cscn1)N2Cc1ccncc1
A036-B023-C086,A036,B023,C086,1.348953547981164,22.33333333333333,8,0,2,NC(=O)C(CCC(=O)OC)NC(=O)c1ccc2c(c1)N=C(c1ccc(Cl)c(OC)c1)N2Cc1nc(CSC)no1
A013-B055-C024,A013,B055,C024,1.348953547981164,22.33333333333333,8,0,2,NC(=O)[C@H](Cc1csc2ccccc12)NC(=O)c1ccc2c(c1)N=C(c1cccc(OCC)c1)N2CCc1ccc(OC)cc1
A002-B046-C010,A002,B046,C010,1.348953547981164,22.33333333333333,8,0,2,NC(=O)C(Cc1cn(C)cn1)NC(=O)c1ccc2c(c1)N=C(c1cn(C)cn1)N2C1CCN(Cc2ccccc2)C1
A094-B040-C059,A094,B040,C059,1.348953547981164,22.33333333333333,8,0,2,NC(=O)c1cccc(CNC(=O)c2ccc3c(c2)N=C(c2cccc(S(C)(=O)=O)c2)N3CCN2CCOCC2)c1
A094-B016-C050,A094,B016,C050,1.348953547981164,22.33333333333333,8,0,2,NC(=O)c1cccc(CNC(=O)c2ccc3c(c2)N=C(c2cccc4nc[nH]c24)N3C(CC)CC)c1
A038-B078-C089,A038,B078,C089,1.348953547981164,22.33333333333333,8,0,2,NC(=O)[C@@H](CC(N)=O)NC(=O)c1ccc2c(c1)N=C(c1ccc(OC(C)=O)cc1)N2Cc1ccc(C)cc1
A091-B055-C080,A091,B055,C080,1.348953547981164,22.33333333333333,8,0,2,NC(=O)c1cccc(NC(=O)c2ccc3c(c2)N=C(c2cnc(C)[nH]2)N3CCc2ccc(OC)cc2)c1
A076-B093-C060,A076,B093,C060,1.348953547981164,22.33333333333333,8,0,3,NC(=O)C(CC1CC1)NC(=O)c1ccc2c(c1)N=C(c1ccc(Br)c(F)c1)N2CCC1CCCN1C
A076-B070-C048,A076,B070,C048,1.348953547981164,22.33333333333333,8,0,2,NC(=O)C(CC1CC1)NC(=O)c1ccc2c(c1)N=C(c1nnc[nH]1)N2Cc1ccc2[nH]ccc2c1
A026-B071-C093,A026,B071,C093,1.348953547981164,22.33333333333333,8,0,2,NC(=O)C(COC)NC(=O)c1ccc2c(c1)N=C(c1ccc(C)c([N+](=O)[O-])c1)N2Cc1ccc2nccnc2c1
A023-B053-C055,A023,B053,C055,1.348953547981164,22.33333333333333,8,0,2,NC(=O)[C@H](CCCCC1CCCC1)NC(=O)c1ccc2c(c1)N=C(c1csc(Br)n1)N2Cc1cncc(Br)c1
A086-B044-C092,A086,B044,C092,1.348953547981164,22.33333333333333,8,0,2,NC(=O)[C@@H]1C[C@@H](c2ccccc2)CN1C(=O)c1ccc2c(c1)N=C(c1ccc(N3CCCC3)c([N+](=O)[O-])c1)N2Cc1cnn(C)c1
A048-B081-C011,A048,B081,C011,1.348953547981164,22.33333333333333,8,0,3,NC(=O)[C@H](CC(C)C)NC(=O)c1ccc2c(c1)N=C(CCc1ccccc1)N2Cc1ccc(S(=O)(=O)CC)cc1
A091-B044-C071,A091,B044,C071,1.348953547981164,22.33333333333333,8,0,3,NC(=O)c1cccc(NC(=O)c2ccc3c(c2)N=C(c2cnc(N4CCOCC4)nc2)N3Cc2cnn(C)c2)c1
A075-B067-C093,A075,B067,C093,1.348953547981164,22.33333333333333,8,0,2,NC(=O)[C@H](Cc1ccc(OC)c(OC)c1)NC(=O)c1ccc2c(c1)N=C(c1ccc(C)c([N+](=O)[O-])c1)N2CC1(C#N)CCOCC1
A092-B040-C035,A092,B040,C035,1.348953547981164,22.33333333333333,8,0,2,NC(=O)c1ccccc1NC(=O)c1ccc2c(c1)N=C(c1cccnc1)N2CCN1CCOCC1
A074-B052-C022,A074,B052,C022,1.348953547981164,22.33333333333333,8,0,2,NC(=O)[C@H](Cc1cccnc1)NC(=O)c1ccc2c(c1)N=C(c1ccc(C#N)nc1)N2Cc1cn[nH]c1
A074-B023-C004,A074,B023,C004,1.348953547981164,22.33333333333333,8,0,2,NC(=O)[C@H](Cc1cccnc1)NC(=O)c1ccc2c(c1)N=C(c1ccc(O)cc1)N2Cc1nc(CSC)no1
A006-B071-C025,A006,B071,C025,1.348953547981164,22.33333333333333,8,0,2,NC(=O)[C@@H](CC1CCC1)NC(=O)c1ccc2c(c1)N=C(c1ncc[nH]1)N2Cc1ccc2nccnc2c1
A076-B071-C009,A076,B071,C009,1.348953547981164,22.33333333333333,8,0,2,NC(=O)C(CC1CC1)NC(=O)c1ccc2c(c1)N=C(c1cccc(C(F)(F)F)n1)N2Cc1ccc2nccnc2c1
A062-B041-C025,A062,B041,C025,1.348953547981164,22.33333333333333,8,0,2,NC(=O)[C@@H](NC(=O)c1ccc2c(c1)N=C(c1ncc[nH]1)N2CC(=O)N1CCOCC1)C1CCCCC1
A038-B058-C056,A038,B058,C056,1.348953547981164,22.33333333333333,8,0,2,NC(=O)[C@@H](CC(N)=O)NC(=O)c1ccc2c(c1)N=C(c1ccc(N(C)C)cc1)N2Cc1ccc(OC)cc1OC
A080-B095-C059,A080,B095,C059,1.348953547981164,22.33333333333333,8,0,2,NC(=O)[C@@H]1[C@@H](c2ccccc2)CCN1C(=O)c1ccc2c(c1)N=C(c1cccc(S(C)(=O)=O)c1)N2C1CCNCC1
A075-B014-C076,A075,B014,C076,1.348953547981164,22.33333333333333,8,0,2,NC(=O)[C@H](Cc1ccc(OC)c(OC)c1)NC(=O)c1ccc2c(c1)N=C(C1CCN(C)CC1)N2CCCc1ccccc1
A094-B081-C069,A094,B081,C069,1.348953547981164,22.33333333333333,8,0,2,NC(=O)c1cccc(CNC(=O)c2ccc3c(c2)N=C(Cc2ccc(C)cc2)N3Cc2ccc(S(=O)(=O)CC)cc2)c1
A091-B066-C089,A091,B066,C089,1.348953547981164,22.33333333333333,8,0,2,NC(=O)c1cccc(NC(=O)c2ccc3c(c2)N=C(c2ccc(OC(C)=O)cc2)N3CCS(=O)(=O)N2CCCC2)c1
A073-B053-C057,A073,B053,C057,1.348953547981164,22.33333333333333,8,0,2,NC(=O)[C@@H](NC(=O)c1ccc2c(c1)N=C(c1ccc(S(C)(=O)=O)cc1)N2Cc1cncc(Br)c1)C1CC1
A092-B015-C012,A092,B015,C012,1.348953547981164,22.33333333333333,8,0,2,NC(=O)c1ccccc1NC(=O)c1ccc2c(c1)N=C(c1cc3ccoc3cn1)N2CCc1cccc(Br)c1
A021-B026-C018,A021,B026,C018,1.348953547981164,22.33333333333333,8,0,2,NC(=O)[C@H](Cc1ccccc1Cl)NC(=O)c1ccc2c(c1)N=C(c1ccc(C)nc1)N2Cc1ccc(CN2CCCC2)cc1
A065-B068-C082,A065,B068,C082,1.348953547981164,22.33333333333333,8,0,2,NC(=O)[C@H](Cc1cccc(F)c1)NC(=O)c1ccc2c(c1)N=C(c1ccccc1C)N2CC1CCC(=O)N1
A081-B044-C046,A081,B044,C046,1.348953547981164,22.33333333333333,8,0,2,NC(=O)[C@H](Cc1ccnc(Cl)c1)NC(=O)c1ccc2c(c1)N=C(c1cccc(N3CCN(C)CC3)c1)N2Cc1cnn(C)c1
A003-B038-C067,A003,B038,C067,1.348953547981164,22.33333333333333,8,0,2,NC(=O)[C@H](Cc1ccc(I)cc1)NC(=O)c1ccc2c(c1)N=C(c1ccc3c(c1)OCCO3)N2CCN1CCCN(C)CC1
A048-B013-C051,A048,B013,C051,1.348953547981164,22.33333333333333,8,0,2,NC(=O)[C@H](CC(C)C)NC(=O)c1ccc2c(c1)N=C(c1cc(C)on1)N2CC12CCC(CC1)O2
A052-B048-C024,A052,B048,C024,1.348953547981164,22.33333333333333,8,0,2,NC(=O)[C@H](CC(N)=O)NC(=O)c1ccc2c(c1)N=C(c1cccc(OCC)c1)N2C1CCN(C(C)C)CC1
A050-B023-C040,A050,B023,C040,1.348953547981164,22.33333333333333,8,0,2,NC(=O)[C@@H](Cc1ccccn1)NC(=O)c1ccc2c(c1)N=C(c1ccc3ccccc3n1)N2Cc1nc(CSC)no1
A014-B064-C019,A014,B064,C019,1.348953547981164,22.33333333333333,8,0,3,NC(=O)[C@H](Cc1ccccn1)NC(=O)c1ccc2c(c1)N=C(c1ncccc1O)N2Cc1cccs1
A094-B019-C003,A094,B019,C003,1.348953547981164,22.33333333333333,8,0,2,NC(=O)c1cccc(CNC(=O)c2ccc3c(c2)N=C(c2cc(OC)ccn2)N3C(C)C(O)c2ccccc2)c1
A020-B081-C046,A020,B081,C046,1.348953547981164,22.33333333333333,8,0,2,NC(=O)[C@H](Cc1ccc(OCC)cc1)NC(=O)c1ccc2c(c1)N=C(c1cccc(N3CCN(C)CC3)c1)N2Cc1ccc(S(=O)(=O)CC)cc1
A050-B041-C046,A050,B041,C046,1.348953547981164,22.33333333333333,8,0,2,NC(=O)[C@@H](Cc1ccccn1)NC(=O)c1ccc2c(c1)N=C(c1cccc(N3CCN(C)CC3)c1)N2CC(=O)N1CCOCC1
A004-B032-C068,A004,B032,C068,1.348953547981164,22.33333333333333,8,0,2,NC(=O)[C@H](CCc1ccc(OC(C)(C)C)cc1)NC(=O)c1ccc2c(c1)N=C(c1cn[nH]c1)N2C(CCC)C(F)(F)F
A075-B070-C089,A075,B070,C089,1.348953547981164,22.33333333333333,8,0,2,NC(=O)[C@H](Cc1ccc(OC)c(OC)c1)NC(=O)c1ccc2c(c1)N=C(c1ccc(OC(C)=O)cc1)N2Cc1ccc2[nH]ccc2c1
A088-B083-C017,A088,B083,C017,1.348953547981164,22.33333333333333,8,0,3,NC(=O)C1CCN(C(=O)c2ccc3c(c2)N=C(c2ccc(Br)o2)N3CCc2cccc(OC)c2)CC1
A014-B053-C065,A014,B053,C065,1.348953547981164,22.33333333333333,8,0,2,NC(=O)[C@H](Cc1ccccn1)NC(=O)c1ccc2c(c1)N=C(c1cccc(OC)c1)N2Cc1cncc(Br)c1
A088-B071-C063,A088,B071,C063,1.348953547981164,22.33333333333333,8,0,2,NC(=O)C1CCN(C(=O)c2ccc3c(c2)N=C(c2cc(C)nc(C)c2)N3Cc2ccc3nccnc3c2)CC1
A081-B014-C067,A081,B014,C067,1.348953547981164,22.33333333333333,8,0,2,NC(=O)[C@H](Cc1ccnc(Cl)c1)NC(=O)c1ccc2c(c1)N=C(c1ccc3c(c1)OCCO3)N2CCCc1ccccc1
A014-B082-C047,A014,B082,C047,1.348953547981164,22.33333333333333,8,0,2,NC(=O)[C@H](Cc1ccccn1)NC(=O)c1ccc2c(c1)N=C(c1cccs1)N2Cc1cc(OC)cc(OC)c1
A073-B052-C074,A073,B052,C074,1.348953547981164,22.33333333333333,8,0,3,NC(=O)[C@@H](NC(=O)c1ccc2c(c1)N=C(C(C)(C)C)N2Cc1cn[nH]c1)C1CC1
A001-B074-C051,A001,B074,C051,1.348953547981164,22.33333333333333,8,0,2,NC(=O)C[C@@H]1CCCN1C(=O)c1ccc2c(c1)N=C(c1cc(C)on1)N2Cc1cccc(N(C)C(C)=O)c1
A050-B053-C055,A050,B053,C055,1.348953547981164,22.33333333333333,8,0,2,NC(=O)[C@@H](Cc1ccccn1)NC(=O)c1ccc2c(c1)N=C(c1csc(Br)n1)N2Cc1cncc(Br)c1
A076-B057-C042,A076,B057,C042,1.348953547981164,22.33333333333333,8,0,2,NC(=O)C(CC1CC1)NC(=O)c1ccc2c(c1)N=C(c1cnc3ccccc3n1)N2CC(=O)c1ccc(S(C)(=O)=O)cc1
A073-B044-C053,A073,B044,C053,1.348953547981164,22.33333333333333,8,0,2,NC(=O)[C@@H](NC(=O)c1ccc2c(c1)N=C(C(C)c1ccccc1)N2Cc1cnn(C)c1)C1CC1
A075-B038-C016,A075,B038,C016,1.348953547981164,22.33333333333333,8,0,2,NC(=O)[C@H](Cc1ccc(OC)c(OC)c1)NC(=O)c1ccc2c(c1)N=C(C1CCOCC1)N2CCN1CCCN(C)CC1
A011-B026-C046,A011,B026,C046,1.348953547981164,22.33333333333333,8,0,2,NC(=O)[C@H](CCC)NC(=O)c1ccc2c(c1)N=C(c1cccc(N3CCN(C)CC3)c1)N2Cc1ccc(CN2CCCC2)cc1
A013-B044-C012,A013,B044,C012,1.348953547981164,22.33333333333333,8,0,2,NC(=O)[C@H](Cc1csc2ccccc12)NC(=O)c1ccc2c(c1)N=C(c1cc3ccoc3cn1)N2Cc1cnn(C)c1
A076-B079-C048,A076,B079,C048,1.348953547981164,22.33333333333333,8,0,2,NC(=O)C(CC1CC1)NC(=O)c1ccc2c(c1)N=C(c1nnc[nH]1)N2Cc1ccc(NC(=O)CC)nc1
A037-B081-C054,A037,B081,C054,1.348953547981164,22.33333333333333,8,0,2,NC(=O)C(NC(=O)c1ccc2c(c1)N=C(c1ccc3c(ccn3C)c1)N2Cc1ccc(S(=O)(=O)CC)cc1)C(C)OC
A060-B071-C019,A060,B071,C019,1.348953547981164,22.33333333333333,8,0,2,NC(=O)[C@H](Cc1ccc(Br)cc1)NC(=O)c1ccc2c(c1)N=C(c1ncccc1O)N2Cc1ccc2nccnc2c1
A037-B071-C028,A037,B071,C028,1.348953547981164,22.33333333333333,8,0,2,NC(=O)C(NC(=O)c1ccc2c(c1)N=C(c1ccc(N3CCOCC3)cc1)N2Cc1ccc2nccnc2c1)C(C)OC
A071-B078-C063,A071,B078,C063,1.348953547981164,22.33333333333333,8,0,2,NC(=O)[C@H](Cc1ccco1)NC(=O)c1ccc2c(c1)N=C(c1cc(C)nc(C)c1)N2Cc1ccc(C)cc1
A076-B076-C006,A076,B076,C006,1.348953547981164,22.33333333333333,8,0,2,NC(=O)C(CC1CC1)NC(=O)c1ccc2c(c1)N=C(c1ccccc1O)N2Cc1ccc(F)c(F)c1
A035-B007-C006,A035,B007,C006,1.348953547981164,22.33333333333333,8,0,2,NC(=O)CCNC(=O)c1ccc2c(c1)N=C(c1ccccc1O)N2CCNC(C)=O
A091-B018-C044,A091,B018,C044,1.348953547981164,22.33333333333333,8,0,2,NC(=O)c1cccc(NC(=O)c2ccc3c(c2)N=C(c2ccsc2)N3C(C)c2ccc(OC)cc2)c1
A001-B026-C019,A001,B026,C019,1.348953547981164,22.33333333333333,8,0,2,NC(=O)C[C@@H]1CCCN1C(=O)c1ccc2c(c1)N=C(c1ncccc1O)N2Cc1ccc(CN2CCCC2)cc1
A037-B070-C075,A037,B070,C075,1.348953547981164,22.33333333333333,8,0,2,NC(=O)C(NC(=O)c1ccc2c(c1)N=C(C1COC1)N2Cc1ccc2[nH]ccc2c1)C(C)OC
A091-B023-C073,A091,B023,C073,1.348953547981164,22.33333333333333,8,0,2,NC(=O)c1cccc(NC(=O)c2ccc3c(c2)N=C(CCC)N3Cc2nc(CSC)no2)c1
A001-B067-C011,A001,B067,C011,1.348953547981164,22.33333333333333,8,0,2,NC(=O)C[C@@H]1CCCN1C(=O)c1ccc2c(c1)N=C(CCc1ccccc1)N2CC1(C#N)CCOCC1
A094-B042-C051,A094,B042,C051,1.348953547981164,22.33333333333333,8,0,2,NC(=O)c1cccc(CNC(=O)c2ccc3c(c2)N=C(c2cc(C)on2)N3CC2CCCCO2)c1
A035-B080-C032,A035,B080,C032,1.348953547981164,22.33333333333333,8,0,2,NC(=O)CCNC(=O)c1ccc2c(c1)N=C(c1ccc(C(F)(F)F)cn1)N2Cc1ccnc(C)c1
A091-B044-C002,A091,B044,C002,1.348953547981164,22.33333333333333,8,0,2,NC(=O)c1cccc(NC(=O)c2ccc3c(c2)N=C(c2ccc(F)cc2)N3Cc2cnn(C)c2)c1
A006-B074-C012,A006,B074,C012,1.348953547981164,22.33333333333333,8,0,2,NC(=O)[C@@H](CC1CCC1)NC(=O)c1ccc2c(c1)N=C(c1cc3ccoc3cn1)N2Cc1cccc(N(C)C(C)=O)c1
A012-B041-C032,A012,B041,C032,1.348953547981164,22.33333333333333,8,0,2,NC(=O)[C@H](Cc1ccncc1)NC(=O)c1ccc2c(c1)N=C(c1ccc(C(F)(F)F)cn1)N2CC(=O)N1CCOCC1
A012-B083-C001,A012,B083,C001,1.348953547981164,22.33333333333333,8,0,2,NC(=O)[C@H](Cc1ccncc1)NC(=O)c1ccc2c(c1)N=C(c1ccc3cccnc3c1)N2CCc1cccc(OC)c1
A023-B041-C021,A023,B041,C021,1.348953547981164,22.33333333333333,8,0,2,NC(=O)[C@H](CCCCC1CCCC1)NC(=O)c1ccc2c(c1)N=C(C1CCN(Cc3ccccc3)CC1)N2CC(=O)N1CCOCC1
A090-B081-C017,A090,B081,C017,1.348953547981164,22.33333333333333,8,0,3,NC(=O)C1CCCN1C1CCN(C(=O)c2ccc3c(c2)N=C(c2ccc(Br)o2)N3Cc2ccc(S(=O)(=O)CC)cc2)CC1
A038-B026-C067,A038,B026,C067,1.348953547981164,22.33333333333333,8,0,2,NC(=O)[C@@H](CC(N)=O)NC(=O)c1ccc2c(c1)N=C(c1ccc3c(c1)OCCO3)N2Cc1ccc(CN2CCCC2)cc1
A024-B064-C067,A024,B064,C067,1.348953547981164,22.33333333333333,8,0,2,NC(=O)[C@H](CC)NC(=O)c1ccc2c(c1)N=C(c1ccc3c(c1)OCCO3)N2Cc1cccs1
A036-B053-C001,A036,B053,C001,1.348953547981164,22.33333333333333,8,0,2,NC(=O)C(CCC(=O)OC)NC(=O)c1ccc2c(c1)N=C(c1ccc3cccnc3c1)N2Cc1cncc(Br)c1
A076-B023-C009,A076,B023,C009,1.348953547981164,22.33333333333333,8,0,3,NC(=O)C(CC1CC1)NC(=O)c1ccc2c(c1)N=C(c1cccc(C(F)(F)F)n1)N2Cc1nc(CSC)no1
A094-B045-C088,A094,B045,C088,1.348953547981164,22.33333333333333,8,0,2,NC(=O)c1cccc(CNC(=O)c2ccc3c(c2)N=C(c2ccc(C(=O)OC)c(F)c2)N3C2CCN(c3ncccn3)CC2)c1
A074-B041-C067,A074,B041,C067,1.348953547981164,22.33333333333333,8,0,2,NC(=O)[C@H](Cc1cccnc1)NC(=O)c1ccc2c(c1)N=C(c1ccc3c(c1)OCCO3)N2CC(=O)N1CCOCC1
A001-B042-C072,A001,B042,C072,1.348953547981164,22.33333333333333,8,0,2,NC(=O)C[C@@H]1CCCN1C(=O)c1ccc2c(c1)N=C(c1cncc(OC)c1)N2CC1CCCCO1
A076-B007-C010,A076,B007,C010,1.348953547981164,22.33333333333333,8,0,2,NC(=O)C(CC1CC1)NC(=O)c1ccc2c(c1)N=C(c1cn(C)cn1)N2CCNC(C)=O
A048-B067-C004,A048,B067,C004,1.348953547981164,22.33333333333333,8,0,2,NC(=O)[C@H](CC(C)C)NC(=O)c1ccc2c(c1)N=C(c1ccc(O)cc1)N2CC1(C#N)CCOCC1
A037-B081-C038,A037,B081,C038,1.348953547981164,22.33333333333333,8,0,2,NC(=O)C(NC(=O)c1ccc2c(c1)N=C(c1cc(F)cc(F)c1)N2Cc1ccc(S(=O)(=O)CC)cc1)C(C)OC
A003-B014-C083,A003,B014,C083,1.348953547981164,22.33333333333333,8,0,2,NC(=O)[C@H](Cc1ccc(I)cc1)NC(=O)c1ccc2c(c1)N=C(c1cc(Br)ccc1OC)N2CCCc1ccccc1
A040-B088-C043,A040,B088,C043,1.348953547981164,22.33333333333333,8,0,2,NC(=O)[C@H](CCCCNC(C)=O)NC(=O)c1ccc2c(c1)N=C(c1cc3c(cc1Br)OCO3)N2Cc1ccncc1
A006-B069-C018,A006,B069,C018,1.348953547981164,22.33333333333333,8,0,2,NC(=O)[C@@H](CC1CCC1)NC(=O)c1ccc2c(c1)N=C(c1ccc(C)nc1)N2Cc1cccnc1
A047-B083-C042,A047,B083,C042,1.348953547981164,22.33333333333333,8,0,2,NC(=O)[C@@H](CCC(N)=O)NC(=O)c1ccc2c(c1)N=C(c1cnc3ccccc3n1)N2CCc1cccc(OC)c1
A014-B023-C040,A014,B023,C040,1.348953547981164,22.33333333333333,8,0,2,NC(=O)[C@H](Cc1ccccn1)NC(=O)c1ccc2c(c1)N=C(c1ccc3ccccc3n1)N2Cc1nc(CSC)no1
A037-B070-C033,A037,B070,C033,1.348953547981164,22.33333333333333,8,0,2,NC(=O)C(NC(=O)c1ccc2c(c1)N=C(c1ccc(Cl)cc1)N2Cc1ccc2[nH]ccc2c1)C(C)OC
A085-B022-C064,A085,B022,C064,1.348953547981164,22.33333333333333,8,0,2,NC(=O)[C@H](Cc1cn(Cc2ccccc2)cn1)NC(=O)c1ccc2c(c1)N=C(c1cnccn1)N2C(C)c1ccncc1
A088-B082-C044,A088,B082,C044,1.348953547981164,22.33333333333333,8,0,2,NC(=O)C1CCN(C(=O)c2ccc3c(c2)N=C(c2ccsc2)N3Cc2cc(OC)cc(OC)c2)CC1
A076-B019-C022,A076,B019,C022,1.348953547981164,22.33333333333333,8,0,2,NC(=O)C(CC1CC1)NC(=O)c1ccc2c(c1)N=C(c1ccc(C#N)nc1)N2C(C)C(O)c1ccccc1
A050-B067-C036,A050,B067,C036,1.348953547981164,22.33333333333333,8,0,2,NC(=O)[C@@H](Cc1ccccn1)NC(=O)c1ccc2c(c1)N=C(c1cccc3c1OCO3)N2CC1(C#N)CCOCC1
A094-B070-C085,A094,B070,C085,1.348953547981164,22.33333333333333,8,0,2,NC(=O)c1cccc(CNC(=O)c2ccc3c(c2)N=C(c2ccc(OC)cc2)N3Cc2ccc3[nH]ccc3c2)c1
A003-B056-C042,A003,B056,C042,1.348953547981164,22.33333333333333,8,0,2,NC(=O)[C@H](Cc1ccc(I)cc1)NC(=O)c1ccc2c(c1)N=C(c1cnc3ccccc3n1)N2Cc1ccccc1OC
A084-B082-C036,A084,B082,C036,1.348953547981164,22.33333333333333,8,0,3,NC(=O)[C@H](Cc1cscn1)NC(=O)c1ccc2c(c1)N=C(c1cccc3c1OCO3)N2Cc1cc(OC)cc(OC)c1
A036-B046-C069,A036,B046,C069,1.348953547981164,22.33333333333333,8,0,2,NC(=O)C(CCC(=O)OC)NC(=O)c1ccc2c(c1)N=C(Cc1ccc(C)cc1)N2C1CCN(Cc2ccccc2)C1
A012-B032-C056,A012,B032,C056,1.348953547981164,22.33333333333333,8,0,2,NC(=O)[C@H](Cc1ccncc1)NC(=O)c1ccc2c(c1)N=C(c1ccc(N(C)C)cc1)N2C(CCC)C(F)(F)F
A025-B032-C003,A025,B032,C003,1.348953547981164,22.33333333333333,8,0,3,NC(=O)[C@H](Cc1ccc(OCC=C)cc1)NC(=O)c1ccc2c(c1)N=C(c1cc(OC)ccn1)N2C(CCC)C(F)(F)F
A003-B067-C081,A003,B067,C081,1.348953547981164,22.33333333333333,8,0,2,NC(=O)[C@H](Cc1ccc(I)cc1)NC(=O)c1ccc2c(c1)N=C(c1ccc(O)c(OC)c1)N2CC1(C#N)CCOCC1
A009-B053-C061,A009,B053,C061,1.348953547981164,22.33333333333333,8,0,2,NC(=O)C[C@H](Cc1ccccc1)NC(=O)c1ccc2c(c1)N=C(c1ccc(COC)cc1)N2Cc1cncc(Br)c1
A075-B079-C040,A075,B079,C040,1.348953547981164,22.33333333333333,8,0,2,NC(=O)[C@H](Cc1ccc(OC)c(OC)c1)NC(=O)c1ccc2c(c1)N=C(c1ccc3ccccc3n1)N2Cc1ccc(NC(=O)CC)nc1
A024-B094-C026,A024,B094,C026,1.348953547981164,22.33333333333333,8,0,2,NC(=O)[C@H](CC)NC(=O)c1ccc2c(c1)N=C(c1ccc(N3CCCC3)cc1)N2C1CC(C)(C)N(C)C(C)(C)C1
A091-B026-C074,A091,B026,C074,1.348953547981164,22.33333333333333,8,0,2,NC(=O)c1cccc(NC(=O)c2ccc3c(c2)N=C(C(C)(C)C)N3Cc2ccc(CN3CCCC3)cc2)c1
A064-B045-C020,A064,B045,C020,1.348953547981164,22.33333333333333,8,0,2,NC(=O)[C@H](CCCN=C(NC)NC)NC(=O)c1ccc2c(c1)N=C(c1cc(Br)ccc1O)N2C1CCN(c2ncccn2)CC1
A038-B014-C089,A038,B014,C089,1.348953547981164,22.33333333333333,8,0,2,NC(=O)[C@@H](CC(N)=O)NC(=O)c1ccc2c(c1)N=C(c1ccc(OC(C)=O)cc1)N2CCCc1ccccc1
A013-B055-C022,A013,B055,C022,1.348953547981164,22.33333333333333,8,0,2,NC(=O)[C@H](Cc1csc2ccccc12)NC(=O)c1ccc2c(c1)N=C(c1ccc(C#N)nc1)N2CCc1ccc(OC)cc1
A072-B034-C028,A072,B034,C028,1.348953547981164,22.33333333333333,8,0,2,NC(=O)C(C)(C)NC(=O)c1ccc2c(c1)N=C(c1ccc(N3CCOCC3)cc1)N2C(C)COC
A019-B003-C071,A019,B003,C071,1.348953547981164,22.33333333333333,8,0,2,NC(=O)[C@H](CCCCC(C)(C)C)NC(=O)c1ccc2c(c1)N=C(c1cnc(N3CCOCC3)nc1)N2Cc1ccc(-n2ccnc2)cc1
A076-B043-C059,A076,B043,C059,1.348953547981164,22.33333333333333,8,0,2,NC(=O)C(CC1CC1)NC(=O)c1ccc2c(c1)N=C(c1cccc(S(C)(=O)=O)c1)N2Cc1ccc2c(c1)OCCO2
A087-B057-C026,A087,B057,C026,1.348953547981164,22.33333333333333,8,0,2,NC(=O)[C@@H](NC(=O)c1ccc2c(c1)N=C(c1ccc(N3CCCC3)cc1)N2CC(=O)c1ccc(S(C)(=O)=O)cc1)C1CCCC1
A026-B074-C070,A026,B074,C070,1.348953547981164,22.33333333333333,8,0,2,NC(=O)C(COC)NC(=O)c1ccc2c(c1)N=C(Cc1ccccc1)N2Cc1cccc(N(C)C(C)=O)c1
A062-B082-C011,A062,B082,C011,1.348953547981164,22.33333333333333,8,0,3,NC(=O)[C@@H](NC(=O)c1ccc2c(c1)N=C(CCc1ccccc1)N2Cc1cc(OC)cc(OC)c1)C1CCCCC1
A002-B071-C040,A002,B071,C040,1.348953547981164,22.33333333333333,8,0,2,NC(=O)C(Cc1cn(C)cn1)NC(=O)c1ccc2c(c1)N=C(c1ccc3ccccc3n1)N2Cc1ccc2nccnc2c1
A073-B044-C041,A073,B044,C041,1.348953547981164,22.33333333333333,8,0,2,NC(=O)[C@@H](NC(=O)c1ccc2c(c1)N=C(c1cccc3nccnc13)N2Cc1cnn(C)c1)C1CC1
A094-B023-C048,A094,B023,C048,1.3296751771135111,21.363636363636363,29,1,2,NC(=O)c1cccc(CNC(=O)c2ccc3c(c2)N=C(c2nnc[nH]2)N3Cc2nc(CSC)no2)c1
A012-B042-C057,A012,B042,C057,1.2990514296818934,19.90909090909091,27,1,2,NC(=O)[C@H](Cc1ccncc1)NC(=O)c1ccc2c(c1)N=C(c1ccc(S(C)(=O)=O)cc1)N2CC1CCCCO1
A060-B026-C031,A060,B026,C031,1.293730756922482,19.666666666666668,7,0,2,NC(=O)[C@H](Cc1ccc(Br)cc1)NC(=O)c1ccc2c(c1)N=C(c1cnc[nH]1)N2Cc1ccc(CN2CCCC2)cc1
A057-B042-C032,A057,B042,C032,1.293730756922482,19.666666666666668,7,0,2,NC(=O)[C@H](Cc1ccccc1)NC(=O)c1ccc2c(c1)N=C(c1ccc(C(F)(F)F)cn1)N2CC1CCCCO1
A005-B069-C060,A005,B069,C060,1.293730756922482,19.666666666666668,7,0,2,NC(=O)[C@H](Cc1cccc(OC)c1)NC(=O)c1ccc2c(c1)N=C(c1ccc(Br)c(F)c1)N2Cc1cccnc1
A003-B052-C050,A003,B052,C050,1.293730756922482,19.666666666666668,7,0,2,NC(=O)[C@H](Cc1ccc(I)cc1)NC(=O)c1ccc2c(c1)N=C(c1cccc3nc[nH]c13)N2Cc1cn[nH]c1
A094-B088-C093,A094,B088,C093,1.293730756922482,19.666666666666668,7,0,3,NC(=O)c1cccc(CNC(=O)c2ccc3c(c2)N=C(c2ccc(C)c([N+](=O)[O-])c2)N3Cc2ccncc2)c1
A073-B068-C062,A073,B068,C062,1.293730756922482,19.666666666666668,7,0,2,NC(=O)[C@@H](NC(=O)c1ccc2c(c1)N=C(c1cccc3c1OCCO3)N2CC1CCC(=O)N1)C1CC1
A076-B068-C062,A076,B068,C062,1.293730756922482,19.666666666666668,7,0,2,NC(=O)C(CC1CC1)NC(=O)c1ccc2c(c1)N=C(c1cccc3c1OCCO3)N2CC1CCC(=O)N1
A047-B040-C047,A047,B040,C047,1.293730756922482,19.666666666666668,7,0,2,NC(=O)[C@@H](CCC(N)=O)NC(=O)c1ccc2c(c1)N=C(c1cccs1)N2CCN1CCOCC1
A023-B026-C071,A023,B026,C071,1.293730756922482,19.666666666666668,7,0,2,NC(=O)[C@H](CCCCC1CCCC1)NC(=O)c1ccc2c(c1)N=C(c1cnc(N3CCOCC3)nc1)N2Cc1ccc(CN2CCCC2)cc1
A023-B013-C055,A023,B013,C055,1.293730756922482,19.666666666666668,7,0,2,NC(=O)[C@H](CCCCC1CCCC1)NC(=O)c1ccc2c(c1)N=C(c1csc(Br)n1)N2CC12CCC(CC1)O2
A034-B079-C059,A034,B079,C059,1.293730756922482,19.666666666666668,7,0,2,NC(=O)[C@@H](C)NC(=O)c1ccc2c(c1)N=C(c1cccc(S(C)(=O)=O)c1)N2Cc1ccc(NC(=O)CC)nc1
A013-B044-C029,A013,B044,C029,1.293730756922482,19.666666666666668,7,0,2,NC(=O)[C@H](Cc1csc2ccccc12)NC(=O)c1ccc2c(c1)N=C(c1ccc(NC(C)=O)cc1)N2Cc1cnn(C)c1
A035-B032-C057,A035,B032,C057,1.293730756922482,19.666666666666668,7,0,2,NC(=O)CCNC(=O)c1ccc2c(c1)N=C(c1ccc(S(C)(=O)=O)cc1)N2C(CCC)C(F)(F)F
A012-B046-C004,A012,B046,C004,1.293730756922482,19.666666666666668,7,0,3,NC(=O)[C@H](Cc1ccncc1)NC(=O)c1ccc2c(c1)N=C(c1ccc(O)cc1)N2C1CCN(Cc2ccccc2)C1
A084-B046-C054,A084,B046,C054,1.293730756922482,19.666666666666668,7,0,2,NC(=O)[C@H](Cc1cscn1)NC(=O)c1ccc2c(c1)N=C(c1ccc3c(ccn3C)c1)N2C1CCN(Cc2ccccc2)C1
A025-B083-C061,A025,B083,C061,1.293730756922482,19.666666666666668,7,0,2,NC(=O)[C@H](Cc1ccc(OCC=C)cc1)NC(=O)c1ccc2c(c1)N=C(c1ccc(COC)cc1)N2CCc1cccc(OC)c1
A038-B044-C062,A038,B044,C062,1.293730756922482,19.666666666666668,7,0,2,NC(=O)[C@@H](CC(N)=O)NC(=O)c1ccc2c(c1)N=C(c1cccc3c1OCCO3)N2Cc1cnn(C)c1
A037-B079-C031,A037,B079,C031,1.293730756922482,19.666666666666668,7,0,2,NC(=O)C(NC(=O)c1ccc2c(c1)N=C(c1cnc[nH]1)N2Cc1ccc(NC(=O)CC)nc1)C(C)OC
A079-B078-C006,A079,B078,C006,1.293730756922482,19.666666666666668,7,0,2,NC(=O)[C@H](Cc1ccccc1C)NC(=O)c1ccc2c(c1)N=C(c1ccccc1O)N2Cc1ccc(C)cc1
A014-B052-C059,A014,B052,C059,1.293730756922482,19.666666666666668,7,0,3,NC(=O)[C@H](Cc1ccccn1)NC(=O)c1ccc2c(c1)N=C(c1cccc(S(C)(=O)=O)c1)N2Cc1cn[nH]c1
A032-B024-C070,A032,B024,C070,1.293730756922482,19.666666666666668,7,0,2,NC(=O)[C@H](CCCNC(N)=O)NC(=O)c1ccc2c(c1)N=C(Cc1ccccc1)N2Cc1nncn1C(C)C
A012-B079-C095,A012,B079,C095,1.293730756922482,19.666666666666668,7,0,2,NC(=O)[C@H](Cc1ccncc1)NC(=O)c1ccc2c(c1)N=C(c1cc(Cl)cc(Cl)c1)N2Cc1ccc(NC(=O)CC)nc1
A045-B082-C035,A045,B082,C035,1.293730756922482,19.666666666666668,7,0,2,NC(=O)[C@@H]1CCCN1C(=O)c1ccc2c(c1)N=C(c1cccnc1)N2Cc1cc(OC)cc(OC)c1
A008-B081-C060,A008,B081,C060,1.293730756922482,19.666666666666668,7,0,2,NC(=O)[C@H](Cc1cccs1)NC(=O)c1ccc2c(c1)N=C(c1ccc(Br)c(F)c1)N2Cc1ccc(S(=O)(=O)CC)cc1
A071-B087-C037,A071,B087,C037,1.293730756922482,19.666666666666668,7,0,2,NC(=O)[C@H](Cc1ccco1)NC(=O)c1ccc2c(c1)N=C(c1ccc(C)cc1)N2Cc1ccc(F)cc1
A003-B090-C045,A003,B090,C045,1.293730756922482,19.666666666666668,7,0,2,NC(=O)[C@H](Cc1ccc(I)cc1)NC(=O)c1ccc2c(c1)N=C(c1n[nH]c3ccccc13)N2Cc1ccc(Br)cc1
A094-B019-C046,A094,B019,C046,1.293730756922482,19.666666666666668,7,0,2,NC(=O)c1cccc(CNC(=O)c2ccc3c(c2)N=C(c2cccc(N4CCN(C)CC4)c2)N3C(C)C(O)c2ccccc2)c1
A039-B044-C053,A039,B044,C053,1.293730756922482,19.666666666666668,7,0,2,NC(=O)[C@H](NC(=O)c1ccc2c(c1)N=C(C(C)c1ccccc1)N2Cc1cnn(C)c1)[C@H](C)CC
A007-B069-C025,A007,B069,C025,1.293730756922482,19.666666666666668,7,0,2,NC(=O)[C@H](Cc1ccc(C#N)cc1)NC(=O)c1ccc2c(c1)N=C(c1ncc[nH]1)N2Cc1cccnc1
A009-B024-C064,A009,B024,C064,1.293730756922482,19.666666666666668,7,0,2,NC(=O)C[C@H](Cc1ccccc1)NC(=O)c1ccc2c(c1)N=C(c1cnccn1)N2Cc1nncn1C(C)C
A014-B038-C064,A014,B038,C064,1.293730756922482,19.666666666666668,7,0,2,NC(=O)[C@H](Cc1ccccn1)NC(=O)c1ccc2c(c1)N=C(c1cnccn1)N2CCN1CCCN(C)CC1
A075-B053-C055,A075,B053,C055,1.293730756922482,19.666666666666668,7,0,2,NC(=O)[C@H](Cc1ccc(OC)c(OC)c1)NC(=O)c1ccc2c(c1)N=C(c1csc(Br)n1)N2Cc1cncc(Br)c1
A007-B074-C064,A007,B074,C064,1.293730756922482,19.666666666666668,7,0,2,NC(=O)[C@H](Cc1ccc(C#N)cc1)NC(=O)c1ccc2c(c1)N=C(c1cnccn1)N2Cc1cccc(N(C)C(C)=O)c1
A022-B010-C038,A022,B010,C038,1.293730756922482,19.666666666666668,7,0,2,NC(=O)[C@H](CCc1ccccc1)NC(=O)c1ccc2c(c1)N=C(c1cc(F)cc(F)c1)N2CC1COC(C)(C)O1
A074-B013-C065,A074,B013,C065,1.293730756922482,19.666666666666668,7,0,2,NC(=O)[C@H](Cc1cccnc1)NC(=O)c1ccc2c(c1)N=C(c1cccc(OC)c1)N2CC12CCC(CC1)O2
A091-B010-C028,A091,B010,C028,1.293730756922482,19.666666666666668,7,0,2,NC(=O)c1cccc(NC(=O)c2ccc3c(c2)N=C(c2ccc(N4CCOCC4)cc2)N3CC2COC(C)(C)O2)c1
A026-B055-C026,A026,B055,C026,1.293730756922482,19.666666666666668,7,0,2,NC(=O)C(COC)NC(=O)c1ccc2c(c1)N=C(c1ccc(N3CCCC3)cc1)N2CCc1ccc(OC)cc1
A037-B058-C027,A037,B058,C027,1.293730756922482,19.666666666666668,7,0,2,NC(=O)C(NC(=O)c1ccc2c(c1)N=C(c1ccc(C#N)cc1)N2Cc1ccc(OC)cc1OC)C(C)OC
A086-B094-C086,A086,B094,C086,1.293730756922482,19.666666666666668,7,0,2,NC(=O)[C@@H]1C[C@@H](c2ccccc2)CN1C(=O)c1ccc2c(c1)N=C(c1ccc(Cl)c(OC)c1)N2C1CC(C)(C)N(C)C(C)(C)C1
A011-B007-C091,A011,B007,C091,1.293730756922482,19.666666666666668,7,0,2,NC(=O)[C@H](CCC)NC(=O)c1ccc2c(c1)N=C(c1ccc(-c3ccc(Cl)cc3)o1)N2CCNC(C)=O
A072-B046-C031,A072,B046,C031,1.293730756922482,19.666666666666668,7,0,2,NC(=O)C(C)(C)NC(=O)c1ccc2c(c1)N=C(c1cnc[nH]1)N2C1CCN(Cc2ccccc2)C1
A037-B026-C075,A037,B026,C075,1.293730756922482,19.666666666666668,7,0,2,NC(=O)C(NC(=O)c1ccc2c(c1)N=C(C1COC1)N2Cc1ccc(CN2CCCC2)cc1)C(C)OC
A082-B042-C035,A082,B042,C035,1.293730756922482,19.666666666666668,7,0,2,NC(=O)[C@H](Cc1ccc(C(F)(F)F)cc1)NC(=O)c1ccc2c(c1)N=C(c1cccnc1)N2CC1CCCCO1
A011-B019-C080,A011,B019,C080,1.293730756922482,19.666666666666668,7,0,2,NC(=O)[C@H](CCC)NC(=O)c1ccc2c(c1)N=C(c1cnc(C)[nH]1)N2C(C)C(O)c1ccccc1
A004-B016-C043,A004,B016,C043,1.293730756922482,19.666666666666668,7,0,2,NC(=O)[C@H](CCc1ccc(OC(C)(C)C)cc1)NC(=O)c1ccc2c(c1)N=C(c1cc3c(cc1Br)OCO3)N2C(CC)CC
A003-B010-C041,A003,B010,C041,1.293730756922482,19.666666666666668,7,0,2,NC(=O)[C@H](Cc1ccc(I)cc1)NC(=O)c1ccc2c(c1)N=C(c1cccc3nccnc13)N2CC1COC(C)(C)O1
A070-B010-C034,A070,B010,C034,1.293730756922482,19.666666666666668,7,0,2,NC(=O)[C@@H](NC(=O)c1ccc2c(c1)N=C(c1ccco1)N2CC1COC(C)(C)O1)c1ccccc1
A002-B058-C018,A002,B058,C018,1.293730756922482,19.666666666666668,7,0,2,NC(=O)C(Cc1cn(C)cn1)NC(=O)c1ccc2c(c1)N=C(c1ccc(C)nc1)N2Cc1ccc(OC)cc1OC
A014-B021-C030,A014,B021,C030,1.293730756922482,19.666666666666668,7,0,2,NC(=O)[C@H](Cc1ccccn1)NC(=O)c1ccc2c(c1)N=C(c1cc(C)c(O)c(C)c1)N2C(C)c1ccccc1
A023-B041-C057,A023,B041,C057,1.293730756922482,19.666666666666668,7,0,2,NC(=O)[C@H](CCCCC1CCCC1)NC(=O)c1ccc2c(c1)N=C(c1ccc(S(C)(=O)=O)cc1)N2CC(=O)N1CCOCC1
A067-B074-C038,A067,B074,C038,1.293730756922482,19.666666666666668,7,0,2,NC(=O)CN1C(=O)CN(C(=O)c2ccc3c(c2)N=C(c2cc(F)cc(F)c2)N3Cc2cccc(N(C)C(C)=O)c2)c2ccccc21
A045-B080-C051,A045,B080,C051,1.293730756922482,19.666666666666668,7,0,2,NC(=O)[C@@H]1CCCN1C(=O)c1ccc2c(c1)N=C(c1cc(C)on1)N2Cc1ccnc(C)c1
A036-B064-C088,A036,B064,C088,1.293730756922482,19.666666666666668,7,0,2,NC(=O)C(CCC(=O)OC)NC(=O)c1ccc2c(c1)N=C(c1ccc(C(=O)OC)c(F)c1)N2Cc1cccs1
A005-B079-C038,A005,B079,C038,1.293730756922482,19.666666666666668,7,0,2,NC(=O)[C@H](Cc1cccc(OC)c1)NC(=O)c1ccc2c(c1)N=C(c1cc(F)cc(F)c1)N2Cc1ccc(NC(=O)CC)nc1
A023-B041-C077,A023,B041,C077,1.293730756922482,19.666666666666668,7,0,3,NC(=O)[C@H](CCCCC1CCCC1)NC(=O)c1ccc2c(c1)N=C(CC(C)C)N2CC(=O)N1CCOCC1
A068-B053-C012,A068,B053,C012,1.293730756922482,19.666666666666668,7,0,2,NC(=O)[C@H](CCCCN(C)C)NC(=O)c1ccc2c(c1)N=C(c1cc3ccoc3cn1)N2Cc1cncc(Br)c1
A094-B074-C074,A094,B074,C074,1.293730756922482,19.666666666666668,7,0,3,NC(=O)c1cccc(CNC(=O)c2ccc3c(c2)N=C(C(C)(C)C)N3Cc2cccc(N(C)C(C)=O)c2)c1
A025-B080-C048,A025,B080,C048,1.293730756922482,19.666666666666668,7,0,2,NC(=O)[C@H](Cc1ccc(OCC=C)cc1)NC(=O)c1ccc2c(c1)N=C(c1nnc[nH]1)N2Cc1ccnc(C)c1
A085-B063-C079,A085,B063,C079,1.293730756922482,19.666666666666668,7,0,2,NC(=O)[C@H](Cc1cn(Cc2ccccc2)cn1)NC(=O)c1ccc2c(c1)N=C(C(CC)CC)N2Cc1ccco1
A010-B074-C042,A010,B074,C042,1.293730756922482,19.666666666666668,7,0,2,NC(=O)[C@H](Cc1ccsc1)NC(=O)c1ccc2c(c1)N=C(c1cnc3ccccc3n1)N2Cc1cccc(N(C)C(C)=O)c1
A013-B062-C064,A013,B062,C064,1.293730756922482,19.666666666666668,7,0,2,NC(=O)[C@H](Cc1csc2ccccc12)NC(=O)c1ccc2c(c1)N=C(c1cnccn1)N2Cc1[nH]cnc1C
A073-B053-C070,A073,B053,C070,1.293730756922482,19.666666666666668,7,0,2,NC(=O)[C@@H](NC(=O)c1ccc2c(c1)N=C(Cc1ccccc1)N2Cc1cncc(Br)c1)C1CC1
A091-B074-C054,A091,B074,C054,1.293730756922482,19.666666666666668,7,0,2,NC(=O)c1cccc(NC(=O)c2ccc3c(c2)N=C(c2ccc4c(ccn4C)c2)N3Cc2cccc(N(C)C(C)=O)c2)c1
A025-B029-C060,A025,B029,C060,1.293730756922482,19.666666666666668,7,0,2,NC(=O)[C@H](Cc1ccc(OCC=C)cc1)NC(=O)c1ccc2c(c1)N=C(c1ccc(Br)c(F)c1)N2C1CC2CN(C)CCN2C1
A061-B046-C078,A061,B046,C078,1.293730756922482,19.666666666666668,7,0,2,NC(=O)CN(C)C(=O)c1ccc2c(c1)N=C(c1[nH]c(-c3ccccc3)nc1Cl)N2C1CCN(Cc2ccccc2)C1
A095-B016-C063,A095,B016,C063,1.293730756922482,19.666666666666668,7,0,2,NC(=O)[C@H](CCC(N)=O)NC(=O)c1ccc2c(c1)N=C(c1cc(C)nc(C)c1)N2C(CC)CC
A076-B052-C076,A076,B052,C076,1.293730756922482,19.666666666666668,7,0,2,NC(=O)C(CC1CC1)NC(=O)c1ccc2c(c1)N=C(C1CCN(C)CC1)N2Cc1cn[nH]c1
A024-B071-C042,A024,B071,C042,1.293730756922482,19.666666666666668,7,0,2,NC(=O)[C@H](CC)NC(=O)c1ccc2c(c1)N=C(c1cnc3ccccc3n1)N2Cc1ccc2nccnc2c1
A076-B058-C035,A076,B058,C035,1.293730756922482,19.666666666666668,7,0,2,NC(=O)C(CC1CC1)NC(=O)c1ccc2c(c1)N=C(c1cccnc1)N2Cc1ccc(OC)cc1OC
A024-B031-C047,A024,B031,C047,1.293730756922482,19.666666666666668,7,0,2,NC(=O)[C@H](CC)NC(=O)c1ccc2c(c1)N=C(c1cccs1)N2C1CCN(CC)CC1
A059-B026-C001,A059,B026,C001,1.293730756922482,19.666666666666668,7,0,2,NC(=O)[C@@H](Cc1ccccc1)NC(=O)c1ccc2c(c1)N=C(c1ccc3cccnc3c1)N2Cc1ccc(CN2CCCC2)cc1
A014-B068-C056,A014,B068,C056,1.293730756922482,19.666666666666668,7,0,2,NC(=O)[C@H](Cc1ccccn1)NC(=O)c1ccc2c(c1)N=C(c1ccc(N(C)C)cc1)N2CC1CCC(=O)N1
A045-B071-C089,A045,B071,C089,1.293730756922482,19.666666666666668,7,0,2,NC(=O)[C@@H]1CCCN1C(=O)c1ccc2c(c1)N=C(c1ccc(OC(C)=O)cc1)N2Cc1ccc2nccnc2c1
A010-B046-C058,A010,B046,C058,1.293730756922482,19.666666666666668,7,0,2,NC(=O)[C@H](Cc1ccsc1)NC(=O)c1ccc2c(c1)N=C(c1ccc3ccn(C)c3c1)N2C1CCN(Cc2ccccc2)C1
A001-B038-C091,A001,B038,C091,1.293730756922482,19.666666666666668,7,0,2,NC(=O)C[C@@H]1CCCN1C(=O)c1ccc2c(c1)N=C(c1ccc(-c3ccc(Cl)cc3)o1)N2CCN1CCCN(C)CC1
A092-B023-C048,A092,B023,C048,1.293730756922482,19.666666666666668,7,0,2,NC(=O)c1ccccc1NC(=O)c1ccc2c(c1)N=C(c1nnc[nH]1)N2Cc1nc(CSC)no1
A071-B082-C018,A071,B082,C018,1.293730756922482,19.666666666666668,7,0,2,NC(=O)[C@H](Cc1ccco1)NC(=O)c1ccc2c(c1)N=C(c1ccc(C)nc1)N2Cc1cc(OC)cc(OC)c1
A007-B041-C049,A007,B041,C049,1.293730756922482,19.666666666666668,7,0,2,NC(=O)[C@H](Cc1ccc(C#N)cc1)NC(=O)c1ccc2c(c1)N=C(c1ccc(CC)o1)N2CC(=O)N1CCOCC1
A014-B055-C050,A014,B055,C050,1.293730756922482,19.666666666666668,7,0,2,NC(=O)[C@H](Cc1ccccn1)NC(=O)c1ccc2c(c1)N=C(c1cccc3nc[nH]c13)N2CCc1ccc(OC)cc1
A023-B077-C051,A023,B077,C051,1.293730756922482,19.666666666666668,7,0,2,NC(=O)[C@H](CCCCC1CCCC1)NC(=O)c1ccc2c(c1)N=C(c1cc(C)on1)N2Cc1ccc(CN(C)C)cc1
A091-B080-C051,A091,B080,C051,1.293730756922482,19.666666666666668,7,0,2,NC(=O)c1cccc(NC(=O)c2ccc3c(c2)N=C(c2cc(C)on2)N3Cc2ccnc(C)c2)c1
A088-B052-C030,A088,B052,C030,1.293730756922482,19.666666666666668,7,0,2,NC(=O)C1CCN(C(=O)c2ccc3c(c2)N=C(c2cc(C)c(O)c(C)c2)N3Cc2cn[nH]c2)CC1
A012-B007-C068,A012,B007,C068,1.293730756922482,19.666666666666668,7,0,3,NC(=O)[C@H](Cc1ccncc1)NC(=O)c1ccc2c(c1)N=C(c1cn[nH]c1)N2CCNC(C)=O
A071-B075-C080,A071,B075,C080,1.293730756922482,19.666666666666668,7,0,2,NC(=O)[C@H](Cc1ccco1)NC(=O)c1ccc2c(c1)N=C(c1cnc(C)[nH]1)N2Cc1cccc(OC(F)F)c1
A035-B046-C036,A035,B046,C036,1.293730756922482,19.666666666666668,7,0,2,NC(=O)CCNC(=O)c1ccc2c(c1)N=C(c1cccc3c1OCO3)N2C1CCN(Cc2ccccc2)C1
A094-B016-C013,A094,B016,C013,1.293730756922482,19.666666666666668,7,0,2,NC(=O)c1cccc(CNC(=O)c2ccc3c(c2)N=C(c2ccccc2)N3C(CC)CC)c1
A081-B066-C035,A081,B066,C035,1.293730756922482,19.666666666666668,7,0,2,NC(=O)[C@H](Cc1ccnc(Cl)c1)NC(=O)c1ccc2c(c1)N=C(c1cccnc1)N2CCS(=O)(=O)N1CCCC1
A094-B082-C031,A094,B082,C031,1.293730756922482,19.666666666666668,7,0,3,NC(=O)c1cccc(CNC(=O)c2ccc3c(c2)N=C(c2cnc[nH]2)N3Cc2cc(OC)cc(OC)c2)c1
A091-B018-C090,A091,B018,C090,1.293730756922482,19.666666666666668,7,0,2,NC(=O)c1cccc(NC(=O)c2ccc3c(c2)N=C(c2ccc(-c4ccc(OC)cc4)o2)N3C(C)c2ccc(OC)cc2)c1
A045-B029-C039,A045,B029,C039,1.293730756922482,19.666666666666668,7,0,2,NC(=O)[C@@H]1CCCN1C(=O)c1ccc2c(c1)N=C(c1ccc(=O)[nH]c1)N2C1CC2CN(C)CCN2C1
A048-B043-C088,A048,B043,C088,1.293730756922482,19.666666666666668,7,0,2,NC(=O)[C@H](CC(C)C)NC(=O)c1ccc2c(c1)N=C(c1ccc(C(=O)OC)c(F)c1)N2Cc1ccc2c(c1)OCCO2
A011-B014-C090,A011,B014,C090,1.293730756922482,19.666666666666668,7,0,2,NC(=O)[C@H](CCC)NC(=O)c1ccc2c(c1)N=C(c1ccc(-c3ccc(OC)cc3)o1)N2CCCc1ccccc1
A003-B055-C052,A003,B055,C052,1.293730756922482,19.666666666666668,7,0,2,NC(=O)[C@H](Cc1ccc(I)cc1)NC(=O)c1ccc2c(c1)N=C(c1ccc(CO)cc1)N2CCc1ccc(OC)cc1
A088-B074-C040,A088,B074,C040,1.293730756922482,19.666666666666668,7,0,2,NC(=O)C1CCN(C(=O)c2ccc3c(c2)N=C(c2ccc4ccccc4n2)N3Cc2cccc(N(C)C(C)=O)c2)CC1
A004-B055-C056,A004,B055,C056,1.293730756922482,19.666666666666668,7,0,2,NC(=O)[C@H](CCc1ccc(OC(C)(C)C)cc1)NC(=O)c1ccc2c(c1)N=C(c1ccc(N(C)C)cc1)N2CCc1ccc(OC)cc1
A094-B068-C047,A094,B068,C047,1.293730756922482,19.666666666666668,7,0,2,NC(=O)c1cccc(CNC(=O)c2ccc3c(c2)N=C(c2cccs2)N3CC2CCC(=O)N2)c1
A023-B050-C008,A023,B050,C008,1.293730756922482,19.666666666666668,7,0,2,NC(=O)[C@H](CCCCC1CCCC1)NC(=O)c1ccc2c(c1)N=C(c1cccc(O)c1)N2Cc1nnc2ccccn12
A092-B056-C071,A092,B056,C071,1.293730756922482,19.666666666666668,7,0,2,NC(=O)c1ccccc1NC(=O)c1ccc2c(c1)N=C(c1cnc(N3CCOCC3)nc1)N2Cc1ccccc1OC
A083-B051-C005,A083,B051,C005,1.293730756922482,19.666666666666668,7,0,3,NC(=O)[C@H](CCCCNC(=O)c1cccnc1)NC(=O)c1ccc2c(c1)N=C(c1ccc3[nH]ccc3c1)N2Cc1cc[nH]c1
A083-B078-C039,A083,B078,C039,1.293730756922482,19.666666666666668,7,0,2,NC(=O)[C@H](CCCCNC(=O)c1cccnc1)NC(=O)c1ccc2c(c1)N=C(c1ccc(=O)[nH]c1)N2Cc1ccc(C)cc1
A013-B023-C017,A013,B023,C017,1.293730756922482,19.666666666666668,7,0,2,NC(=O)[C@H](Cc1csc2ccccc12)NC(=O)c1ccc2c(c1)N=C(c1ccc(Br)o1)N2Cc1nc(CSC)no1
A014-B076-C049,A014,B076,C049,1.293730756922482,19.666666666666668,7,0,2,NC(=O)[C@H](Cc1ccccn1)NC(=O)c1ccc2c(c1)N=C(c1ccc(CC)o1)N2Cc1ccc(F)c(F)c1
A024-B075-C035,A024,B075,C035,1.293730756922482,19.666666666666668,7,0,2,NC(=O)[C@H](CC)NC(=O)c1ccc2c(c1)N=C(c1cccnc1)N2Cc1cccc(OC(F)F)c1
A014-B083-C022,A014,B083,C022,1.293730756922482,19.666666666666668,7,0,2,NC(=O)[C@H](Cc1ccccn1)NC(=O)c1ccc2c(c1)N=C(c1ccc(C#N)nc1)N2CCc1cccc(OC)c1
A095-B042-C056,A095,B042,C056,1.293730756922482,19.666666666666668,7,0,2,NC(=O)[C@H](CCC(N)=O)NC(=O)c1ccc2c(c1)N=C(c1ccc(N(C)C)cc1)N2CC1CCCCO1
A025-B082-C085,A025,B082,C085,1.293730756922482,19.666666666666668,7,0,2,NC(=O)[C@H](Cc1ccc(OCC=C)cc1)NC(=O)c1ccc2c(c1)N=C(c1ccc(OC)cc1)N2Cc1cc(OC)cc(OC)c1
A027-B068-C077,A027,B068,C077,1.293730756922482,19.666666666666668,7,0,2,NC(=O)[C@H](Cc1ccccc1F)NC(=O)c1ccc2c(c1)N=C(CC(C)C)N2CC1CCC(=O)N1
A012-B091-C071,A012,B091,C071,1.293730756922482,19.666666666666668,7,0,2,NC(=O)[C@H](Cc1ccncc1)NC(=O)c1ccc2c(c1)N=C(c1cnc(N3CCOCC3)nc1)N2Cc1ccccc1
A025-B042-C029,A025,B042,C029,1.293730756922482,19.666666666666668,7,0,2,NC(=O)[C@H](Cc1ccc(OCC=C)cc1)NC(=O)c1ccc2c(c1)N=C(c1ccc(NC(C)=O)cc1)N2CC1CCCCO1
A012-B023-C066,A012,B023,C066,1.293730756922482,19.666666666666668,7,0,2,NC(=O)[C@H](Cc1ccncc1)NC(=O)c1ccc2c(c1)N=C(c1ccc(F)cc1C)N2Cc1nc(CSC)no1
A006-B019-C048,A006,B019,C048,1.293730756922482,19.666666666666668,7,0,2,NC(=O)[C@@H](CC1CCC1)NC(=O)c1ccc2c(c1)N=C(c1nnc[nH]1)N2C(C)C(O)c1ccccc1
A036-B044-C024,A036,B044,C024,1.293730756922482,19.666666666666668,7,0,2,NC(=O)C(CCC(=O)OC)NC(=O)c1ccc2c(c1)N=C(c1cccc(OCC)c1)N2Cc1cnn(C)c1
A009-B056-C041,A009,B056,C041,1.293730756922482,19.666666666666668,7,0,2,NC(=O)C[C@H](Cc1ccccc1)NC(=O)c1ccc2c(c1)N=C(c1cccc3nccnc13)N2Cc1ccccc1OC
A091-B019-C064,A091,B019,C064,1.293730756922482,19.666666666666668,7,0,2,NC(=O)c1cccc(NC(=O)c2ccc3c(c2)N=C(c2cnccn2)N3C(C)C(O)c2ccccc2)c1
A091-B029-C084,A091,B029,C084,1.293730756922482,19.666666666666668,7,0,2,NC(=O)c1cccc(NC(=O)c2ccc3c(c2)N=C(c2ccoc2)N3C2CC3CN(C)CCN3C2)c1
A013-B079-C077,A013,B079,C077,1.293730756922482,19.666666666666668,7,0,2,NC(=O)[C@H](Cc1csc2ccccc12)NC(=O)c1ccc2c(c1)N=C(CC(C)C)N2Cc1ccc(NC(=O)CC)nc1
A014-B039-C096,A014,B039,C096,1.293730756922482,19.666666666666668,7,0,2,NC(=O)[C@H](Cc1ccccn1)NC(=O)c1ccc2c(c1)N=C(c1ccc(Cl)cc1O)N2CC1CCCO1
A011-B043-C045,A011,B043,C045,1.293730756922482,19.666666666666668,7,0,2,NC(=O)[C@H](CCC)NC(=O)c1ccc2c(c1)N=C(c1n[nH]c3ccccc13)N2Cc1ccc2c(c1)OCCO2
A081-B053-C042,A081,B053,C042,1.293730756922482,19.666666666666668,7,0,2,NC(=O)[C@H](Cc1ccnc(Cl)c1)NC(=O)c1ccc2c(c1)N=C(c1cnc3ccccc3n1)N2Cc1cncc(Br)c1
A095-B053-C081,A095,B053,C081,1.293730756922482,19.666666666666668,7,0,2,NC(=O)[C@H](CCC(N)=O)NC(=O)c1ccc2c(c1)N=C(c1ccc(O)c(OC)c1)N2Cc1cncc(Br)c1
A073-B019-C026,A073,B019,C026,1.293730756922482,19.666666666666668,7,0,2,NC(=O)[C@@H](NC(=O)c1ccc2c(c1)N=C(c1ccc(N3CCCC3)cc1)N2C(C)C(O)c1ccccc1)C1CC1
A034-B077-C083,A034,B077,C083,1.293730756922482,19.666666666666668,7,0,2,NC(=O)[C@@H](C)NC(=O)c1ccc2c(c1)N=C(c1cc(Br)ccc1OC)N2Cc1ccc(CN(C)C)cc1
A048-B077-C046,A048,B077,C046,1.293730756922482,19.666666666666668,7,0,2,NC(=O)[C@H](CC(C)C)NC(=O)c1ccc2c(c1)N=C(c1cccc(N3CCN(C)CC3)c1)N2Cc1ccc(CN(C)C)cc1
A023-B083-C046,A023,B083,C046,1.293730756922482,19.666666666666668,7,0,3,NC(=O)[C@H](CCCCC1CCCC1)NC(=O)c1ccc2c(c1)N=C(c1cccc(N3CCN(C)CC3)c1)N2CCc1cccc(OC)c1
A076-B031-C012,A076,B031,C012,1.293730756922482,19.666666666666668,7,0,2,NC(=O)C(CC1CC1)NC(=O)c1ccc2c(c1)N=C(c1cc3ccoc3cn1)N2C1CCN(CC)CC1
A036-B076-C069,A036,B076,C069,1.293730756922482,19.666666666666668,7,0,2,NC(=O)C(CCC(=O)OC)NC(=O)c1ccc2c(c1)N=C(Cc1ccc(C)cc1)N2Cc1ccc(F)c(F)c1
A035-B018-C046,A035,B018,C046,1.293730756922482,19.666666666666668,7,0,2,NC(=O)CCNC(=O)c1ccc2c(c1)N=C(c1cccc(N3CCN(C)CC3)c1)N2C(C)c1ccc(OC)cc1
A084-B010-C038,A084,B010,C038,1.293730756922482,19.666666666666668,7,0,3,NC(=O)[C@H](Cc1cscn1)NC(=O)c1ccc2c(c1)N=C(c1cc(F)cc(F)c1)N2CC1COC(C)(C)O1
A074-B019-C075,A074,B019,C075,1.293730756922482,19.666666666666668,7,0,2,NC(=O)[C@H](Cc1cccnc1)NC(=O)c1ccc2c(c1)N=C(C1COC1)N2C(C)C(O)c1ccccc1
A074-B041-C002,A074,B041,C002,1.293730756922482,19.666666666666668,7,0,2,NC(=O)[C@H](Cc1cccnc1)NC(=O)c1ccc2c(c1)N=C(c1ccc(F)cc1)N2CC(=O)N1CCOCC1
A077-B079-C090,A077,B079,C090,1.293730756922482,19.666666666666668,7,0,2,NC(=O)[C@H]1CCCN(C(=O)c2ccc3c(c2)N=C(c2ccc(-c4ccc(OC)cc4)o2)N3Cc2ccc(NC(=O)CC)nc2)C1
A087-B074-C033,A087,B074,C033,1.293730756922482,19.666666666666668,7,0,2,NC(=O)[C@@H](NC(=O)c1ccc2c(c1)N=C(c1ccc(Cl)cc1)N2Cc1cccc(N(C)C(C)=O)c1)C1CCCC1
A054-B009-C032,A054,B009,C032,1.293730756922482,19.666666666666668,7,0,2,NC(=O)[C@H](CC(=O)OC)NC(=O)c1ccc2c(c1)N=C(c1ccc(C(F)(F)F)cn1)N2CCCN(CC)CC
A047-B007-C044,A047,B007,C044,1.293730756922482,19.666666666666668,7,0,2,NC(=O)[C@@H](CCC(N)=O)NC(=O)c1ccc2c(c1)N=C(c1ccsc1)N2CCNC(C)=O
A036-B091-C002,A036,B091,C002,1.293730756922482,19.666666666666668,7,0,2,NC(=O)C(CCC(=O)OC)NC(=O)c1ccc2c(c1)N=C(c1ccc(F)cc1)N2Cc1ccccc1
A038-B071-C013,A038,B071,C013,1.293730756922482,19.666666666666668,7,0,2,NC(=O)[C@@H](CC(N)=O)NC(=O)c1ccc2c(c1)N=C(c1ccccc1)N2Cc1ccc2nccnc2c1
A024-B076-C017,A024,B076,C017,1.293730756922482,19.666666666666668,7,0,2,NC(=O)[C@H](CC)NC(=O)c1ccc2c(c1)N=C(c1ccc(Br)o1)N2Cc1ccc(F)c(F)c1
A011-B049-C038,A011,B049,C038,1.293730756922482,19.666666666666668,7,0,2,NC(=O)[C@H](CCC)NC(=O)c1ccc2c(c1)N=C(c1cc(F)cc(F)c1)N2Cc1ccccn1
A094-B040-C012,A094,B040,C012,1.293730756922482,19.666666666666668,7,0,2,NC(=O)c1cccc(CNC(=O)c2ccc3c(c2)N=C(c2cc4ccoc4cn2)N3CCN2CCOCC2)c1
A024-B044-C090,A024,B044,C090,1.293730756922482,19.666666666666668,7,0,2,NC(=O)[C@H](CC)NC(=O)c1ccc2c(c1)N=C(c1ccc(-c3ccc(OC)cc3)o1)N2Cc1cnn(C)c1
A034-B079-C036,A034,B079,C036,1.293730756922482,19.666666666666668,7,0,2,NC(=O)[C@@H](C)NC(=O)c1ccc2c(c1)N=C(c1cccc3c1OCO3)N2Cc1ccc(NC(=O)CC)nc1
A012-B007-C013,A012,B007,C013,1.293730756922482,19.666666666666668,7,0,3,NC(=O)[C@H](Cc1ccncc1)NC(=O)c1ccc2c(c1)N=C(c1ccccc1)N2CCNC(C)=O
A005-B048-C029,A005,B048,C029,1.293730756922482,19.666666666666668,7,0,2,NC(=O)[C@H](Cc1cccc(OC)c1)NC(=O)c1ccc2c(c1)N=C(c1ccc(NC(C)=O)cc1)N2C1CCN(C(C)C)CC1
A003-B068-C073,A003,B068,C073,1.293730756922482,19.666666666666668,7,0,2,NC(=O)[C@H](Cc1ccc(I)cc1)NC(=O)c1ccc2c(c1)N=C(CCC)N2CC1CCC(=O)N1
A035-B041-C017,A035,B041,C017,1.293730756922482,19.666666666666668,7,0,2,NC(=O)CCNC(=O)c1ccc2c(c1)N=C(c1ccc(Br)o1)N2CC(=O)N1CCOCC1
A035-B068-C093,A035,B068,C093,1.293730756922482,19.666666666666668,7,0,2,NC(=O)CCNC(=O)c1ccc2c(c1)N=C(c1ccc(C)c([N+](=O)[O-])c1)N2CC1CCC(=O)N1
A077-B041-C073,A077,B041,C073,1.293730756922482,19.666666666666668,7,0,2,NC(=O)[C@H]1CCCN(C(=O)c2ccc3c(c2)N=C(CCC)N3CC(=O)N2CCOCC2)C1
A083-B080-C014,A083,B080,C014,1.293730756922482,19.666666666666668,7,0,2,NC(=O)[C@H](CCCCNC(=O)c1cccnc1)NC(=O)c1ccc2c(c1)N=C(c1nc3ccccc3[nH]1)N2Cc1ccnc(C)c1
A091-B056-C046,A091,B056,C046,1.293730756922482,19.666666666666668,7,0,2,NC(=O)c1cccc(NC(=O)c2ccc3c(c2)N=C(c2cccc(N4CCN(C)CC4)c2)N3Cc2ccccc2OC)c1
A084-B069-C022,A084,B069,C022,1.293730756922482,19.666666666666668,7,0,2,NC(=O)[C@H](Cc1cscn1)NC(=O)c1ccc2c(c1)N=C(c1ccc(C#N)nc1)N2Cc1cccnc1
A073-B078-C055,A073,B078,C055,1.293730756922482,19.666666666666668,7,0,2,NC(=O)[C@@H](NC(=O)c1ccc2c(c1)N=C(c1csc(Br)n1)N2Cc1ccc(C)cc1)C1CC1
A038-B081-C011,A038,B081,C011,1.293730756922482,19.666666666666668,7,0,2,NC(=O)[C@@H](CC(N)=O)NC(=O)c1ccc2c(c1)N=C(CCc1ccccc1)N2Cc1ccc(S(=O)(=O)CC)cc1
A095-B046-C076,A095,B046,C076,1.293730756922482,19.666666666666668,7,0,2,NC(=O)[C@H](CCC(N)=O)NC(=O)c1ccc2c(c1)N=C(C1CCN(C)CC1)N2C1CCN(Cc2ccccc2)C1
A084-B020-C057,A084,B020,C057,1.293730756922482,19.666666666666668,7,0,2,NC(=O)[C@H](Cc1cscn1)NC(=O)c1ccc2c(c1)N=C(c1ccc(S(C)(=O)=O)cc1)N2CC(O)CO
A023-B071-C068,A023,B071,C068,1.293730756922482,19.666666666666668,7,0,2,NC(=O)[C@H](CCCCC1CCCC1)NC(=O)c1ccc2c(c1)N=C(c1cn[nH]c1)N2Cc1ccc2nccnc2c1
A025-B042-C059,A025,B042,C059,1.293730756922482,19.666666666666668,7,0,2,NC(=O)[C@H](Cc1ccc(OCC=C)cc1)NC(=O)c1ccc2c(c1)N=C(c1cccc(S(C)(=O)=O)c1)N2CC1CCCCO1
A013-B023-C056,A013,B023,C056,1.293730756922482,19.666666666666668,7,0,2,NC(=O)[C@H](Cc1csc2ccccc12)NC(=O)c1ccc2c(c1)N=C(c1ccc(N(C)C)cc1)N2Cc1nc(CSC)no1
A074-B051-C002,A074,B051,C002,1.293730756922482,19.666666666666668,7,0,2,NC(=O)[C@H](Cc1cccnc1)NC(=O)c1ccc2c(c1)N=C(c1ccc(F)cc1)N2Cc1cc[nH]c1
A076-B069-C079,A076,B069,C079,1.293730756922482,19.666666666666668,7,0,2,NC(=O)C(CC1CC1)NC(=O)c1ccc2c(c1)N=C(C(CC)CC)N2Cc1cccnc1
A084-B055-C038,A084,B055,C038,1.293730756922482,19.666666666666668,7,0,2,NC(=O)[C@H](Cc1cscn1)NC(=O)c1ccc2c(c1)N=C(c1cc(F)cc(F)c1)N2CCc1ccc(OC)cc1
A084-B028-C029,A084,B028,C029,1.293730756922482,19.666666666666668,7,0,2,NC(=O)[C@H](Cc1cscn1)NC(=O)c1ccc2c(c1)N=C(c1ccc(NC(C)=O)cc1)N2Cc1ccc(CN2CCOCC2)cc1
A007-B052-C090,A007,B052,C090,1.293730756922482,19.666666666666668,7,0,2,NC(=O)[C@H](Cc1ccc(C#N)cc1)NC(=O)c1ccc2c(c1)N=C(c1ccc(-c3ccc(OC)cc3)o1)N2Cc1cn[nH]c1
A071-B080-C095,A071,B080,C095,1.230448921378274,17.0,6,0,2,NC(=O)[C@H](Cc1ccco1)NC(=O)c1ccc2c(c1)N=C(c1cc(Cl)cc(Cl)c1)N2Cc1ccnc(C)c1
A003-B074-C055,A003,B074,C055,1.230448921378274,17.0,6,0,2,NC(=O)[C@H](Cc1ccc(I)cc1)NC(=O)c1ccc2c(c1)N=C(c1csc(Br)n1)N2Cc1cccc(N(C)C(C)=O)c1
A083-B007-C020,A083,B007,C020,1.230448921378274,17.0,6,0,2,NC(=O)[C@H](CCCCNC(=O)c1cccnc1)NC(=O)c1ccc2c(c1)N=C(c1cc(Br)ccc1O)N2CCNC(C)=O
A091-B089-C082,A091,B089,C082,1.230448921378274,17.0,6,0,2,NC(=O)c1cccc(NC(=O)c2ccc3c(c2)N=C(c2ccccc2C)N3Cc2ccc(=O)[nH]c2)c1
A083-B081-C049,A083,B081,C049,1.230448921378274,17.0,6,0,2,NC(=O)[C@H](CCCCNC(=O)c1cccnc1)NC(=O)c1ccc2c(c1)N=C(c1ccc(CC)o1)N2Cc1ccc(S(=O)(=O)CC)cc1
A013-B014-C096,A013,B014,C096,1.230448921378274,17.0,6,0,2,NC(=O)[C@H](Cc1csc2ccccc12)NC(=O)c1ccc2c(c1)N=C(c1ccc(Cl)cc1O)N2CCCc1ccccc1
A094-B023-C055,A094,B023,C055,1.230448921378274,17.0,6,0,2,NC(=O)c1cccc(CNC(=O)c2ccc3c(c2)N=C(c2csc(Br)n2)N3Cc2nc(CSC)no2)c1
A074-B046-C087,A074,B046,C087,1.230448921378274,17.0,6,0,2,NC(=O)[C@H](Cc1cccnc1)NC(=O)c1ccc2c(c1)N=C(c1ccc(C(=O)OC)cc1)N2C1CCN(Cc2ccccc2)C1
A091-B041-C057,A091,B041,C057,1.230448921378274,17.0,6,0,3,NC(=O)c1cccc(NC(=O)c2ccc3c(c2)N=C(c2ccc(S(C)(=O)=O)cc2)N3CC(=O)N2CCOCC2)c1
A013-B069-C066,A013,B069,C066,1.230448921378274,17.0,6,0,2,NC(=O)[C@H](Cc1csc2ccccc12)NC(=O)c1ccc2c(c1)N=C(c1ccc(F)cc1C)N2Cc1cccnc1
A005-B040-C037,A005,B040,C037,1.230448921378274,17.0,6,0,2,NC(=O)[C@H](Cc1cccc(OC)c1)NC(=O)c1ccc2c(c1)N=C(c1ccc(C)cc1)N2CCN1CCOCC1
A037-B071-C058,A037,B071,C058,1.230448921378274,17.0,6,0,2,NC(=O)C(NC(=O)c1ccc2c(c1)N=C(c1ccc3ccn(C)c3c1)N2Cc1ccc2nccnc2c1)C(C)OC
A008-B002-C072,A008,B002,C072,1.230448921378274,17.0,6,0,2,NC(=O)[C@H](Cc1cccs1)NC(=O)c1ccc2c(c1)N=C(c1cncc(OC)c1)N2Cc1ccc(-n2cccn2)nc1
A003-B075-C058,A003,B075,C058,1.230448921378274,17.0,6,0,2,NC(=O)[C@H](Cc1ccc(I)cc1)NC(=O)c1ccc2c(c1)N=C(c1ccc3ccn(C)c3c1)N2Cc1cccc(OC(F)F)c1
A013-B071-C045,A013,B071,C045,1.230448921378274,17.0,6,0,2,NC(=O)[C@H](Cc1csc2ccccc12)NC(=O)c1ccc2c(c1)N=C(c1n[nH]c3ccccc13)N2Cc1ccc2nccnc2c1
A076-B019-C050,A076,B019,C050,1.230448921378274,17.0,6,0,2,NC(=O)C(CC1CC1)NC(=O)c1ccc2c(c1)N=C(c1cccc3nc[nH]c13)N2C(C)C(O)c1ccccc1
A094-B065-C094,A094,B065,C094,1.230448921378274,17.0,6,0,2,NC(=O)c1cccc(CNC(=O)c2ccc3c(c2)N=C(c2cscn2)N3CC2(C)COC2)c1
A066-B054-C016,A066,B054,C016,1.230448921378274,17.0,6,0,2,NC(=O)[C@H](Cc1ccc2ccccc2c1)NC(=O)c1ccc2c(c1)N=C(C1CCOCC1)N2Cc1ccsc1
A061-B064-C027,A061,B064,C027,1.230448921378274,17.0,6,0,2,NC(=O)CN(C)C(=O)c1ccc2c(c1)N=C(c1ccc(C#N)cc1)N2Cc1cccs1
A065-B009-C002,A065,B009,C002,1.230448921378274,17.0,6,0,2,NC(=O)[C@H](Cc1cccc(F)c1)NC(=O)c1ccc2c(c1)N=C(c1ccc(F)cc1)N2CCCN(CC)CC
A075-B029-C017,A075,B029,C017,1.230448921378274,17.0,6,0,2,NC(=O)[C@H](Cc1ccc(OC)c(OC)c1)NC(=O)c1ccc2c(c1)N=C(c1ccc(Br)o1)N2C1CC2CN(C)CCN2C1
A095-B044-C077,A095,B044,C077,1.230448921378274,17.0,6,0,2,NC(=O)[C@H](CCC(N)=O)NC(=O)c1ccc2c(c1)N=C(CC(C)C)N2Cc1cnn(C)c1
A074-B064-C004,A074,B064,C004,1.230448921378274,17.0,6,0,2,NC(=O)[C@H](Cc1cccnc1)NC(=O)c1ccc2c(c1)N=C(c1ccc(O)cc1)N2Cc1cccs1
A061-B064-C022,A061,B064,C022,1.230448921378274,17.0,6,0,2,NC(=O)CN(C)C(=O)c1ccc2c(c1)N=C(c1ccc(C#N)nc1)N2Cc1cccs1
A014-B094-C053,A014,B094,C053,1.230448921378274,17.0,6,0,2,NC(=O)[C@H](Cc1ccccn1)NC(=O)c1ccc2c(c1)N=C(C(C)c1ccccc1)N2C1CC(C)(C)N(C)C(C)(C)C1
A091-B046-C005,A091,B046,C005,1.230448921378274,17.0,6,0,2,NC(=O)c1cccc(NC(=O)c2ccc3c(c2)N=C(c2ccc4[nH]ccc4c2)N3C2CCN(Cc3ccccc3)C2)c1
A020-B075-C049,A020,B075,C049,1.230448921378274,17.0,6,0,2,NC(=O)[C@H](Cc1ccc(OCC)cc1)NC(=O)c1ccc2c(c1)N=C(c1ccc(CC)o1)N2Cc1cccc(OC(F)F)c1
A012-B083-C019,A012,B083,C019,1.230448921378274,17.0,6,0,2,NC(=O)[C@H](Cc1ccncc1)NC(=O)c1ccc2c(c1)N=C(c1ncccc1O)N2CCc1cccc(OC)c1
A085-B046-C084,A085,B046,C084,1.230448921378274,17.0,6,0,2,NC(=O)[C@H](Cc1cn(Cc2ccccc2)cn1)NC(=O)c1ccc2c(c1)N=C(c1ccoc1)N2C1CCN(Cc2ccccc2)C1
A062-B074-C064,A062,B074,C064,1.230448921378274,17.0,6,0,2,NC(=O)[C@@H](NC(=O)c1ccc2c(c1)N=C(c1cnccn1)N2Cc1cccc(N(C)C(C)=O)c1)C1CCCCC1
A036-B023-C009,A036,B023,C009,1.230448921378274,17.0,6,0,2,NC(=O)C(CCC(=O)OC)NC(=O)c1ccc2c(c1)N=C(c1cccc(C(F)(F)F)n1)N2Cc1nc(CSC)no1
A003-B010-C047,A003,B010,C047,1.230448921378274,17.0,6,0,2,NC(=O)[C@H](Cc1ccc(I)cc1)NC(=O)c1ccc2c(c1)N=C(c1cccs1)N2CC1COC(C)(C)O1
A090-B026-C058,A090,B026,C058,1.230448921378274,17.0,6,0,2,NC(=O)C1CCCN1C1CCN(C(=O)c2ccc3c(c2)N=C(c2ccc4ccn(C)c4c2)N3Cc2ccc(CN3CCCC3)cc2)CC1
A085-B055-C080,A085,B055,C080,1.230448921378274,17.0,6,0,2,NC(=O)[C@H](Cc1cn(Cc2ccccc2)cn1)NC(=O)c1ccc2c(c1)N=C(c1cnc(C)[nH]1)N2CCc1ccc(OC)cc1
A011-B027-C059,A011,B027,C059,1.230448921378274,17.0,6,0,2,NC(=O)[C@H](CCC)NC(=O)c1ccc2c(c1)N=C(c1cccc(S(C)(=O)=O)c1)N2Cc1cccc(N2CCCC2)c1
A076-B040-C022,A076,B040,C022,1.230448921378274,17.0,6,0,2,NC(=O)C(CC1CC1)NC(=O)c1ccc2c(c1)N=C(c1ccc(C#N)nc1)N2CCN1CCOCC1
A007-B014-C073,A007,B014,C073,1.230448921378274,17.0,6,0,2,NC(=O)[C@H](Cc1ccc(C#N)cc1)NC(=O)c1ccc2c(c1)N=C(CCC)N2CCCc1ccccc1
A084-B023-C003,A084,B023,C003,1.230448921378274,17.0,6,0,3,NC(=O)[C@H](Cc1cscn1)NC(=O)c1ccc2c(c1)N=C(c1cc(OC)ccn1)N2Cc1nc(CSC)no1
A036-B068-C067,A036,B068,C067,1.230448921378274,17.0,6,0,2,NC(=O)C(CCC(=O)OC)NC(=O)c1ccc2c(c1)N=C(c1ccc3c(c1)OCCO3)N2CC1CCC(=O)N1
A094-B064-C056,A094,B064,C056,1.230448921378274,17.0,6,0,2,NC(=O)c1cccc(CNC(=O)c2ccc3c(c2)N=C(c2ccc(N(C)C)cc2)N3Cc2cccs2)c1
A074-B065-C058,A074,B065,C058,1.230448921378274,17.0,6,0,2,NC(=O)[C@H](Cc1cccnc1)NC(=O)c1ccc2c(c1)N=C(c1ccc3ccn(C)c3c1)N2CC1(C)COC1
A081-B014-C064,A081,B014,C064,1.230448921378274,17.0,6,0,2,NC(=O)[C@H](Cc1ccnc(Cl)c1)NC(=O)c1ccc2c(c1)N=C(c1cnccn1)N2CCCc1ccccc1
A076-B083-C064,A076,B083,C064,1.230448921378274,17.0,6,0,2,NC(=O)C(CC1CC1)NC(=O)c1ccc2c(c1)N=C(c1cnccn1)N2CCc1cccc(OC)c1
A038-B014-C072,A038,B014,C072,1.230448921378274,17.0,6,0,2,NC(=O)[C@@H](CC(N)=O)NC(=O)c1ccc2c(c1)N=C(c1cncc(OC)c1)N2CCCc1ccccc1
A026-B009-C028,A026,B009,C028,1.230448921378274,17.0,6,0,2,NC(=O)C(COC)NC(=O)c1ccc2c(c1)N=C(c1ccc(N3CCOCC3)cc1)N2CCCN(CC)CC
A001-B081-C018,A001,B081,C018,1.230448921378274,17.0,6,0,3,NC(=O)C[C@@H]1CCCN1C(=O)c1ccc2c(c1)N=C(c1ccc(C)nc1)N2Cc1ccc(S(=O)(=O)CC)cc1
A006-B066-C073,A006,B066,C073,1.230448921378274,17.0,6,0,2,NC(=O)[C@@H](CC1CCC1)NC(=O)c1ccc2c(c1)N=C(CCC)N2CCS(=O)(=O)N1CCCC1
A084-B070-C047,A084,B070,C047,1.230448921378274,17.0,6,0,2,NC(=O)[C@H](Cc1cscn1)NC(=O)c1ccc2c(c1)N=C(c1cccs1)N2Cc1ccc2[nH]ccc2c1
A084-B041-C049,A084,B041,C049,1.230448921378274,17.0,6,0,2,NC(=O)[C@H](Cc1cscn1)NC(=O)c1ccc2c(c1)N=C(c1ccc(CC)o1)N2CC(=O)N1CCOCC1
A075-B091-C070,A075,B091,C070,1.230448921378274,17.0,6,0,2,NC(=O)[C@H](Cc1ccc(OC)c(OC)c1)NC(=O)c1ccc2c(c1)N=C(Cc1ccccc1)N2Cc1ccccc1
A006-B045-C040,A006,B045,C040,1.230448921378274,17.0,6,0,2,NC(=O)[C@@H](CC1CCC1)NC(=O)c1ccc2c(c1)N=C(c1ccc3ccccc3n1)N2C1CCN(c2ncccn2)CC1
A053-B094-C012,A053,B094,C012,1.230448921378274,17.0,6,0,2,NC(=O)[C@@H](NC(=O)c1ccc2c(c1)N=C(c1cc3ccoc3cn1)N2C1CC(C)(C)N(C)C(C)(C)C1)[C@@H](C)CC
A096-B042-C017,A096,B042,C017,1.230448921378274,17.0,6,0,3,NC(=O)[C@@H]1C[C@@H](OC(C)(C)C)CN1C(=O)c1ccc2c(c1)N=C(c1ccc(Br)o1)N2CC1CCCCO1
A081-B071-C023,A081,B071,C023,1.230448921378274,17.0,6,0,2,NC(=O)[C@H](Cc1ccnc(Cl)c1)NC(=O)c1ccc2c(c1)N=C(c1nc3ccccc3n1C)N2Cc1ccc2nccnc2c1
A038-B008-C032,A038,B008,C032,1.230448921378274,17.0,6,0,2,NC(=O)[C@@H](CC(N)=O)NC(=O)c1ccc2c(c1)N=C(c1ccc(C(F)(F)F)cn1)N2C
A088-B054-C034,A088,B054,C034,1.230448921378274,17.0,6,0,2,NC(=O)C1CCN(C(=O)c2ccc3c(c2)N=C(c2ccco2)N3Cc2ccsc2)CC1
A086-B018-C081,A086,B018,C081,1.230448921378274,17.0,6,0,2,NC(=O)[C@@H]1C[C@@H](c2ccccc2)CN1C(=O)c1ccc2c(c1)N=C(c1ccc(O)c(OC)c1)N2C(C)c1ccc(OC)cc1
A081-B074-C051,A081,B074,C051,1.230448921378274,17.0,6,0,2,NC(=O)[C@H](Cc1ccnc(Cl)c1)NC(=O)c1ccc2c(c1)N=C(c1cc(C)on1)N2Cc1cccc(N(C)C(C)=O)c1
A062-B081-C060,A062,B081,C060,1.230448921378274,17.0,6,0,2,NC(=O)[C@@H](NC(=O)c1ccc2c(c1)N=C(c1ccc(Br)c(F)c1)N2Cc1ccc(S(=O)(=O)CC)cc1)C1CCCCC1
A048-B009-C059,A048,B009,C059,1.230448921378274,17.0,6,0,2,NC(=O)[C@H](CC(C)C)NC(=O)c1ccc2c(c1)N=C(c1cccc(S(C)(=O)=O)c1)N2CCCN(CC)CC
A004-B083-C027,A004,B083,C027,1.230448921378274,17.0,6,0,2,NC(=O)[C@H](CCc1ccc(OC(C)(C)C)cc1)NC(=O)c1ccc2c(c1)N=C(c1ccc(C#N)cc1)N2CCc1cccc(OC)c1
A048-B018-C090,A048,B018,C090,1.230448921378274,17.0,6,0,2,NC(=O)[C@H](CC(C)C)NC(=O)c1ccc2c(c1)N=C(c1ccc(-c3ccc(OC)cc3)o1)N2C(C)c1ccc(OC)cc1
A033-B067-C056,A033,B067,C056,1.230448921378274,17.0,6,0,2,NC(=O)C(CCCCC=C)NC(=O)c1ccc2c(c1)N=C(c1ccc(N(C)C)cc1)N2CC1(C#N)CCOCC1
A094-B029-C019,A094,B029,C019,1.230448921378274,17.0,6,0,3,NC(=O)c1cccc(CNC(=O)c2ccc3c(c2)N=C(c2ncccc2O)N3C2CC3CN(C)CCN3C2)c1
A035-B091-C013,A035,B091,C013,1.230448921378274,17.0,6,0,2,NC(=O)CCNC(=O)c1ccc2c(c1)N=C(c1ccccc1)N2Cc1ccccc1
A072-B093-C058,A072,B093,C058,1.230448921378274,17.0,6,0,3,NC(=O)C(C)(C)NC(=O)c1ccc2c(c1)N=C(c1ccc3ccn(C)c3c1)N2CCC1CCCN1C
A037-B080-C058,A037,B080,C058,1.230448921378274,17.0,6,0,2,NC(=O)C(NC(=O)c1ccc2c(c1)N=C(c1ccc3ccn(C)c3c1)N2Cc1ccnc(C)c1)C(C)OC
A094-B026-C011,A094,B026,C011,1.230448921378274,17.0,6,0,2,NC(=O)c1cccc(CNC(=O)c2ccc3c(c2)N=C(CCc2ccccc2)N3Cc2ccc(CN3CCCC3)cc2)c1
A050-B007-C059,A050,B007,C059,1.230448921378274,17.0,6,0,2,NC(=O)[C@@H](Cc1ccccn1)NC(=O)c1ccc2c(c1)N=C(c1cccc(S(C)(=O)=O)c1)N2CCNC(C)=O
A037-B053-C067,A037,B053,C067,1.230448921378274,17.0,6,0,2,NC(=O)C(NC(=O)c1ccc2c(c1)N=C(c1ccc3c(c1)OCCO3)N2Cc1cncc(Br)c1)C(C)OC
A094-B056-C041,A094,B056,C041,1.230448921378274,17.0,6,0,2,NC(=O)c1cccc(CNC(=O)c2ccc3c(c2)N=C(c2cccc4nccnc24)N3Cc2ccccc2OC)c1
A094-B051-C060,A094,B051,C060,1.230448921378274,17.0,6,0,2,NC(=O)c1cccc(CNC(=O)c2ccc3c(c2)N=C(c2ccc(Br)c(F)c2)N3Cc2cc[nH]c2)c1
A004-B064-C001,A004,B064,C001,1.230448921378274,17.0,6,0,2,NC(=O)[C@H](CCc1ccc(OC(C)(C)C)cc1)NC(=O)c1ccc2c(c1)N=C(c1ccc3cccnc3c1)N2Cc1cccs1
A002-B081-C049,A002,B081,C049,1.230448921378274,17.0,6,0,2,NC(=O)C(Cc1cn(C)cn1)NC(=O)c1ccc2c(c1)N=C(c1ccc(CC)o1)N2Cc1ccc(S(=O)(=O)CC)cc1
A045-B083-C057,A045,B083,C057,1.230448921378274,17.0,6,0,2,NC(=O)[C@@H]1CCCN1C(=O)c1ccc2c(c1)N=C(c1ccc(S(C)(=O)=O)cc1)N2CCc1cccc(OC)c1
A084-B069-C009,A084,B069,C009,1.230448921378274,17.0,6,0,2,NC(=O)[C@H](Cc1cscn1)NC(=O)c1ccc2c(c1)N=C(c1cccc(C(F)(F)F)n1)N2Cc1cccnc1
A012-B021-C059,A012,B021,C059,1.230448921378274,17.0,6,0,2,NC(=O)[C@H](Cc1ccncc1)NC(=O)c1ccc2c(c1)N=C(c1cccc(S(C)(=O)=O)c1)N2C(C)c1ccccc1
A091-B043-C043,A091,B043,C043,1.230448921378274,17.0,6,0,2,NC(=O)c1cccc(NC(=O)c2ccc3c(c2)N=C(c2cc4c(cc2Br)OCO4)N3Cc2ccc3c(c2)OCCO3)c1
A074-B055-C002,A074,B055,C002,1.230448921378274,17.0,6,0,2,NC(=O)[C@H](Cc1cccnc1)NC(=O)c1ccc2c(c1)N=C(c1ccc(F)cc1)N2CCc1ccc(OC)cc1
A061-B075-C008,A061,B075,C008,1.230448921378274,17.0,6,0,2,NC(=O)CN(C)C(=O)c1ccc2c(c1)N=C(c1cccc(O)c1)N2Cc1cccc(OC(F)F)c1
A076-B029-C008,A076,B029,C008,1.230448921378274,17.0,6,0,2,NC(=O)C(CC1CC1)NC(=O)c1ccc2c(c1)N=C(c1cccc(O)c1)N2C1CC2CN(C)CCN2C1
A094-B056-C076,A094,B056,C076,1.230448921378274,17.0,6,0,2,NC(=O)c1cccc(CNC(=O)c2ccc3c(c2)N=C(C2CCN(C)CC2)N3Cc2ccccc2OC)c1
A094-B056-C070,A094,B056,C070,1.230448921378274,17.0,6,0,2,NC(=O)c1cccc(CNC(=O)c2ccc3c(c2)N=C(Cc2ccccc2)N3Cc2ccccc2OC)c1
A023-B083-C026,A023,B083,C026,1.230448921378274,17.0,6,0,2,NC(=O)[C@H](CCCCC1CCCC1)NC(=O)c1ccc2c(c1)N=C(c1ccc(N3CCCC3)cc1)N2CCc1cccc(OC)c1
A071-B067-C073,A071,B067,C073,1.230448921378274,17.0,6,0,2,NC(=O)[C@H](Cc1ccco1)NC(=O)c1ccc2c(c1)N=C(CCC)N2CC1(C#N)CCOCC1
A094-B032-C089,A094,B032,C089,1.230448921378274,17.0,6,0,3,NC(=O)c1cccc(CNC(=O)c2ccc3c(c2)N=C(c2ccc(OC(C)=O)cc2)N3C(CCC)C(F)(F)F)c1
A025-B026-C080,A025,B026,C080,1.230448921378274,17.0,6,0,2,NC(=O)[C@H](Cc1ccc(OCC=C)cc1)NC(=O)c1ccc2c(c1)N=C(c1cnc(C)[nH]1)N2Cc1ccc(CN2CCCC2)cc1
A076-B068-C035,A076,B068,C035,1.230448921378274,17.0,6,0,3,NC(=O)C(CC1CC1)NC(=O)c1ccc2c(c1)N=C(c1cccnc1)N2CC1CCC(=O)N1
A023-B041-C067,A023,B041,C067,1.230448921378274,17.0,6,0,2,NC(=O)[C@H](CCCCC1CCCC1)NC(=O)c1ccc2c(c1)N=C(c1ccc3c(c1)OCCO3)N2CC(=O)N1CCOCC1
A001-B093-C068,A001,B093,C068,1.230448921378274,17.0,6,0,2,NC(=O)C[C@@H]1CCCN1C(=O)c1ccc2c(c1)N=C(c1cn[nH]c1)N2CCC1CCCN1C
A006-B080-C042,A006,B080,C042,1.230448921378274,17.0,6,0,2,NC(=O)[C@@H](CC1CCC1)NC(=O)c1ccc2c(c1)N=C(c1cnc3ccccc3n1)N2Cc1ccnc(C)c1
A001-B081-C065,A001,B081,C065,1.230448921378274,17.0,6,0,2,NC(=O)C[C@@H]1CCCN1C(=O)c1ccc2c(c1)N=C(c1cccc(OC)c1)N2Cc1ccc(S(=O)(=O)CC)cc1
A071-B046-C060,A071,B046,C060,1.230448921378274,17.0,6,0,3,NC(=O)[C@H](Cc1ccco1)NC(=O)c1ccc2c(c1)N=C(c1ccc(Br)c(F)c1)N2C1CCN(Cc2ccccc2)C1
A085-B026-C096,A085,B026,C096,1.230448921378274,17.0,23,1,2,NC(=O)[C@H](Cc1cn(Cc2ccccc2)cn1)NC(=O)c1ccc2c(c1)N=C(c1ccc(Cl)cc1O)N2Cc1ccc(CN2CCCC2)cc1
A095-B065-C032,A095,B065,C032,1.230448921378274,17.0,6,0,2,NC(=O)[C@H](CCC(N)=O)NC(=O)c1ccc2c(c1)N=C(c1ccc(C(F)(F)F)cn1)N2CC1(C)COC1
A071-B074-C024,A071,B074,C024,1.230448921378274,17.0,6,0,2,NC(=O)[C@H](Cc1ccco1)NC(=O)c1ccc2c(c1)N=C(c1cccc(OCC)c1)N2Cc1cccc(N(C)C(C)=O)c1
A075-B031-C042,A075,B031,C042,1.230448921378274,17.0,6,0,2,NC(=O)[C@H](Cc1ccc(OC)c(OC)c1)NC(=O)c1ccc2c(c1)N=C(c1cnc3ccccc3n1)N2C1CCN(CC)CC1
A035-B024-C072,A035,B024,C072,1.230448921378274,17.0,6,0,2,NC(=O)CCNC(=O)c1ccc2c(c1)N=C(c1cncc(OC)c1)N2Cc1nncn1C(C)C
A091-B079-C048,A091,B079,C048,1.230448921378274,17.0,6,0,2,NC(=O)c1cccc(NC(=O)c2ccc3c(c2)N=C(c2nnc[nH]2)N3Cc2ccc(NC(=O)CC)nc2)c1
A074-B031-C032,A074,B031,C032,1.230448921378274,17.0,6,0,2,NC(=O)[C@H](Cc1cccnc1)NC(=O)c1ccc2c(c1)N=C(c1ccc(C(F)(F)F)cn1)N2C1CCN(CC)CC1
A086-B042-C034,A086,B042,C034,1.230448921378274,17.0,6,0,2,NC(=O)[C@@H]1C[C@@H](c2ccccc2)CN1C(=O)c1ccc2c(c1)N=C(c1ccco1)N2CC1CCCCO1
A023-B056-C060,A023,B056,C060,1.230448921378274,17.0,6,0,2,NC(=O)[C@H](CCCCC1CCCC1)NC(=O)c1ccc2c(c1)N=C(c1ccc(Br)c(F)c1)N2Cc1ccccc1OC
A091-B014-C068,A091,B014,C068,1.230448921378274,17.0,6,0,2,NC(=O)c1cccc(NC(=O)c2ccc3c(c2)N=C(c2cn[nH]c2)N3CCCc2ccccc2)c1
A014-B044-C005,A014,B044,C005,1.230448921378274,17.0,23,1,2,NC(=O)[C@H](Cc1ccccn1)NC(=O)c1ccc2c(c1)N=C(c1ccc3[nH]ccc3c1)N2Cc1cnn(C)c1
A071-B093-C024,A071,B093,C024,1.230448921378274,17.0,6,0,2,NC(=O)[C@H](Cc1ccco1)NC(=O)c1ccc2c(c1)N=C(c1cccc(OCC)c1)N2CCC1CCCN1C
A023-B069-C076,A023,B069,C076,1.230448921378274,17.0,6,0,2,NC(=O)[C@H](CCCCC1CCCC1)NC(=O)c1ccc2c(c1)N=C(C1CCN(C)CC1)N2Cc1cccnc1
A075-B082-C067,A075,B082,C067,1.230448921378274,17.0,6,0,2,NC(=O)[C@H](Cc1ccc(OC)c(OC)c1)NC(=O)c1ccc2c(c1)N=C(c1ccc3c(c1)OCCO3)N2Cc1cc(OC)cc(OC)c1
A083-B075-C028,A083,B075,C028,1.230448921378274,17.0,6,0,2,NC(=O)[C@H](CCCCNC(=O)c1cccnc1)NC(=O)c1ccc2c(c1)N=C(c1ccc(N3CCOCC3)cc1)N2Cc1cccc(OC(F)F)c1
A072-B045-C037,A072,B045,C037,1.230448921378274,17.0,6,0,2,NC(=O)C(C)(C)NC(=O)c1ccc2c(c1)N=C(c1ccc(C)cc1)N2C1CCN(c2ncccn2)CC1
A006-B075-C040,A006,B075,C040,1.230448921378274,17.0,6,0,2,NC(=O)[C@@H](CC1CCC1)NC(=O)c1ccc2c(c1)N=C(c1ccc3ccccc3n1)N2Cc1cccc(OC(F)F)c1
A002-B074-C066,A002,B074,C066,1.230448921378274,17.0,6,0,2,NC(=O)C(Cc1cn(C)cn1)NC(=O)c1ccc2c(c1)N=C(c1ccc(F)cc1C)N2Cc1cccc(N(C)C(C)=O)c1
A034-B067-C072,A034,B067,C072,1.230448921378274,17.0,6,0,2,NC(=O)[C@@H](C)NC(=O)c1ccc2c(c1)N=C(c1cncc(OC)c1)N2CC1(C#N)CCOCC1
A076-B018-C017,A076,B018,C017,1.230448921378274,17.0,6,0,2,NC(=O)C(CC1CC1)NC(=O)c1ccc2c(c1)N=C(c1ccc(Br)o1)N2C(C)c1ccc(OC)cc1
A023-B069-C078,A023,B069,C078,1.230448921378274,17.0,6,0,3,NC(=O)[C@H](CCCCC1CCCC1)NC(=O)c1ccc2c(c1)N=C(c1[nH]c(-c3ccccc3)nc1Cl)N2Cc1cccnc1
A014-B068-C073,A014,B068,C073,1.230448921378274,17.0,6,0,2,NC(=O)[C@H](Cc1ccccn1)NC(=O)c1ccc2c(c1)N=C(CCC)N2CC1CCC(=O)N1
A074-B068-C048,A074,B068,C048,1.230448921378274,17.0,6,0,2,NC(=O)[C@H](Cc1cccnc1)NC(=O)c1ccc2c(c1)N=C(c1nnc[nH]1)N2CC1CCC(=O)N1
A013-B044-C050,A013,B044,C050,1.230448921378274,17.0,6,0,2,NC(=O)[C@H](Cc1csc2ccccc12)NC(=O)c1ccc2c(c1)N=C(c1cccc3nc[nH]c13)N2Cc1cnn(C)c1
A011-B065-C059,A011,B065,C059,1.230448921378274,17.0,6,0,2,NC(=O)[C@H](CCC)NC(=O)c1ccc2c(c1)N=C(c1cccc(S(C)(=O)=O)c1)N2CC1(C)COC1
A023-B056-C081,A023,B056,C081,1.230448921378274,17.0,6,0,3,NC(=O)[C@H](CCCCC1CCCC1)NC(=O)c1ccc2c(c1)N=C(c1ccc(O)c(OC)c1)N2Cc1ccccc1OC
A035-B082-C075,A035,B082,C075,1.230448921378274,17.0,6,0,2,NC(=O)CCNC(=O)c1ccc2c(c1)N=C(C1COC1)N2Cc1cc(OC)cc(OC)c1
A062-B068-C058,A062,B068,C058,1.230448921378274,17.0,6,0,2,NC(=O)[C@@H](NC(=O)c1ccc2c(c1)N=C(c1ccc3ccn(C)c3c1)N2CC1CCC(=O)N1)C1CCCCC1
A050-B053-C051,A050,B053,C051,1.230448921378274,17.0,6,0,2,NC(=O)[C@@H](Cc1ccccn1)NC(=O)c1ccc2c(c1)N=C(c1cc(C)on1)N2Cc1cncc(Br)c1
A096-B082-C013,A096,B082,C013,1.230448921378274,17.0,6,0,2,NC(=O)[C@@H]1C[C@@H](OC(C)(C)C)CN1C(=O)c1ccc2c(c1)N=C(c1ccccc1)N2Cc1cc(OC)cc(OC)c1
A061-B046-C079,A061,B046,C079,1.230448921378274,17.0,6,0,2,NC(=O)CN(C)C(=O)c1ccc2c(c1)N=C(C(CC)CC)N2C1CCN(Cc2ccccc2)C1
A007-B062-C027,A007,B062,C027,1.230448921378274,17.0,6,0,2,NC(=O)[C@H](Cc1ccc(C#N)cc1)NC(=O)c1ccc2c(c1)N=C(c1ccc(C#N)cc1)N2Cc1[nH]cnc1C
A025-B052-C087,A025,B052,C087,1.230448921378274,17.0,6,0,2,NC(=O)[C@H](Cc1ccc(OCC=C)cc1)NC(=O)c1ccc2c(c1)N=C(c1ccc(C(=O)OC)cc1)N2Cc1cn[nH]c1
A074-B064-C056,A074,B064,C056,1.230448921378274,17.0,6,0,2,NC(=O)[C@H](Cc1cccnc1)NC(=O)c1ccc2c(c1)N=C(c1ccc(N(C)C)cc1)N2Cc1cccs1
A062-B080-C049,A062,B080,C049,1.230448921378274,17.0,6,0,2,NC(=O)[C@@H](NC(=O)c1ccc2c(c1)N=C(c1ccc(CC)o1)N2Cc1ccnc(C)c1)C1CCCCC1
A074-B040-C096,A074,B040,C096,1.230448921378274,17.0,6,0,2,NC(=O)[C@H](Cc1cccnc1)NC(=O)c1ccc2c(c1)N=C(c1ccc(Cl)cc1O)N2CCN1CCOCC1
A071-B052-C041,A071,B052,C041,1.230448921378274,17.0,6,0,2,NC(=O)[C@H](Cc1ccco1)NC(=O)c1ccc2c(c1)N=C(c1cccc3nccnc13)N2Cc1cn[nH]c1
A084-B056-C096,A084,B056,C096,1.230448921378274,17.0,6,0,2,NC(=O)[C@H](Cc1cscn1)NC(=O)c1ccc2c(c1)N=C(c1ccc(Cl)cc1O)N2Cc1ccccc1OC
A081-B044-C059,A081,B044,C059,1.230448921378274,17.0,6,0,2,NC(=O)[C@H](Cc1ccnc(Cl)c1)NC(=O)c1ccc2c(c1)N=C(c1cccc(S(C)(=O)=O)c1)N2Cc1cnn(C)c1
A076-B053-C012,A076,B053,C012,1.230448921378274,17.0,6,0,2,NC(=O)C(CC1CC1)NC(=O)c1ccc2c(c1)N=C(c1cc3ccoc3cn1)N2Cc1cncc(Br)c1
A038-B013-C007,A038,B013,C007,1.230448921378274,17.0,6,0,2,NC(=O)[C@@H](CC(N)=O)NC(=O)c1ccc2c(c1)N=C(c1cnc(SC)nc1NC)N2CC12CCC(CC1)O2
A037-B053-C058,A037,B053,C058,1.230448921378274,17.0,6,0,2,NC(=O)C(NC(=O)c1ccc2c(c1)N=C(c1ccc3ccn(C)c3c1)N2Cc1cncc(Br)c1)C(C)OC
A094-B069-C068,A094,B069,C068,1.230448921378274,17.0,6,0,2,NC(=O)c1cccc(CNC(=O)c2ccc3c(c2)N=C(c2cn[nH]c2)N3Cc2cccnc2)c1
A075-B053-C054,A075,B053,C054,1.230448921378274,17.0,6,0,2,NC(=O)[C@H](Cc1ccc(OC)c(OC)c1)NC(=O)c1ccc2c(c1)N=C(c1ccc3c(ccn3C)c1)N2Cc1cncc(Br)c1
A091-B088-C091,A091,B088,C091,1.230448921378274,17.0,6,0,2,NC(=O)c1cccc(NC(=O)c2ccc3c(c2)N=C(c2ccc(-c4ccc(Cl)cc4)o2)N3Cc2ccncc2)c1
A082-B079-C043,A082,B079,C043,1.230448921378274,17.0,6,0,2,NC(=O)[C@H](Cc1ccc(C(F)(F)F)cc1)NC(=O)c1ccc2c(c1)N=C(c1cc3c(cc1Br)OCO3)N2Cc1ccc(NC(=O)CC)nc1
A074-B018-C042,A074,B018,C042,1.230448921378274,17.0,6,0,2,NC(=O)[C@H](Cc1cccnc1)NC(=O)c1ccc2c(c1)N=C(c1cnc3ccccc3n1)N2C(C)c1ccc(OC)cc1
A076-B029-C049,A076,B029,C049,1.230448921378274,17.0,6,0,2,NC(=O)C(CC1CC1)NC(=O)c1ccc2c(c1)N=C(c1ccc(CC)o1)N2C1CC2CN(C)CCN2C1
A073-B082-C031,A073,B082,C031,1.230448921378274,17.0,6,0,2,NC(=O)[C@@H](NC(=O)c1ccc2c(c1)N=C(c1cnc[nH]1)N2Cc1cc(OC)cc(OC)c1)C1CC1
A048-B023-C011,A048,B023,C011,1.230448921378274,17.0,6,0,2,NC(=O)[C@H](CC(C)C)NC(=O)c1ccc2c(c1)N=C(CCc1ccccc1)N2Cc1nc(CSC)no1
A003-B014-C001,A003,B014,C001,1.230448921378274,17.0,6,0,2,NC(=O)[C@H](Cc1ccc(I)cc1)NC(=O)c1ccc2c(c1)N=C(c1ccc3cccnc3c1)N2CCCc1ccccc1
A076-B079-C090,A076,B079,C090,1.230448921378274,17.0,6,0,2,NC(=O)C(CC1CC1)NC(=O)c1ccc2c(c1)N=C(c1ccc(-c3ccc(OC)cc3)o1)N2Cc1ccc(NC(=O)CC)nc1
A052-B064-C081,A052,B064,C081,1.230448921378274,17.0,6,0,2,NC(=O)[C@H](CC(N)=O)NC(=O)c1ccc2c(c1)N=C(c1ccc(O)c(OC)c1)N2Cc1cccs1
A025-B044-C012,A025,B044,C012,1.230448921378274,17.0,6,0,2,NC(=O)[C@H](Cc1ccc(OCC=C)cc1)NC(=O)c1ccc2c(c1)N=C(c1cc3ccoc3cn1)N2Cc1cnn(C)c1
A062-B091-C036,A062,B091,C036,1.230448921378274,17.0,6,0,2,NC(=O)[C@@H](NC(=O)c1ccc2c(c1)N=C(c1cccc3c1OCO3)N2Cc1ccccc1)C1CCCCC1
A076-B081-C012,A076,B081,C012,1.230448921378274,17.0,6,0,2,NC(=O)C(CC1CC1)NC(=O)c1ccc2c(c1)N=C(c1cc3ccoc3cn1)N2Cc1ccc(S(=O)(=O)CC)cc1
A066-B068-C005,A066,B068,C005,1.230448921378274,17.0,6,0,2,NC(=O)[C@H](Cc1ccc2ccccc2c1)NC(=O)c1ccc2c(c1)N=C(c1ccc3[nH]ccc3c1)N2CC1CCC(=O)N1
A012-B071-C043,A012,B071,C043,1.230448921378274,17.0,6,0,2,NC(=O)[C@H](Cc1ccncc1)NC(=O)c1ccc2c(c1)N=C(c1cc3c(cc1Br)OCO3)N2Cc1ccc2nccnc2c1
A075-B053-C027,A075,B053,C027,1.230448921378274,17.0,6,0,2,NC(=O)[C@H](Cc1ccc(OC)c(OC)c1)NC(=O)c1ccc2c(c1)N=C(c1ccc(C#N)cc1)N2Cc1cncc(Br)c1
A035-B038-C039,A035,B038,C039,1.230448921378274,17.0,6,0,2,NC(=O)CCNC(=O)c1ccc2c(c1)N=C(c1ccc(=O)[nH]c1)N2CCN1CCCN(C)CC1
A061-B088-C028,A061,B088,C028,1.230448921378274,17.0,6,0,2,NC(=O)CN(C)C(=O)c1ccc2c(c1)N=C(c1ccc(N3CCOCC3)cc1)N2Cc1ccncc1
A081-B080-C002,A081,B080,C002,1.230448921378274,17.0,6,0,2,NC(=O)[C@H](Cc1ccnc(Cl)c1)NC(=O)c1ccc2c(c1)N=C(c1ccc(F)cc1)N2Cc1ccnc(C)c1
A073-B081-C050,A073,B081,C050,1.230448921378274,17.0,6,0,2,NC(=O)[C@@H](NC(=O)c1ccc2c(c1)N=C(c1cccc3nc[nH]c13)N2Cc1ccc(S(=O)(=O)CC)cc1)C1CC1
A071-B027-C039,A071,B027,C039,1.230448921378274,17.0,6,0,2,NC(=O)[C@H](Cc1ccco1)NC(=O)c1ccc2c(c1)N=C(c1ccc(=O)[nH]c1)N2Cc1cccc(N2CCCC2)c1
A074-B007-C046,A074,B007,C046,1.230448921378274,17.0,6,0,2,NC(=O)[C@H](Cc1cccnc1)NC(=O)c1ccc2c(c1)N=C(c1cccc(N3CCN(C)CC3)c1)N2CCNC(C)=O
A070-B077-C043,A070,B077,C043,1.230448921378274,17.0,6,0,2,NC(=O)[C@@H](NC(=O)c1ccc2c(c1)N=C(c1cc3c(cc1Br)OCO3)N2Cc1ccc(CN(C)C)cc1)c1ccccc1
A076-B067-C010,A076,B067,C010,1.230448921378274,17.0,6,0,2,NC(=O)C(CC1CC1)NC(=O)c1ccc2c(c1)N=C(c1cn(C)cn1)N2CC1(C#N)CCOCC1
A006-B075-C007,A006,B075,C007,1.230448921378274,17.0,6,0,2,NC(=O)[C@@H](CC1CCC1)NC(=O)c1ccc2c(c1)N=C(c1cnc(SC)nc1NC)N2Cc1cccc(OC(F)F)c1
A049-B024-C062,A049,B024,C062,1.230448921378274,17.0,6,0,2,NC(=O)[C@H](C)NC(=O)c1ccc2c(c1)N=C(c1cccc3c1OCCO3)N2Cc1nncn1C(C)C
A061-B044-C032,A061,B044,C032,1.230448921378274,17.0,6,0,3,NC(=O)CN(C)C(=O)c1ccc2c(c1)N=C(c1ccc(C(F)(F)F)cn1)N2Cc1cnn(C)c1
A036-B079-C090,A036,B079,C090,1.230448921378274,17.0,6,0,3,NC(=O)C(CCC(=O)OC)NC(=O)c1ccc2c(c1)N=C(c1ccc(-c3ccc(OC)cc3)o1)N2Cc1ccc(NC(=O)CC)nc1
A077-B018-C004,A077,B018,C004,1.230448921378274,17.0,6,0,2,NC(=O)[C@H]1CCCN(C(=O)c2ccc3c(c2)N=C(c2ccc(O)cc2)N3C(C)c2ccc(OC)cc2)C1
A091-B043-C082,A091,B043,C082,1.230448921378274,17.0,6,0,2,NC(=O)c1cccc(NC(=O)c2ccc3c(c2)N=C(c2ccccc2C)N3Cc2ccc3c(c2)OCCO3)c1
A028-B046-C043,A028,B046,C043,1.230448921378274,17.0,6,0,2,NC(=O)[C@H](CCCCc1ccccc1)NC(=O)c1ccc2c(c1)N=C(c1cc3c(cc1Br)OCO3)N2C1CCN(Cc2ccccc2)C1
A011-B043-C038,A011,B043,C038,1.230448921378274,17.0,6,0,2,NC(=O)[C@H](CCC)NC(=O)c1ccc2c(c1)N=C(c1cc(F)cc(F)c1)N2Cc1ccc2c(c1)OCCO2
A094-B043-C071,A094,B043,C071,1.230448921378274,17.0,6,0,3,NC(=O)c1cccc(CNC(=O)c2ccc3c(c2)N=C(c2cnc(N4CCOCC4)nc2)N3Cc2ccc3c(c2)OCCO3)c1
A081-B082-C036,A081,B082,C036,1.230448921378274,17.0,6,0,2,NC(=O)[C@H](Cc1ccnc(Cl)c1)NC(=O)c1ccc2c(c1)N=C(c1cccc3c1OCO3)N2Cc1cc(OC)cc(OC)c1
A011-B055-C055,A011,B055,C055,1.230448921378274,17.0,6,0,2,NC(=O)[C@H](CCC)NC(=O)c1ccc2c(c1)N=C(c1csc(Br)n1)N2CCc1ccc(OC)cc1
A011-B074-C067,A011,B074,C067,1.230448921378274,17.0,6,0,2,NC(=O)[C@H](CCC)NC(=O)c1ccc2c(c1)N=C(c1ccc3c(c1)OCCO3)N2Cc1cccc(N(C)C(C)=O)c1
A048-B083-C040,A048,B083,C040,1.230448921378274,17.0,6,0,2,NC(=O)[C@H](CC(C)C)NC(=O)c1ccc2c(c1)N=C(c1ccc3ccccc3n1)N2CCc1cccc(OC)c1
A006-B014-C071,A006,B014,C071,1.230448921378274,17.0,6,0,2,NC(=O)[C@@H](CC1CCC1)NC(=O)c1ccc2c(c1)N=C(c1cnc(N3CCOCC3)nc1)N2CCCc1ccccc1
A075-B081-C070,A075,B081,C070,1.230448921378274,17.0,6,0,2,NC(=O)[C@H](Cc1ccc(OC)c(OC)c1)NC(=O)c1ccc2c(c1)N=C(Cc1ccccc1)N2Cc1ccc(S(=O)(=O)CC)cc1
A036-B016-C055,A036,B016,C055,1.230448921378274,17.0,6,0,2,NC(=O)C(CCC(=O)OC)NC(=O)c1ccc2c(c1)N=C(c1csc(Br)n1)N2C(CC)CC
A024-B023-C047,A024,B023,C047,1.230448921378274,17.0,6,0,2,NC(=O)[C@H](CC)NC(=O)c1ccc2c(c1)N=C(c1cccs1)N2Cc1nc(CSC)no1
A091-B067-C053,A091,B067,C053,1.230448921378274,17.0,6,0,2,NC(=O)c1cccc(NC(=O)c2ccc3c(c2)N=C(C(C)c2ccccc2)N3CC2(C#N)CCOCC2)c1
A003-B079-C062,A003,B079,C062,1.230448921378274,17.0,6,0,2,NC(=O)[C@H](Cc1ccc(I)cc1)NC(=O)c1ccc2c(c1)N=C(c1cccc3c1OCCO3)N2Cc1ccc(NC(=O)CC)nc1
A094-B056-C031,A094,B056,C031,1.230448921378274,17.0,6,0,2,NC(=O)c1cccc(CNC(=O)c2ccc3c(c2)N=C(c2cnc[nH]2)N3Cc2ccccc2OC)c1
A038-B055-C001,A038,B055,C001,1.230448921378274,17.0,6,0,2,NC(=O)[C@@H](CC(N)=O)NC(=O)c1ccc2c(c1)N=C(c1ccc3cccnc3c1)N2CCc1ccc(OC)cc1
A037-B074-C067,A037,B074,C067,1.230448921378274,17.0,6,0,2,NC(=O)C(NC(=O)c1ccc2c(c1)N=C(c1ccc3c(c1)OCCO3)N2Cc1cccc(N(C)C(C)=O)c1)C(C)OC
A071-B071-C064,A071,B071,C064,1.230448921378274,17.0,6,0,2,NC(=O)[C@H](Cc1ccco1)NC(=O)c1ccc2c(c1)N=C(c1cnccn1)N2Cc1ccc2nccnc2c1
A007-B014-C068,A007,B014,C068,1.230448921378274,17.0,6,0,2,NC(=O)[C@H](Cc1ccc(C#N)cc1)NC(=O)c1ccc2c(c1)N=C(c1cn[nH]c1)N2CCCc1ccccc1
A006-B094-C016,A006,B094,C016,1.230448921378274,17.0,6,0,2,NC(=O)[C@@H](CC1CCC1)NC(=O)c1ccc2c(c1)N=C(C1CCOCC1)N2C1CC(C)(C)N(C)C(C)(C)C1
A014-B044-C003,A014,B044,C003,1.230448921378274,17.0,6,0,2,NC(=O)[C@H](Cc1ccccn1)NC(=O)c1ccc2c(c1)N=C(c1cc(OC)ccn1)N2Cc1cnn(C)c1
A050-B088-C090,A050,B088,C090,1.230448921378274,17.0,6,0,2,NC(=O)[C@@H](Cc1ccccn1)NC(=O)c1ccc2c(c1)N=C(c1ccc(-c3ccc(OC)cc3)o1)N2Cc1ccncc1
A060-B079-C071,A060,B079,C071,1.230448921378274,17.0,6,0,2,NC(=O)[C@H](Cc1ccc(Br)cc1)NC(=O)c1ccc2c(c1)N=C(c1cnc(N3CCOCC3)nc1)N2Cc1ccc(NC(=O)CC)nc1
A006-B015-C056,A006,B015,C056,1.230448921378274,17.0,6,0,2,NC(=O)[C@@H](CC1CCC1)NC(=O)c1ccc2c(c1)N=C(c1ccc(N(C)C)cc1)N2CCc1cccc(Br)c1
A057-B009-C079,A057,B009,C079,1.230448921378274,17.0,6,0,2,NC(=O)[C@H](Cc1ccccc1)NC(=O)c1ccc2c(c1)N=C(C(CC)CC)N2CCCN(CC)CC
A047-B053-C071,A047,B053,C071,1.230448921378274,17.0,6,0,2,NC(=O)[C@@H](CCC(N)=O)NC(=O)c1ccc2c(c1)N=C(c1cnc(N3CCOCC3)nc1)N2Cc1cncc(Br)c1
A084-B078-C071,A084,B078,C071,1.230448921378274,17.0,6,0,2,NC(=O)[C@H](Cc1cscn1)NC(=O)c1ccc2c(c1)N=C(c1cnc(N3CCOCC3)nc1)N2Cc1ccc(C)cc1
A076-B026-C047,A076,B026,C047,1.230448921378274,17.0,6,0,3,NC(=O)C(CC1CC1)NC(=O)c1ccc2c(c1)N=C(c1cccs1)N2Cc1ccc(CN2CCCC2)cc1
A048-B042-C049,A048,B042,C049,1.230448921378274,17.0,6,0,2,NC(=O)[C@H](CC(C)C)NC(=O)c1ccc2c(c1)N=C(c1ccc(CC)o1)N2CC1CCCCO1
A075-B078-C030,A075,B078,C030,1.230448921378274,17.0,6,0,2,NC(=O)[C@H](Cc1ccc(OC)c(OC)c1)NC(=O)c1ccc2c(c1)N=C(c1cc(C)c(O)c(C)c1)N2Cc1ccc(C)cc1
A040-B027-C028,A040,B027,C028,1.230448921378274,17.0,6,0,2,NC(=O)[C@H](CCCCNC(C)=O)NC(=O)c1ccc2c(c1)N=C(c1ccc(N3CCOCC3)cc1)N2Cc1cccc(N2CCCC2)c1
A091-B071-C091,A091,B071,C091,1.230448921378274,17.0,6,0,2,NC(=O)c1cccc(NC(=O)c2ccc3c(c2)N=C(c2ccc(-c4ccc(Cl)cc4)o2)N3Cc2ccc3nccnc3c2)c1
A090-B075-C049,A090,B075,C049,1.230448921378274,17.0,6,0,3,NC(=O)C1CCCN1C1CCN(C(=O)c2ccc3c(c2)N=C(c2ccc(CC)o2)N3Cc2cccc(OC(F)F)c2)CC1
A071-B023-C059,A071,B023,C059,1.230448921378274,17.0,6,0,2,NC(=O)[C@H](Cc1ccco1)NC(=O)c1ccc2c(c1)N=C(c1cccc(S(C)(=O)=O)c1)N2Cc1nc(CSC)no1
A024-B074-C080,A024,B074,C080,1.230448921378274,17.0,6,0,2,NC(=O)[C@H](CC)NC(=O)c1ccc2c(c1)N=C(c1cnc(C)[nH]1)N2Cc1cccc(N(C)C(C)=O)c1
A091-B044-C035,A091,B044,C035,1.230448921378274,17.0,6,0,2,NC(=O)c1cccc(NC(=O)c2ccc3c(c2)N=C(c2cccnc2)N3Cc2cnn(C)c2)c1
A037-B044-C025,A037,B044,C025,1.230448921378274,17.0,6,0,2,NC(=O)C(NC(=O)c1ccc2c(c1)N=C(c1ncc[nH]1)N2Cc1cnn(C)c1)C(C)OC
A001-B083-C019,A001,B083,C019,1.230448921378274,17.0,6,0,2,NC(=O)C[C@@H]1CCCN1C(=O)c1ccc2c(c1)N=C(c1ncccc1O)N2CCc1cccc(OC)c1
A076-B083-C011,A076,B083,C011,1.230448921378274,17.0,6,0,2,NC(=O)C(CC1CC1)NC(=O)c1ccc2c(c1)N=C(CCc1ccccc1)N2CCc1cccc(OC)c1
A094-B029-C063,A094,B029,C063,1.230448921378274,17.0,6,0,2,NC(=O)c1cccc(CNC(=O)c2ccc3c(c2)N=C(c2cc(C)nc(C)c2)N3C2CC3CN(C)CCN3C2)c1
A077-B081-C021,A077,B081,C021,1.230448921378274,17.0,6,0,2,NC(=O)[C@H]1CCCN(C(=O)c2ccc3c(c2)N=C(C2CCN(Cc4ccccc4)CC2)N3Cc2ccc(S(=O)(=O)CC)cc2)C1
A073-B053-C067,A073,B053,C067,1.230448921378274,17.0,6,0,2,NC(=O)[C@@H](NC(=O)c1ccc2c(c1)N=C(c1ccc3c(c1)OCCO3)N2Cc1cncc(Br)c1)C1CC1
A084-B074-C073,A084,B074,C073,1.230448921378274,17.0,6,0,2,NC(=O)[C@H](Cc1cscn1)NC(=O)c1ccc2c(c1)N=C(CCC)N2Cc1cccc(N(C)C(C)=O)c1
A088-B071-C096,A088,B071,C096,1.230448921378274,17.0,6,0,2,NC(=O)C1CCN(C(=O)c2ccc3c(c2)N=C(c2ccc(Cl)cc2O)N3Cc2ccc3nccnc3c2)CC1
A006-B018-C073,A006,B018,C073,1.230448921378274,17.0,6,0,2,NC(=O)[C@@H](CC1CCC1)NC(=O)c1ccc2c(c1)N=C(CCC)N2C(C)c1ccc(OC)cc1
A012-B068-C045,A012,B068,C045,1.230448921378274,17.0,6,0,2,NC(=O)[C@H](Cc1ccncc1)NC(=O)c1ccc2c(c1)N=C(c1n[nH]c3ccccc13)N2CC1CCC(=O)N1
A001-B071-C017,A001,B071,C017,1.230448921378274,17.0,6,0,2,NC(=O)C[C@@H]1CCCN1C(=O)c1ccc2c(c1)N=C(c1ccc(Br)o1)N2Cc1ccc2nccnc2c1
A036-B056-C017,A036,B056,C017,1.230448921378274,17.0,6,0,2,NC(=O)C(CCC(=O)OC)NC(=O)c1ccc2c(c1)N=C(c1ccc(Br)o1)N2Cc1ccccc1OC
A091-B013-C025,A091,B013,C025,1.230448921378274,17.0,6,0,2,NC(=O)c1cccc(NC(=O)c2ccc3c(c2)N=C(c2ncc[nH]2)N3CC23CCC(CC2)O3)c1
A091-B081-C063,A091,B081,C063,1.230448921378274,17.0,6,0,2,NC(=O)c1cccc(NC(=O)c2ccc3c(c2)N=C(c2cc(C)nc(C)c2)N3Cc2ccc(S(=O)(=O)CC)cc2)c1
A014-B083-C088,A014,B083,C088,1.230448921378274,17.0,6,0,3,NC(=O)[C@H](Cc1ccccn1)NC(=O)c1ccc2c(c1)N=C(c1ccc(C(=O)OC)c(F)c1)N2CCc1cccc(OC)c1
A053-B007-C076,A053,B007,C076,1.230448921378274,17.0,6,0,2,NC(=O)[C@@H](NC(=O)c1ccc2c(c1)N=C(C1CCN(C)CC1)N2CCNC(C)=O)[C@@H](C)CC
A091-B023-C021,A091,B023,C021,1.230448921378274,17.0,6,0,3,NC(=O)c1cccc(NC(=O)c2ccc3c(c2)N=C(C2CCN(Cc4ccccc4)CC2)N3Cc2nc(CSC)no2)c1
A026-B044-C090,A026,B044,C090,1.230448921378274,17.0,6,0,2,NC(=O)C(COC)NC(=O)c1ccc2c(c1)N=C(c1ccc(-c3ccc(OC)cc3)o1)N2Cc1cnn(C)c1
A044-B068-C086,A044,B068,C086,1.230448921378274,17.0,6,0,2,NC(=O)CNC(=O)c1ccc2c(c1)N=C(c1ccc(Cl)c(OC)c1)N2CC1CCC(=O)N1
A035-B070-C035,A035,B070,C035,1.230448921378274,17.0,6,0,2,NC(=O)CCNC(=O)c1ccc2c(c1)N=C(c1cccnc1)N2Cc1ccc2[nH]ccc2c1
A082-B024-C084,A082,B024,C084,1.230448921378274,17.0,6,0,2,NC(=O)[C@H](Cc1ccc(C(F)(F)F)cc1)NC(=O)c1ccc2c(c1)N=C(c1ccoc1)N2Cc1nncn1C(C)C
A093-B042-C070,A093,B042,C070,1.230448921378274,17.0,6,0,2,NC(=O)[C@H](CCC(=O)O)NC(=O)c1ccc2c(c1)N=C(Cc1ccccc1)N2CC1CCCCO1
A049-B056-C062,A049,B056,C062,1.230448921378274,17.0,6,0,2,NC(=O)[C@H](C)NC(=O)c1ccc2c(c1)N=C(c1cccc3c1OCCO3)N2Cc1ccccc1OC
A048-B092-C071,A048,B092,C071,1.230448921378274,17.0,6,0,2,NC(=O)[C@H](CC(C)C)NC(=O)c1ccc2c(c1)N=C(c1cnc(N3CCOCC3)nc1)N2Cc1ccc(CO)cc1
A095-B023-C002,A095,B023,C002,1.230448921378274,17.0,6,0,3,NC(=O)[C@H](CCC(N)=O)NC(=O)c1ccc2c(c1)N=C(c1ccc(F)cc1)N2Cc1nc(CSC)no1
A050-B071-C063,A050,B071,C063,1.230448921378274,17.0,6,0,2,NC(=O)[C@@H](Cc1ccccn1)NC(=O)c1ccc2c(c1)N=C(c1cc(C)nc(C)c1)N2Cc1ccc2nccnc2c1
A071-B015-C058,A071,B015,C058,1.230448921378274,17.0,6,0,2,NC(=O)[C@H](Cc1ccco1)NC(=O)c1ccc2c(c1)N=C(c1ccc3ccn(C)c3c1)N2CCc1cccc(Br)c1
A007-B041-C094,A007,B041,C094,1.230448921378274,17.0,6,0,2,NC(=O)[C@H](Cc1ccc(C#N)cc1)NC(=O)c1ccc2c(c1)N=C(c1cscn1)N2CC(=O)N1CCOCC1
A012-B064-C021,A012,B064,C021,1.230448921378274,17.0,6,0,3,NC(=O)[C@H](Cc1ccncc1)NC(=O)c1ccc2c(c1)N=C(C1CCN(Cc3ccccc3)CC1)N2Cc1cccs1
A023-B078-C017,A023,B078,C017,1.230448921378274,17.0,6,0,2,NC(=O)[C@H](CCCCC1CCCC1)NC(=O)c1ccc2c(c1)N=C(c1ccc(Br)o1)N2Cc1ccc(C)cc1
A077-B068-C063,A077,B068,C063,1.230448921378274,17.0,6,0,2,NC(=O)[C@H]1CCCN(C(=O)c2ccc3c(c2)N=C(c2cc(C)nc(C)c2)N3CC2CCC(=O)N2)C1
A031-B075-C055,A031,B075,C055,1.230448921378274,17.0,6,0,2,NC(=O)[C@H](CC(C)(C)C)NC(=O)c1ccc2c(c1)N=C(c1csc(Br)n1)N2Cc1cccc(OC(F)F)c1
A036-B054-C049,A036,B054,C049,1.230448921378274,17.0,6,0,2,NC(=O)C(CCC(=O)OC)NC(=O)c1ccc2c(c1)N=C(c1ccc(CC)o1)N2Cc1ccsc1
A084-B041-C064,A084,B041,C064,1.230448921378274,17.0,6,0,2,NC(=O)[C@H](Cc1cscn1)NC(=O)c1ccc2c(c1)N=C(c1cnccn1)N2CC(=O)N1CCOCC1
A091-B031-C023,A091,B031,C023,1.230448921378274,17.0,6,0,2,NC(=O)c1cccc(NC(=O)c2ccc3c(c2)N=C(c2nc4ccccc4n2C)N3C2CCN(CC)CC2)c1
A025-B069-C042,A025,B069,C042,1.230448921378274,17.0,6,0,3,NC(=O)[C@H](Cc1ccc(OCC=C)cc1)NC(=O)c1ccc2c(c1)N=C(c1cnc3ccccc3n1)N2Cc1cccnc1
A083-B053-C096,A083,B053,C096,1.230448921378274,17.0,6,0,2,NC(=O)[C@H](CCCCNC(=O)c1cccnc1)NC(=O)c1ccc2c(c1)N=C(c1ccc(Cl)cc1O)N2Cc1cncc(Br)c1
A058-B069-C047,A058,B069,C047,1.230448921378274,17.0,6,0,2,NC(=O)[C@@H](NC(=O)c1ccc2c(c1)N=C(c1cccs1)N2Cc1cccnc1)C(C)(C)C
A062-B043-C017,A062,B043,C017,1.230448921378274,17.0,6,0,2,NC(=O)[C@@H](NC(=O)c1ccc2c(c1)N=C(c1ccc(Br)o1)N2Cc1ccc2c(c1)OCCO2)C1CCCCC1
A038-B021-C085,A038,B021,C085,1.230448921378274,17.0,6,0,2,NC(=O)[C@@H](CC(N)=O)NC(=O)c1ccc2c(c1)N=C(c1ccc(OC)cc1)N2C(C)c1ccccc1
A091-B053-C028,A091,B053,C028,1.230448921378274,17.0,6,0,2,NC(=O)c1cccc(NC(=O)c2ccc3c(c2)N=C(c2ccc(N4CCOCC4)cc2)N3Cc2cncc(Br)c2)c1
A061-B053-C042,A061,B053,C042,1.230448921378274,17.0,6,0,2,NC(=O)CN(C)C(=O)c1ccc2c(c1)N=C(c1cnc3ccccc3n1)N2Cc1cncc(Br)c1
A014-B078-C012,A014,B078,C012,1.230448921378274,17.0,6,0,2,NC(=O)[C@H](Cc1ccccn1)NC(=O)c1ccc2c(c1)N=C(c1cc3ccoc3cn1)N2Cc1ccc(C)cc1
A071-B020-C043,A071,B020,C043,1.230448921378274,17.0,6,0,2,NC(=O)[C@H](Cc1ccco1)NC(=O)c1ccc2c(c1)N=C(c1cc3c(cc1Br)OCO3)N2CC(O)CO
A013-B074-C022,A013,B074,C022,1.230448921378274,17.0,6,0,2,NC(=O)[C@H](Cc1csc2ccccc12)NC(=O)c1ccc2c(c1)N=C(c1ccc(C#N)nc1)N2Cc1cccc(N(C)C(C)=O)c1
A071-B018-C005,A071,B018,C005,1.230448921378274,17.0,6,0,2,NC(=O)[C@H](Cc1ccco1)NC(=O)c1ccc2c(c1)N=C(c1ccc3[nH]ccc3c1)N2C(C)c1ccc(OC)cc1
A094-B064-C025,A094,B064,C025,1.230448921378274,17.0,6,0,2,NC(=O)c1cccc(CNC(=O)c2ccc3c(c2)N=C(c2ncc[nH]2)N3Cc2cccs2)c1
A074-B079-C078,A074,B079,C078,1.230448921378274,17.0,6,0,2,NC(=O)[C@H](Cc1cccnc1)NC(=O)c1ccc2c(c1)N=C(c1[nH]c(-c3ccccc3)nc1Cl)N2Cc1ccc(NC(=O)CC)nc1
A032-B068-C005,A032,B068,C005,1.230448921378274,17.0,6,0,2,NC(=O)[C@H](CCCNC(N)=O)NC(=O)c1ccc2c(c1)N=C(c1ccc3[nH]ccc3c1)N2CC1CCC(=O)N1
A050-B055-C047,A050,B055,C047,1.230448921378274,17.0,6,0,2,NC(=O)[C@@H](Cc1ccccn1)NC(=O)c1ccc2c(c1)N=C(c1cccs1)N2CCc1ccc(OC)cc1
A023-B044-C015,A023,B044,C015,1.230448921378274,17.0,6,0,2,NC(=O)[C@H](CCCCC1CCCC1)NC(=O)c1ccc2c(c1)N=C(c1ncc3ccccn13)N2Cc1cnn(C)c1
A014-B043-C043,A014,B043,C043,1.230448921378274,17.0,6,0,2,NC(=O)[C@H](Cc1ccccn1)NC(=O)c1ccc2c(c1)N=C(c1cc3c(cc1Br)OCO3)N2Cc1ccc2c(c1)OCCO2
A091-B016-C067,A091,B016,C067,1.230448921378274,17.0,6,0,2,NC(=O)c1cccc(NC(=O)c2ccc3c(c2)N=C(c2ccc4c(c2)OCCO4)N3C(CC)CC)c1
A023-B069-C032,A023,B069,C032,1.230448921378274,17.0,6,0,2,NC(=O)[C@H](CCCCC1CCCC1)NC(=O)c1ccc2c(c1)N=C(c1ccc(C(F)(F)F)cn1)N2Cc1cccnc1
A091-B068-C064,A091,B068,C064,1.230448921378274,17.0,6,0,2,NC(=O)c1cccc(NC(=O)c2ccc3c(c2)N=C(c2cnccn2)N3CC2CCC(=O)N2)c1
A084-B066-C090,A084,B066,C090,1.230448921378274,17.0,6,0,2,NC(=O)[C@H](Cc1cscn1)NC(=O)c1ccc2c(c1)N=C(c1ccc(-c3ccc(OC)cc3)o1)N2CCS(=O)(=O)N1CCCC1
A040-B023-C071,A040,B023,C071,1.230448921378274,17.0,6,0,2,NC(=O)[C@H](CCCCNC(C)=O)NC(=O)c1ccc2c(c1)N=C(c1cnc(N3CCOCC3)nc1)N2Cc1nc(CSC)no1
A073-B031-C076,A073,B031,C076,1.230448921378274,17.0,6,0,2,NC(=O)[C@@H](NC(=O)c1ccc2c(c1)N=C(C1CCN(C)CC1)N2C1CCN(CC)CC1)C1CC1
A004-B038-C015,A004,B038,C015,1.230448921378274,17.0,6,0,2,NC(=O)[C@H](CCc1ccc(OC(C)(C)C)cc1)NC(=O)c1ccc2c(c1)N=C(c1ncc3ccccn13)N2CCN1CCCN(C)CC1
A025-B071-C049,A025,B071,C049,1.230448921378274,17.0,6,0,2,NC(=O)[C@H](Cc1ccc(OCC=C)cc1)NC(=O)c1ccc2c(c1)N=C(c1ccc(CC)o1)N2Cc1ccc2nccnc2c1
A076-B015-C048,A076,B015,C048,1.230448921378274,17.0,6,0,2,NC(=O)C(CC1CC1)NC(=O)c1ccc2c(c1)N=C(c1nnc[nH]1)N2CCc1cccc(Br)c1
A081-B094-C021,A081,B094,C021,1.230448921378274,17.0,6,0,2,NC(=O)[C@H](Cc1ccnc(Cl)c1)NC(=O)c1ccc2c(c1)N=C(C1CCN(Cc3ccccc3)CC1)N2C1CC(C)(C)N(C)C(C)(C)C1
A092-B042-C033,A092,B042,C033,1.230448921378274,17.0,6,0,2,NC(=O)c1ccccc1NC(=O)c1ccc2c(c1)N=C(c1ccc(Cl)cc1)N2CC1CCCCO1
A087-B074-C073,A087,B074,C073,1.230448921378274,17.0,6,0,2,NC(=O)[C@@H](NC(=O)c1ccc2c(c1)N=C(CCC)N2Cc1cccc(N(C)C(C)=O)c1)C1CCCC1
A042-B079-C028,A042,B079,C028,1.230448921378274,17.0,6,0,3,NC(=O)[C@@H]1Cc2ccccc2CN1C(=O)c1ccc2c(c1)N=C(c1ccc(N3CCOCC3)cc1)N2Cc1ccc(NC(=O)CC)nc1
A057-B016-C059,A057,B016,C059,1.230448921378274,17.0,6,0,2,NC(=O)[C@H](Cc1ccccc1)NC(=O)c1ccc2c(c1)N=C(c1cccc(S(C)(=O)=O)c1)N2C(CC)CC
A074-B074-C086,A074,B074,C086,1.230448921378274,17.0,6,0,2,NC(=O)[C@H](Cc1cccnc1)NC(=O)c1ccc2c(c1)N=C(c1ccc(Cl)c(OC)c1)N2Cc1cccc(N(C)C(C)=O)c1
A028-B081-C068,A028,B081,C068,1.230448921378274,17.0,6,0,2,NC(=O)[C@H](CCCCc1ccccc1)NC(=O)c1ccc2c(c1)N=C(c1cn[nH]c1)N2Cc1ccc(S(=O)(=O)CC)cc1
A038-B041-C046,A038,B041,C046,1.230448921378274,17.0,6,0,2,NC(=O)[C@@H](CC(N)=O)NC(=O)c1ccc2c(c1)N=C(c1cccc(N3CCN(C)CC3)c1)N2CC(=O)N1CCOCC1
A095-B071-C047,A095,B071,C047,1.230448921378274,17.0,6,0,2,NC(=O)[C@H](CCC(N)=O)NC(=O)c1ccc2c(c1)N=C(c1cccs1)N2Cc1ccc2nccnc2c1
A074-B014-C094,A074,B014,C094,1.230448921378274,17.0,6,0,2,NC(=O)[C@H](Cc1cccnc1)NC(=O)c1ccc2c(c1)N=C(c1cscn1)N2CCCc1ccccc1
A082-B041-C096,A082,B041,C096,1.230448921378274,17.0,6,0,2,NC(=O)[C@H](Cc1ccc(C(F)(F)F)cc1)NC(=O)c1ccc2c(c1)N=C(c1ccc(Cl)cc1O)N2CC(=O)N1CCOCC1
A035-B016-C013,A035,B016,C013,1.230448921378274,17.0,6,0,2,NC(=O)CCNC(=O)c1ccc2c(c1)N=C(c1ccccc1)N2C(CC)CC
A071-B063-C049,A071,B063,C049,1.230448921378274,17.0,6,0,2,NC(=O)[C@H](Cc1ccco1)NC(=O)c1ccc2c(c1)N=C(c1ccc(CC)o1)N2Cc1ccco1
A091-B067-C073,A091,B067,C073,1.230448921378274,17.0,6,0,2,NC(=O)c1cccc(NC(=O)c2ccc3c(c2)N=C(CCC)N3CC2(C#N)CCOCC2)c1
A071-B094-C089,A071,B094,C089,1.230448921378274,17.0,6,0,2,NC(=O)[C@H](Cc1ccco1)NC(=O)c1ccc2c(c1)N=C(c1ccc(OC(C)=O)cc1)N2C1CC(C)(C)N(C)C(C)(C)C1
A071-B014-C072,A071,B014,C072,1.230448921378274,17.0,6,0,2,NC(=O)[C@H](Cc1ccco1)NC(=O)c1ccc2c(c1)N=C(c1cncc(OC)c1)N2CCCc1ccccc1
