positive_ID,nearest_tanimoto_to_current_negative,split,positive_SMILES
BRD4DEL_actives_60,0.29906542056074764,train,NC(=O)C(CC1CC1)NC(=O)c1ccc2c(c1)N=C(c1ccc3c(c1)OCCO3)N2C(C)c1ccc(OC)cc1
BRD4DEL_actives_363,0.29906542056074764,train,NC(=O)c1cccc(CNC(=O)c2ccc3c(c2)N=C(c2cnc[nH]2)N3C(C)c2ccc(OC)cc2)c1
BRD4DEL_actives_875,0.29896907216494845,train,NC(=O)[C@@H](CC1CCC1)NC(=O)c1ccc2c(c1)N=C(CCC)N2CCS(=O)(=O)N1CCCC1
BRD4DEL_actives_813,0.29896907216494845,train,NC(=O)[C@H]1CCCN(C(=O)c2ccc3c(c2)N=C(CCC)N3CC(=O)N2CCOCC2)C1
BRD4DEL_actives_401,0.29896907216494845,train,NC(=O)[C@H](CC(C)C)NC(=O)c1ccc2c(c1)N=C(CCC)N2Cc1ccc2c(c1)OCCO2
BRD4DEL_actives_702,0.29896907216494845,train,NC(=O)c1cccc(NC(=O)c2ccc3c(c2)N=C(c2ccc(N4CCOCC4)cc2)N3CC2COC(C)(C)O2)c1
BRD4DEL_actives_655,0.29896907216494845,train,NC(=O)[C@@H](CC(N)=O)NC(=O)c1ccc2c(c1)N=C(c1ccc(OC(C)=O)cc1)N2CCCc1ccccc1
BRD4DEL_actives_584,0.29896907216494845,train,NC(=O)[C@H](Cc1ccccn1)NC(=O)c1ccc2c(c1)N=C(c1ncccc1O)N2Cc1cccs1
BRD4DEL_actives_1092,0.29896907216494845,val,NC(=O)c1ccccc1NC(=O)c1ccc2c(c1)N=C(c1ccc(Cl)cc1)N2CC1CCCCO1
BRD4DEL_actives_490,0.29896907216494845,val,NC(=O)[C@H](CC)NC(=O)c1ccc2c(c1)N=C(c1ccc(C)cc1)N2Cc1ccc(NC(=O)CC)nc1
BRD4DEL_actives_317,0.2988505747126437,train,NC(=O)C1CCN(C(=O)c2ccc3c(c2)N=C(c2cnccn2)N3Cc2cncc(Br)c2)CC1
BRD4DEL_actives_1082,0.2988505747126437,train,NC(=O)c1cccc(NC(=O)c2ccc3c(c2)N=C(c2ccc4c(c2)OCCO4)N3C(CC)CC)c1
BRD4DEL_actives_865,0.2988505747126437,train,NC(=O)[C@H](Cc1ccc(C#N)cc1)NC(=O)c1ccc2c(c1)N=C(CCC)N2CCCc1ccccc1
BRD4DEL_actives_481,0.2982456140350877,train,NC(=O)[C@H](CCCCC1CCCC1)NC(=O)c1ccc2c(c1)N=C(c1ccc(C(F)(F)F)cn1)N2CCN1CCOCC1
BRD4DEL_actives_309,0.2980769230769231,train,NC(=O)[C@H](Cc1ccc(I)cc1)NC(=O)c1ccc2c(c1)N=C(C1CCN(Cc3ccccc3)CC1)N2Cc1ccccc1OC
BRD4DEL_actives_225,0.2980769230769231,train,NC(=O)[C@H](Cc1ccccc1)N(C)C(=O)c1ccc2c(c1)N=C(c1ccccc1O)N2CC1COc2ccccc2O1
BRD4DEL_actives_155,0.2980769230769231,val,NC(=O)[C@@H]1C[C@@H](c2ccccc2)CN1C(=O)c1ccc2c(c1)N=C(c1cc(OC)ccn1)N2CCN1CCOCC1
BRD4DEL_actives_454,0.2978723404255319,train,NC(=O)[C@H](C)NC(=O)c1ccc2c(c1)N=C(c1ccco1)N2CC(=O)N1CCOCC1
BRD4DEL_actives_267,0.2978723404255319,train,NC(=O)[C@H](CC)NC(=O)c1ccc2c(c1)N=C(c1ccc(F)cc1C)N2Cc1ccco1
BRD4DEL_actives_994,0.2978723404255319,train,NC(=O)c1cccc(NC(=O)c2ccc3c(c2)N=C(c2ccccc2C)N3Cc2ccc3c(c2)OCCO3)c1
BRD4DEL_actives_84,0.2978723404255319,train,NC(=O)[C@@H](CC1CCC1)NC(=O)c1ccc2c(c1)N=C(c1ccc(F)cc1)N2Cc1ccnc(C)c1
BRD4DEL_actives_808,0.2978723404255319,train,NC(=O)[C@H](Cc1ccncc1)NC(=O)c1ccc2c(c1)N=C(c1ccccc1)N2CCNC(C)=O
BRD4DEL_actives_117,0.2978723404255319,val,NC(=O)[C@H]1CCCN1C(=O)c1ccc2c(c1)N=C(c1cnccn1)N2Cc1ccc(-n2ccnc2)cc1
BRD4DEL_actives_394,0.2976190476190476,train,NC(=O)C(CCC(=O)OC)NC(=O)c1ccc2c(c1)N=C(Cc1ccc(C)cc1)N2Cc1ccc(=O)[nH]c1
BRD4DEL_actives_1043,0.2976190476190476,train,NC(=O)c1cccc(NC(=O)c2ccc3c(c2)N=C(c2cc(C)nc(C)c2)N3Cc2ccc(S(=O)(=O)CC)cc2)c1
BRD4DEL_actives_537,0.2976190476190476,train,NC(=O)C1CCN(C(=O)c2ccc3c(c2)N=C(c2ccc(Br)c(F)c2)N3CCN2CCOCC2)CC1
BRD4DEL_actives_904,0.2972972972972973,train,NC(=O)[C@H](Cc1cscn1)NC(=O)c1ccc2c(c1)N=C(c1cccc(C(F)(F)F)n1)N2Cc1cccnc1
BRD4DEL_actives_976,0.2972972972972973,train,NC(=O)[C@@H](NC(=O)c1ccc2c(c1)N=C(c1cccc3c1OCO3)N2Cc1ccccc1)C1CCCCC1
BRD4DEL_actives_633,0.297029702970297,train,NC(=O)[C@H](Cc1ccc(I)cc1)NC(=O)c1ccc2c(c1)N=C(c1cc(Br)ccc1OC)N2CCCc1ccccc1
BRD4DEL_actives_942,0.297029702970297,train,NC(=O)[C@H](CCCCC1CCCC1)NC(=O)c1ccc2c(c1)N=C(c1[nH]c(-c3ccccc3)nc1Cl)N2Cc1cccnc1
BRD4DEL_actives_993,0.297029702970297,train,NC(=O)[C@H]1CCCN(C(=O)c2ccc3c(c2)N=C(c2ccc(O)cc2)N3C(C)c2ccc(OC)cc2)C1
BRD4DEL_actives_624,0.297029702970297,train,NC(=O)[C@H](CC)NC(=O)c1ccc2c(c1)N=C(c1ccc3c(c1)OCCO3)N2Cc1cccs1
BRD4DEL_actives_578,0.297029702970297,train,NC(=O)[C@H](Cc1cccc(F)c1)NC(=O)c1ccc2c(c1)N=C(c1ccccc1C)N2CC1CCC(=O)N1
BRD4DEL_actives_1052,0.297029702970297,train,NC(=O)[C@H](C)NC(=O)c1ccc2c(c1)N=C(c1cccc3c1OCCO3)N2Cc1ccccc1OC
BRD4DEL_actives_404,0.297029702970297,train,NC(=O)c1cccc(NC(=O)c2ccc3c(c2)N=C(c2cc(Br)ccc2OC)N3Cc2cnn(C)c2)c1
BRD4DEL_actives_1058,0.297029702970297,train,NC(=O)[C@H](Cc1ccncc1)NC(=O)c1ccc2c(c1)N=C(C1CCN(Cc3ccccc3)CC1)N2Cc1cccs1
BRD4DEL_actives_762,0.297029702970297,val,NC(=O)c1cccc(CNC(=O)c2ccc3c(c2)N=C(c2cccs2)N3CC2CCC(=O)N2)c1
BRD4DEL_actives_899,0.297029702970297,val,NC(=O)c1cccc(CNC(=O)c2ccc3c(c2)N=C(c2cccc4nccnc24)N3Cc2ccccc2OC)c1
BRD4DEL_actives_8,0.297029702970297,val,NC(=O)c1cccc(CNC(=O)c2ccc3c(c2)N=C(c2cnc[nH]2)N3CC2CCC(=O)N2)c1
BRD4DEL_actives_231,0.2967032967032967,train,NC(=O)[C@H](Cc1ccco1)NC(=O)c1ccc2c(c1)N=C(CC(C)C)N2C
BRD4DEL_actives_531,0.2967032967032967,train,NC(=O)c1cccc(NC(=O)c2ccc3c(c2)N=C(c2ccc(Cl)cc2)N3Cc2ccc(CN3CCCC3)cc2)c1
BRD4DEL_actives_662,0.2967032967032967,train,NC(=O)[C@@H](NC(=O)c1ccc2c(c1)N=C(CCc1ccccc1)N2Cc1cc(OC)cc(OC)c1)C1CCCCC1
BRD4DEL_actives_1069,0.2967032967032967,train,NC(=O)[C@@H](CC(N)=O)NC(=O)c1ccc2c(c1)N=C(c1ccc(OC)cc1)N2C(C)c1ccccc1
BRD4DEL_actives_202,0.2967032967032967,train,NC(=O)CCNC(=O)c1ccc2c(c1)N=C(c1nc3ccccc3[nH]1)N2Cc1ccco1
BRD4DEL_actives_609,0.2962962962962963,train,NC(=O)CCNC(=O)c1ccc2c(c1)N=C(c1ccccc1O)N2CCNC(C)=O
BRD4DEL_actives_775,0.2962962962962963,train,NC(=O)[C@H](Cc1ccc(OCC=C)cc1)NC(=O)c1ccc2c(c1)N=C(c1ccc(NC(C)=O)cc1)N2CC1CCCCO1
BRD4DEL_actives_860,0.2962962962962963,train,NC(=O)[C@H](Cc1ccc(I)cc1)NC(=O)c1ccc2c(c1)N=C(c1cccs1)N2CC1COC(C)(C)O1
BRD4DEL_actives_911,0.2962962962962963,train,NC(=O)c1cccc(CNC(=O)c2ccc3c(c2)N=C(Cc2ccccc2)N3Cc2ccccc2OC)c1
BRD4DEL_actives_268,0.29591836734693877,train,NC(=O)c1cccc(NC(=O)c2ccc3c(c2)N=C(C2CCN(C)CC2)N3Cc2cccs2)c1
BRD4DEL_actives_812,0.29591836734693877,train,NC(=O)CCNC(=O)c1ccc2c(c1)N=C(c1ccc(C)c([N+](=O)[O-])c1)N2CC1CCC(=O)N1
BRD4DEL_actives_582,0.29591836734693877,train,NC(=O)[C@H](CC(N)=O)NC(=O)c1ccc2c(c1)N=C(c1cccc(OCC)c1)N2C1CCN(C(C)C)CC1
BRD4DEL_actives_242,0.29591836734693877,train,NC(=O)CCNC(=O)c1ccc2c(c1)N=C(c1ncc[nH]1)N2CC1CCCO1
BRD4DEL_actives_55,0.29591836734693877,train,NC(=O)[C@H](CCCCC1CCCC1)NC(=O)c1ccc2c(c1)N=C(c1cc(OC)ccn1)N2Cc1ccc(C)cc1
BRD4DEL_actives_253,0.29591836734693877,train,NC(=O)c1cccc(NC(=O)c2ccc3c(c2)N=C(CCC)N3Cc2ccco2)c1
BRD4DEL_actives_374,0.29591836734693877,train,NC(=O)CCNC(=O)c1ccc2c(c1)N=C(c1cc(C)on1)N2Cc1ccc(-n2cccn2)nc1
BRD4DEL_actives_119,0.29591836734693877,train,NC(=O)C(CC1CC1)NC(=O)c1ccc2c(c1)N=C(c1cccc(S(C)(=O)=O)c1)N2Cc1ccccc1
BRD4DEL_actives_325,0.29591836734693877,train,NC(=O)C(CC1CC1)NC(=O)c1ccc2c(c1)N=C(c1ccc(C)cc1)N2CC1CCCCO1
BRD4DEL_actives_1081,0.29591836734693877,val,NC(=O)[C@H](Cc1ccccn1)NC(=O)c1ccc2c(c1)N=C(c1cc3c(cc1Br)OCO3)N2Cc1ccc2c(c1)OCCO2
BRD4DEL_actives_691,0.29591836734693877,val,NC(=O)[C@H](Cc1ccco1)NC(=O)c1ccc2c(c1)N=C(c1ccc(C)cc1)N2Cc1ccc(F)cc1
BRD4DEL_actives_72,0.29591836734693877,val,NC(=O)[C@@H](C)NC(=O)c1ccc2c(c1)N=C(c1ccc3c(c1)OCCO3)N2CC1CCC(=O)N1
BRD4DEL_actives_736,0.29591836734693877,val,NC(=O)[C@H](CC)NC(=O)c1ccc2c(c1)N=C(c1cccs1)N2C1CCN(CC)CC1
BRD4DEL_actives_764,0.2956521739130435,train,NC(=O)c1ccccc1NC(=O)c1ccc2c(c1)N=C(c1cnc(N3CCOCC3)nc1)N2Cc1ccccc1OC
BRD4DEL_actives_839,0.2956521739130435,train,NC(=O)[C@H](Cc1cccc(OC)c1)NC(=O)c1ccc2c(c1)N=C(c1ccc(C)cc1)N2CCN1CCOCC1
BRD4DEL_actives_307,0.29545454545454547,train,NC(=O)c1cccc(NC(=O)c2ccc3c(c2)N=C(c2ccc(Br)o2)N3Cc2ccc(F)c(F)c2)c1
BRD4DEL_actives_660,0.29545454545454547,train,NC(=O)[C@@H](NC(=O)c1ccc2c(c1)N=C(c1ccc(N3CCCC3)cc1)N2CC(=O)c1ccc(S(C)(=O)=O)cc1)C1CCCC1
BRD4DEL_actives_896,0.29545454545454547,train,NC(=O)c1cccc(CNC(=O)c2ccc3c(c2)N=C(CCc2ccccc2)N3Cc2ccc(CN3CCCC3)cc2)c1
BRD4DEL_actives_752,0.29545454545454547,train,NC(=O)c1cccc(CNC(=O)c2ccc3c(c2)N=C(c2ccccc2)N3C(CC)CC)c1
BRD4DEL_actives_50,0.29545454545454547,train,NC(=O)c1cccc(CNC(=O)c2ccc3c(c2)N=C(CCC)N3Cc2ccc(CN3CCCC3)cc2)c1
BRD4DEL_actives_653,0.29545454545454547,train,NC(=O)c1cccc(NC(=O)c2ccc3c(c2)N=C(C(C)(C)C)N3Cc2ccc(CN3CCCC3)cc2)c1
BRD4DEL_actives_16,0.29545454545454547,train,NC(=O)c1ccccc1NC(=O)c1ccc2c(c1)N=C(C(C)(C)C)N2Cc1ccc(OC)cc1OC
BRD4DEL_actives_78,0.29523809523809524,train,NC(=O)[C@H](CCC(N)=O)NC(=O)c1ccc2c(c1)N=C(c1cccc(OC)c1)N2Cc1cccnc1
BRD4DEL_actives_49,0.29523809523809524,train,NC(=O)C1CCN(C(=O)c2ccc3c(c2)N=C(c2ccc(F)cc2C)N3Cc2cccc(OC(F)F)c2)CC1
BRD4DEL_actives_659,0.29523809523809524,train,NC(=O)C(CC1CC1)NC(=O)c1ccc2c(c1)N=C(c1cccc(S(C)(=O)=O)c1)N2Cc1ccc2c(c1)OCCO2
BRD4DEL_actives_421,0.29523809523809524,train,NC(=O)[C@H](Cc1ccccc1)NC(=O)c1ccc2c(c1)N=C(c1ccc(CC)o1)N2Cc1ccccc1OC
BRD4DEL_actives_893,0.2948717948717949,val,NC(=O)CCNC(=O)c1ccc2c(c1)N=C(c1ccccc1)N2Cc1ccccc1
BRD4DEL_actives_87,0.29473684210526313,train,NC(=O)C1CCN(C(=O)c2ccc3c(c2)N=C(c2nc4ccccc4n2C)N3Cc2cccc(N3CCCC3)c2)CC1
BRD4DEL_actives_674,0.29473684210526313,train,NC(=O)[C@@H](CCC(N)=O)NC(=O)c1ccc2c(c1)N=C(c1cccs1)N2CCN1CCOCC1
BRD4DEL_actives_501,0.29473684210526313,train,NC(=O)CCNC(=O)c1ccc2c(c1)N=C(c1cc(Br)ccc1OC)N2Cc1ccccc1OC
BRD4DEL_actives_1018,0.29473684210526313,train,NC(=O)[C@H](Cc1ccccc1)NC(=O)c1ccc2c(c1)N=C(C(CC)CC)N2CCCN(CC)CC
BRD4DEL_actives_173,0.29473684210526313,train,NC(=O)c1cccc(CNC(=O)c2ccc3c(c2)N=C(c2ccc(N4CCCC4)cc2)N3Cc2cccc(N3CCCC3)c2)c1
BRD4DEL_actives_439,0.29473684210526313,train,NC(=O)c1cccc(NC(=O)c2ccc3c(c2)N=C(c2ccc(C#N)cc2)N3CC2CCCCO2)c1
BRD4DEL_actives_427,0.29473684210526313,train,NC(=O)c1cccc(NC(=O)c2ccc3c(c2)N=C(C2CCN(C)CC2)N3C(C)c2ccc(OC)cc2)c1
BRD4DEL_actives_277,0.29473684210526313,val,NC(=O)c1cccc(NC(=O)c2ccc3c(c2)N=C(Cc2ccc(C)cc2)N3Cc2ccc(CN3CCCC3)cc2)c1
BRD4DEL_actives_878,0.29473684210526313,val,NC(=O)[C@H](Cc1ccc(OC)c(OC)c1)NC(=O)c1ccc2c(c1)N=C(Cc1ccccc1)N2Cc1ccccc1
BRD4DEL_actives_150,0.29473684210526313,val,NC(=O)CCNC(=O)c1ccc2c(c1)N=C(c1ccc(F)cc1)N2CC(=O)N1CCOCC1
BRD4DEL_actives_615,0.29464285714285715,train,NC(=O)c1cccc(CNC(=O)c2ccc3c(c2)N=C(c2cc(C)on2)N3CC2CCCCO2)c1
BRD4DEL_actives_414,0.29411764705882354,train,NC(=O)C(C)(C)NC(=O)c1ccc2c(c1)N=C(c1ccc(C)nc1)N2CCc1ccc(OC)cc1
BRD4DEL_actives_572,0.29411764705882354,train,NC(=O)[C@H](Cc1ccc(OC)c(OC)c1)NC(=O)c1ccc2c(c1)N=C(C1CCN(C)CC1)N2CCCc1ccccc1
BRD4DEL_actives_657,0.29411764705882354,train,NC(=O)C(C)(C)NC(=O)c1ccc2c(c1)N=C(c1ccc(N3CCOCC3)cc1)N2C(C)COC
BRD4DEL_actives_574,0.29411764705882354,train,NC(=O)c1cccc(NC(=O)c2ccc3c(c2)N=C(c2ccc(OC(C)=O)cc2)N3CCS(=O)(=O)N2CCCC2)c1
BRD4DEL_actives_783,0.29411764705882354,train,NC(=O)[C@H](Cc1ccccn1)NC(=O)c1ccc2c(c1)N=C(c1ccc(Cl)cc1O)N2CC1CCCO1
BRD4DEL_actives_751,0.29411764705882354,train,NC(=O)CCNC(=O)c1ccc2c(c1)N=C(c1cccc3c1OCO3)N2C1CCN(Cc2ccccc2)C1
BRD4DEL_actives_709,0.29357798165137616,train,NC(=O)[C@H](Cc1ccc(C(F)(F)F)cc1)NC(=O)c1ccc2c(c1)N=C(c1cccnc1)N2CC1CCCCO1
BRD4DEL_actives_1046,0.29357798165137616,train,NC(=O)c1cccc(NC(=O)c2ccc3c(c2)N=C(C2CCN(Cc4ccccc4)CC2)N3Cc2nc(CSC)no2)c1
BRD4DEL_actives_1106,0.29357798165137616,train,NC(=O)[C@H](Cc1ccco1)NC(=O)c1ccc2c(c1)N=C(c1cncc(OC)c1)N2CCCc1ccccc1
BRD4DEL_actives_29,0.29347826086956524,train,NC(=O)[C@H](C)NC(=O)c1ccc2c(c1)N=C(c1cccc(OC)c1)N2CCCc1ccccc1
BRD4DEL_actives_817,0.29347826086956524,train,NC(=O)[C@@H](NC(=O)c1ccc2c(c1)N=C(c1csc(Br)n1)N2Cc1ccc(C)cc1)C1CC1
BRD4DEL_actives_1048,0.29347826086956524,train,NC(=O)CNC(=O)c1ccc2c(c1)N=C(c1ccc(Cl)c(OC)c1)N2CC1CCC(=O)N1
BRD4DEL_actives_1034,0.29347826086956524,train,NC(=O)[C@H]1CCCN(C(=O)c2ccc3c(c2)N=C(C2CCN(Cc4ccccc4)CC2)N3Cc2ccc(S(=O)(=O)CC)cc2)C1
BRD4DEL_actives_1012,0.29347826086956524,train,NC(=O)[C@H](Cc1ccc(C#N)cc1)NC(=O)c1ccc2c(c1)N=C(c1cn[nH]c1)N2CCCc1ccccc1
BRD4DEL_actives_793,0.29347826086956524,val,NC(=O)CCNC(=O)c1ccc2c(c1)N=C(c1cccc(N3CCN(C)CC3)c1)N2C(C)c1ccc(OC)cc1
BRD4DEL_actives_1101,0.29347826086956524,val,NC(=O)[C@H](Cc1ccc(C(F)(F)F)cc1)NC(=O)c1ccc2c(c1)N=C(c1ccc(Cl)cc1O)N2CC(=O)N1CCOCC1
BRD4DEL_actives_1004,0.29347826086956524,val,NC(=O)C(CCC(=O)OC)NC(=O)c1ccc2c(c1)N=C(c1csc(Br)n1)N2C(CC)CC
BRD4DEL_actives_139,0.29333333333333333,train,NC(=O)[C@@H](NC(=O)c1ccc2c(c1)N=C(C(CC)CC)N2Cc1ccc(C)cc1)C(C)(C)C
BRD4DEL_actives_88,0.29292929292929293,train,NC(=O)CCNC(=O)c1ccc2c(c1)N=C(C(C)c1ccccc1)N2Cc1cnn(C)c1
BRD4DEL_actives_124,0.29292929292929293,train,NC(=O)CCNC(=O)c1ccc2c(c1)N=C(c1cncc(OC)c1)N2CCCc1ccccc1
BRD4DEL_actives_815,0.29292929292929293,train,NC(=O)c1cccc(NC(=O)c2ccc3c(c2)N=C(c2cccc(N4CCN(C)CC4)c2)N3Cc2ccccc2OC)c1
BRD4DEL_actives_249,0.29292929292929293,train,NC(=O)[C@@H](NC(=O)c1ccc2c(c1)N=C(c1cccs1)N2Cc1nnc2ccccn12)C1CCCCC1
BRD4DEL_actives_906,0.29292929292929293,val,NC(=O)c1cccc(NC(=O)c2ccc3c(c2)N=C(c2cc4c(cc2Br)OCO4)N3Cc2ccc3c(c2)OCCO3)c1
BRD4DEL_actives_450,0.29292929292929293,val,NC(=O)c1cccc(CNC(=O)c2ccc3c(c2)N=C(c2cccnc2)N3Cc2ccc3c(c2)OCCO3)c1
BRD4DEL_actives_390,0.29292929292929293,val,NC(=O)[C@@H](CC1CCC1)NC(=O)c1ccc2c(c1)N=C(c1ccc(NC(C)=O)cc1)N2CC1CCCCO1
BRD4DEL_actives_122,0.29292929292929293,val,NC(=O)[C@H](Cc1ccco1)NC(=O)c1ccc2c(c1)N=C(C(C)(C)C)N2Cc1ccc(S(=O)(=O)CC)cc1
BRD4DEL_actives_801,0.29292929292929293,val,NC(=O)C(CCC(=O)OC)NC(=O)c1ccc2c(c1)N=C(c1ccc(F)cc1)N2Cc1ccccc1
BRD4DEL_actives_529,0.29292929292929293,val,NC(=O)c1cccc(CNC(=O)c2ccc3c(c2)N=C(c2cc(C)on2)N3Cc2ccco2)c1
BRD4DEL_actives_460,0.29245283018867924,train,NC(=O)[C@H](Cc1cccc(OC)c1)NC(=O)c1ccc2c(c1)N=C(c1ccc(Br)o1)N2Cc1ccc(S(=O)(=O)CC)cc1
BRD4DEL_actives_301,0.29245283018867924,train,NC(=O)[C@H](Cc1ccco1)NC(=O)c1ccc2c(c1)N=C(c1ccco1)N2CCc1cccc(OC)c1
BRD4DEL_actives_126,0.29245283018867924,val,NC(=O)C[C@@H]1CCCN1C(=O)c1ccc2c(c1)N=C(c1ccc(N(C)C)cc1)N2Cc1ccc(OC)cc1OC
BRD4DEL_actives_534,0.29213483146067415,train,NC(=O)c1cccc(NC(=O)c2ccc3c(c2)N=C(c2cccc(OC)c2)N3Cc2cccc(OC(F)F)c2)c1
BRD4DEL_actives_341,0.29213483146067415,train,NC(=O)[C@@H](CC(N)=O)NC(=O)c1ccc2c(c1)N=C(C(CC)CC)N2CCCc1ccccc1
BRD4DEL_actives_12,0.29213483146067415,val,NC(=O)[C@@H](C)NC(=O)c1ccc2c(c1)N=C(c1ccc(O)c(OC)c1)N2C
BRD4DEL_actives_928,0.2920353982300885,train,NC(=O)[C@H](Cc1cccnc1)NC(=O)c1ccc2c(c1)N=C(c1ccc(C(F)(F)F)cn1)N2C1CCN(CC)CC1
BRD4DEL_actives_543,0.2916666666666667,train,NC(=O)C(CCC(=O)OC)NC(=O)c1ccc2c(c1)N=C(c1ccc(Cl)cc1)N2C(C)c1ccc(OC)cc1
BRD4DEL_actives_168,0.2916666666666667,train,NC(=O)c1cccc(NC(=O)c2ccc3c(c2)N=C(c2ccc(C)cc2)N3Cc2cn[nH]c2)c1
BRD4DEL_actives_7,0.2916666666666667,train,NC(=O)c1cccc(NC(=O)c2ccc3c(c2)N=C(c2ccccc2C)N3CC2CCC(=O)N2)c1
BRD4DEL_actives_152,0.2916666666666667,train,NC(=O)[C@H](CCC)NC(=O)c1ccc2c(c1)N=C(c1cccnc1)N2C(C)c1ccc(OC)cc1
BRD4DEL_actives_933,0.2916666666666667,train,NC(=O)[C@H](Cc1ccco1)NC(=O)c1ccc2c(c1)N=C(c1cccc(OCC)c1)N2CCC1CCCN1C
BRD4DEL_actives_1076,0.2916666666666667,train,NC(=O)c1cccc(CNC(=O)c2ccc3c(c2)N=C(c2ncc[nH]2)N3Cc2cccs2)c1
BRD4DEL_actives_6,0.2916666666666667,train,NC(=O)CCNC(=O)c1ccc2c(c1)N=C(c1ccco1)N2C1CCN(c2ncccn2)CC1
BRD4DEL_actives_422,0.2916666666666667,train,NC(=O)[C@H](CCC)NC(=O)c1ccc2c(c1)N=C(c1cnc(C)[nH]1)N2Cc1cccs1
BRD4DEL_actives_348,0.2916666666666667,train,NC(=O)[C@H](Cc1cscn1)NC(=O)c1ccc2c(c1)N=C(c1ccc(F)cc1)N2CCc1ccc(OC)cc1
BRD4DEL_actives_266,0.2916666666666667,train,NC(=O)c1cccc(NC(=O)c2ccc3c(c2)N=C(c2ccc4c(c2)OCCO4)N3CCCc2ccccc2)c1
BRD4DEL_actives_107,0.2916666666666667,train,NC(=O)C[C@@H]1CCCN1C(=O)c1ccc2c(c1)N=C(c1cccnc1)N2Cc1cccnc1
BRD4DEL_actives_935,0.2916666666666667,val,NC(=O)[C@H](Cc1ccc(OC)c(OC)c1)NC(=O)c1ccc2c(c1)N=C(c1ccc3c(c1)OCCO3)N2Cc1cc(OC)cc(OC)c1
BRD4DEL_actives_349,0.2912621359223301,train,NC(=O)[C@H](Cc1ccco1)NC(=O)c1ccc2c(c1)N=C(c1ccc(C)cc1)N2CCc1cccc(OC)c1
BRD4DEL_actives_997,0.2912621359223301,train,NC(=O)c1cccc(CNC(=O)c2ccc3c(c2)N=C(c2cnc(N4CCOCC4)nc2)N3Cc2ccc3c(c2)OCCO3)c1
BRD4DEL_actives_151,0.2912621359223301,train,NC(=O)CCNC(=O)c1ccc2c(c1)N=C(c1cccc(OC)c1)N2CC1(C#N)CCOCC1
BRD4DEL_actives_416,0.2912621359223301,train,NC(=O)C(CCC(=O)OC)NC(=O)c1ccc2c(c1)N=C(c1n[nH]c3ccccc13)N2Cc1cccs1
BRD4DEL_actives_680,0.2912621359223301,train,NC(=O)[C@H](Cc1ccncc1)NC(=O)c1ccc2c(c1)N=C(c1ccc(O)cc1)N2C1CCN(Cc2ccccc2)C1
BRD4DEL_actives_207,0.2912621359223301,train,NC(=O)[C@H](Cc1ccc(Cl)c(Cl)c1)NC(=O)c1ccc2c(c1)N=C(c1ncccc1O)N2C(C)COC
BRD4DEL_actives_922,0.2912621359223301,val,NC(=O)[C@H](Cc1cn(Cc2ccccc2)cn1)NC(=O)c1ccc2c(c1)N=C(c1ccc(Cl)cc1O)N2Cc1ccc(CN2CCCC2)cc1
BRD4DEL_actives_457,0.2909090909090909,train,NC(=O)[C@@H](NC(=O)c1ccc2c(c1)N=C(c1ccc(-c3ccc(Cl)cc3)o1)N2Cc1ccccc1OC)C1CCCCC1
BRD4DEL_actives_758,0.2909090909090909,train,NC(=O)[C@H](CCC)NC(=O)c1ccc2c(c1)N=C(c1ccc(-c3ccc(OC)cc3)o1)N2CCCc1ccccc1
BRD4DEL_actives_282,0.2909090909090909,train,NC(=O)CCNC(=O)c1ccc2c(c1)N=C(c1ccc(-c3ccc(OC)cc3)o1)N2CCN1CCOCC1
BRD4DEL_actives_560,0.2909090909090909,train,NC(=O)[C@@H]1C[C@@H](c2ccccc2)CN1C(=O)c1ccc2c(c1)N=C(c1ccc(N3CCCC3)c([N+](=O)[O-])c1)N2Cc1cnn(C)c1
BRD4DEL_actives_395,0.2909090909090909,train,NC(=O)[C@H](Cc1ccccn1)NC(=O)c1ccc2c(c1)N=C(c1ccc(O)c(OC)c1)N2CCc1cccc(OC)c1
BRD4DEL_actives_968,0.2909090909090909,train,NC(=O)[C@H](Cc1cccnc1)NC(=O)c1ccc2c(c1)N=C(c1cnc3ccccc3n1)N2C(C)c1ccc(OC)cc1
BRD4DEL_actives_248,0.29069767441860467,train,NC(=O)c1cccc(NC(=O)c2ccc3c(c2)N=C(c2cccc(O)c2)N3Cc2ccc(S(=O)(=O)CC)cc2)c1
BRD4DEL_actives_132,0.29069767441860467,train,NC(=O)[C@H](Cc1ccccc1F)NC(=O)c1ccc2c(c1)N=C(c1ccccc1)N2CC(=O)N1CCOCC1
BRD4DEL_actives_787,0.29069767441860467,train,NC(=O)[C@@H](NC(=O)c1ccc2c(c1)N=C(c1ccc(N3CCCC3)cc1)N2C(C)C(O)c1ccccc1)C1CC1
BRD4DEL_actives_149,0.29069767441860467,train,NC(=O)[C@H](CCSC)NC(=O)c1ccc2c(c1)N=C(c1cc(C)c(O)c(C)c1)N2Cc1cncc(Br)c1
BRD4DEL_actives_68,0.29069767441860467,val,NC(=O)[C@H](CC)NC(=O)c1ccc2c(c1)N=C(CCc1ccccc1)N2CCNC(C)=O
BRD4DEL_actives_273,0.2903225806451613,train,NC(=O)[C@@H](NC(=O)c1ccc2c(c1)N=C(c1ccc(F)cc1)N2Cc1ccc2nccnc2c1)C1CCCC1
BRD4DEL_actives_491,0.2903225806451613,train,NC(=O)[C@H](CCC)NC(=O)c1ccc2c(c1)N=C(c1cc3ccoc3cn1)N2Cc1cncc(Br)c1
BRD4DEL_actives_320,0.2903225806451613,train,NC(=O)CCNC(=O)c1ccc2c(c1)N=C(c1cccnc1)N2CC1CCC(=O)N1
BRD4DEL_actives_293,0.2903225806451613,train,NC(=O)[C@H](CCC(N)=O)NC(=O)c1ccc2c(c1)N=C(c1cc(Br)ccc1O)N2CCNC(C)=O
BRD4DEL_actives_432,0.2903225806451613,train,NC(=O)[C@@H](NC(=O)c1ccc2c(c1)N=C(c1cccc3c1OCCO3)N2CCNC(C)=O)C(C)C
BRD4DEL_actives_811,0.2903225806451613,train,NC(=O)CCNC(=O)c1ccc2c(c1)N=C(c1ccc(Br)o1)N2CC(=O)N1CCOCC1
BRD4DEL_actives_73,0.2903225806451613,train,NC(=O)c1cccc(CNC(=O)c2ccc3c(c2)N=C(c2ccc(Cl)cc2)N3Cc2cccc(N3CCCC3)c2)c1
BRD4DEL_actives_585,0.2903225806451613,train,NC(=O)c1cccc(CNC(=O)c2ccc3c(c2)N=C(c2cc(OC)ccn2)N3C(C)C(O)c2ccccc2)c1
BRD4DEL_actives_114,0.2903225806451613,train,NC(=O)[C@@H](NC(=O)c1ccc2c(c1)N=C(c1ccc(COC)cc1)N2Cc1cccs1)C1CCCCC1
BRD4DEL_actives_449,0.2903225806451613,val,NC(=O)c1cccc(CNC(=O)c2ccc3c(c2)N=C(c2ccc(Br)c(F)c2)N3Cc2ccc(F)c(F)c2)c1
BRD4DEL_actives_788,0.2903225806451613,val,NC(=O)[C@@H](C)NC(=O)c1ccc2c(c1)N=C(c1cc(Br)ccc1OC)N2Cc1ccc(CN(C)C)cc1
BRD4DEL_actives_885,0.29,train,NC(=O)[C@@H]1C[C@@H](c2ccccc2)CN1C(=O)c1ccc2c(c1)N=C(c1ccc(O)c(OC)c1)N2C(C)c1ccc(OC)cc1
BRD4DEL_actives_1067,0.29,train,NC(=O)[C@@H](NC(=O)c1ccc2c(c1)N=C(c1cccs1)N2Cc1cccnc1)C(C)(C)C
BRD4DEL_actives_289,0.29,train,NC(=O)c1cccc(NC(=O)c2ccc3c(c2)N=C(c2ccc(S(C)(=O)=O)cc2)N3CC2CCC(=O)N2)c1
BRD4DEL_actives_330,0.29,train,NC(=O)c1cccc(CNC(=O)c2ccc3c(c2)N=C(c2ccc(C(F)(F)F)cn2)N3CCNC(C)=O)c1
BRD4DEL_actives_224,0.29,train,NC(=O)C(CC1CC1)NC(=O)c1ccc2c(c1)N=C(c1ccc(F)cc1C)N2C(C)c1ccc(OC)cc1
BRD4DEL_actives_713,0.29,val,NC(=O)[C@@H](NC(=O)c1ccc2c(c1)N=C(c1ccco1)N2CC1COC(C)(C)O1)c1ccccc1
BRD4DEL_actives_525,0.2897196261682243,train,NC(=O)c1cccc(NC(=O)c2ccc3c(c2)N=C(c2cccnc2)N3CC2CCC(=O)N2)c1
BRD4DEL_actives_1079,0.2897196261682243,train,NC(=O)[C@@H](Cc1ccccn1)NC(=O)c1ccc2c(c1)N=C(c1cccs1)N2CCc1ccc(OC)cc1
BRD4DEL_actives_668,0.2897196261682243,train,NC(=O)[C@H](Cc1ccccc1)NC(=O)c1ccc2c(c1)N=C(c1ccc(C(F)(F)F)cn1)N2CC1CCCCO1
BRD4DEL_actives_208,0.2897196261682243,train,NC(=O)[C@@H]1[C@@H](c2ccccc2)CCN1C(=O)c1ccc2c(c1)N=C(c1ccc(OC)cc1)N2CC1CCC(=O)N1
BRD4DEL_actives_448,0.2897196261682243,train,NC(=O)[C@@H](CC1CCC1)NC(=O)c1ccc2c(c1)N=C(c1nc3ccccc3[nH]1)N2Cc1ccc(F)c(F)c1
BRD4DEL_actives_321,0.2894736842105263,train,NC(=O)[C@@H](NC(=O)c1ccc2c(c1)N=C(c1cccc(OCC)c1)N2Cc1cn[nH]c1)C1CCCC1
BRD4DEL_actives_784,0.2894736842105263,val,NC(=O)[C@H](CCC)NC(=O)c1ccc2c(c1)N=C(c1n[nH]c3ccccc13)N2Cc1ccc2c(c1)OCCO2
BRD4DEL_actives_656,0.2894736842105263,val,NC(=O)[C@H](Cc1csc2ccccc12)NC(=O)c1ccc2c(c1)N=C(c1ccc(C#N)nc1)N2CCc1ccc(OC)cc1
BRD4DEL_actives_628,0.2894736842105263,val,NC(=O)[C@H](Cc1cccnc1)NC(=O)c1ccc2c(c1)N=C(c1ccc3c(c1)OCCO3)N2CC(=O)N1CCOCC1
BRD4DEL_actives_679,0.2891566265060241,train,NC(=O)CCNC(=O)c1ccc2c(c1)N=C(c1ccc(S(C)(=O)=O)cc1)N2C(CCC)C(F)(F)F
BRD4DEL_actives_610,0.28888888888888886,train,NC(=O)c1cccc(NC(=O)c2ccc3c(c2)N=C(c2ccsc2)N3C(C)c2ccc(OC)cc2)c1
BRD4DEL_actives_209,0.28888888888888886,train,NC(=O)[C@@H](NC(=O)c1ccc2c(c1)N=C(c1nnc[nH]1)N2CCCc1ccccc1)C(C)C
BRD4DEL_actives_1095,0.28888888888888886,train,NC(=O)[C@H](Cc1ccccc1)NC(=O)c1ccc2c(c1)N=C(c1cccc(S(C)(=O)=O)c1)N2C(CC)CC
BRD4DEL_actives_86,0.28888888888888886,train,NC(=O)C1CCN(C(=O)c2ccc3c(c2)N=C(C2CCN(Cc4ccccc4)CC2)N3CC(=O)N2CCOCC2)CC1
BRD4DEL_actives_67,0.28888888888888886,train,NC(=O)[C@H](CCC)NC(=O)c1ccc2c(c1)N=C(c1csc(Br)n1)N2Cc1cccnc1
BRD4DEL_actives_863,0.28888888888888886,val,NC(=O)[C@H](CCC)NC(=O)c1ccc2c(c1)N=C(c1cccc(S(C)(=O)=O)c1)N2Cc1cccc(N2CCCC2)c1
BRD4DEL_actives_39,0.28865979381443296,train,NC(=O)[C@H](Cc1ccccc1Cl)NC(=O)c1ccc2c(c1)N=C(c1ccc(Cl)c(OC)c1)N2Cc1ccc(C)cc1
BRD4DEL_actives_832,0.28865979381443296,train,NC(=O)c1cccc(NC(=O)c2ccc3c(c2)N=C(c2ccccc2C)N3Cc2ccc(=O)[nH]c2)c1
BRD4DEL_actives_409,0.28865979381443296,train,NC(=O)[C@H](Cc1csc2ccccc12)NC(=O)c1ccc2c(c1)N=C(c1cccnc1)N2Cc1ccc(C)cc1
BRD4DEL_actives_910,0.28865979381443296,train,NC(=O)c1cccc(CNC(=O)c2ccc3c(c2)N=C(C2CCN(C)CC2)N3Cc2ccccc2OC)c1
BRD4DEL_actives_693,0.28865979381443296,train,NC(=O)c1cccc(CNC(=O)c2ccc3c(c2)N=C(c2cccc(N4CCN(C)CC4)c2)N3C(C)C(O)c2ccccc2)c1
BRD4DEL_actives_533,0.28865979381443296,train,NC(=O)c1cccc(NC(=O)c2ccc3c(c2)N=C(c2cnc(N4CCOCC4)nc2)N3Cc2cccs2)c1
BRD4DEL_actives_607,0.28865979381443296,train,NC(=O)[C@H](Cc1ccco1)NC(=O)c1ccc2c(c1)N=C(c1cc(C)nc(C)c1)N2Cc1ccc(C)cc1
BRD4DEL_actives_540,0.28865979381443296,train,NC(=O)[C@@H](CCC(N)=O)NC(=O)c1ccc2c(c1)N=C(c1ccc(OC)cc1)N2CCN1CCCN(C)CC1
BRD4DEL_actives_364,0.28865979381443296,train,NC(=O)c1cccc(CNC(=O)c2ccc3c(c2)N=C(c2cccc(OCC)c2)N3CC(O)CO)c1
BRD4DEL_actives_515,0.28865979381443296,train,NC(=O)c1cccc(NC(=O)c2ccc3c(c2)N=C(c2ccc(F)cc2C)N3CC(=O)N2CCOCC2)c1
BRD4DEL_actives_640,0.28865979381443296,train,NC(=O)C1CCN(C(=O)c2ccc3c(c2)N=C(c2ccsc2)N3Cc2cc(OC)cc(OC)c2)CC1
BRD4DEL_actives_79,0.28865979381443296,train,NC(=O)C(Cc1cn(C)cn1)NC(=O)c1ccc2c(c1)N=C(c1ccc(F)cc1)N2Cc1nnc2ccccn12
BRD4DEL_actives_1003,0.28865979381443296,train,NC(=O)[C@H](Cc1ccc(OC)c(OC)c1)NC(=O)c1ccc2c(c1)N=C(Cc1ccccc1)N2Cc1ccc(S(=O)(=O)CC)cc1
BRD4DEL_actives_837,0.28865979381443296,train,NC(=O)c1cccc(NC(=O)c2ccc3c(c2)N=C(c2ccc(S(C)(=O)=O)cc2)N3CC(=O)N2CCOCC2)c1
BRD4DEL_actives_769,0.28865979381443296,val,NC(=O)[C@H](CC)NC(=O)c1ccc2c(c1)N=C(c1cccnc1)N2Cc1cccc(OC(F)F)c1
BRD4DEL_actives_590,0.28865979381443296,val,NC(=O)C1CCN(C(=O)c2ccc3c(c2)N=C(c2ccc(Br)o2)N3CCc2cccc(OC)c2)CC1
BRD4DEL_actives_211,0.28865979381443296,val,NC(=O)c1cccc(NC(=O)c2ccc3c(c2)N=C(c2cnccn2)N3Cc2ccnc(C)c2)c1
BRD4DEL_actives_671,0.28865979381443296,val,NC(=O)c1cccc(CNC(=O)c2ccc3c(c2)N=C(c2ccc(C)c([N+](=O)[O-])c2)N3Cc2ccncc2)c1
BRD4DEL_actives_177,0.28846153846153844,train,NC(=O)[C@H](CC)NC(=O)c1ccc2c(c1)N=C(c1ccc(N3CCCC3)c([N+](=O)[O-])c1)N2Cc1cnn(C)c1
BRD4DEL_actives_920,0.28846153846153844,train,NC(=O)C[C@@H]1CCCN1C(=O)c1ccc2c(c1)N=C(c1cccc(OC)c1)N2Cc1ccc(S(=O)(=O)CC)cc1
BRD4DEL_actives_154,0.28846153846153844,train,NC(=O)c1cccc(NC(=O)c2ccc3c(c2)N=C(c2ccc4c(c2)OCCO4)N3Cc2ccnc(C)c2)c1
BRD4DEL_actives_41,0.28846153846153844,train,NC(=O)[C@H](Cc1cccc(OC)c1)NC(=O)c1ccc2c(c1)N=C(c1cccs1)N2CC(=O)N1CCOCC1
BRD4DEL_actives_566,0.28846153846153844,val,NC(=O)[C@H](Cc1cccnc1)NC(=O)c1ccc2c(c1)N=C(c1ccc(O)cc1)N2Cc1nc(CSC)no1
BRD4DEL_actives_241,0.28846153846153844,val,NC(=O)[C@@H](Cc1ccccc1)NC(=O)c1ccc2c(c1)N=C(c1n[nH]c3ccccc13)N2C1CCN(Cc2ccccc2)C1
BRD4DEL_actives_176,0.28846153846153844,val,NC(=O)[C@@H](NC(=O)c1ccc2c(c1)N=C(c1cccc(OCC)c1)N2CCc1cccc(OC)c1)C(C)(C)C
BRD4DEL_actives_555,0.28846153846153844,val,NC(=O)c1cccc(NC(=O)c2ccc3c(c2)N=C(c2cnc(C)[nH]2)N3CCc2ccc(OC)cc2)c1
BRD4DEL_actives_252,0.28846153846153844,val,NC(=O)[C@@H](CC1CCC1)NC(=O)c1ccc2c(c1)N=C(c1cccc3c1OCCO3)N2Cc1ccccc1OC
BRD4DEL_actives_992,0.2882882882882883,train,NC(=O)C(CCC(=O)OC)NC(=O)c1ccc2c(c1)N=C(c1ccc(-c3ccc(OC)cc3)o1)N2Cc1ccc(NC(=O)CC)nc1
BRD4DEL_actives_115,0.2882882882882883,val,NC(=O)[C@H](Cc1csc2ccccc12)NC(=O)c1ccc2c(c1)N=C(c1ccc(C#N)cc1)N2Cc1ccc(-n2ccnc2)cc1
BRD4DEL_actives_82,0.28735632183908044,train,NC(=O)[C@H](Cc1ccncc1)NC(=O)c1ccc2c(c1)N=C(c1ccccc1)N2C
BRD4DEL_actives_1023,0.28735632183908044,train,NC(=O)[C@H](Cc1ccc(OC)c(OC)c1)NC(=O)c1ccc2c(c1)N=C(c1cc(C)c(O)c(C)c1)N2Cc1ccc(C)cc1
BRD4DEL_actives_213,0.28735632183908044,train,NC(=O)c1cccc(CNC(=O)c2ccc3c(c2)N=C(c2ccc(C)cc2)N3Cc2ccc(S(=O)(=O)CC)cc2)c1
BRD4DEL_actives_110,0.28735632183908044,train,NC(=O)[C@H](C)NC(=O)c1ccc2c(c1)N=C(c1cccc(OC)c1)N2C(C)C(O)c1ccccc1
BRD4DEL_actives_215,0.28735632183908044,train,NC(=O)CCNC(=O)c1ccc2c(c1)N=C(c1cc(C)c(O)c(C)c1)N2CCN1CCOCC1
BRD4DEL_actives_57,0.28735632183908044,val,NC(=O)CCNC(=O)c1ccc2c(c1)N=C(c1cc(C)on1)N2Cc1ccnc(C)c1
BRD4DEL_actives_966,0.2872340425531915,train,NC(=O)c1cccc(NC(=O)c2ccc3c(c2)N=C(c2ccc(-c4ccc(Cl)cc4)o2)N3Cc2ccncc2)c1
BRD4DEL_actives_983,0.2872340425531915,train,NC(=O)[C@H](Cc1ccnc(Cl)c1)NC(=O)c1ccc2c(c1)N=C(c1ccc(F)cc1)N2Cc1ccnc(C)c1
BRD4DEL_actives_971,0.2872340425531915,train,NC(=O)[C@H](CC(C)C)NC(=O)c1ccc2c(c1)N=C(CCc1ccccc1)N2Cc1nc(CSC)no1
BRD4DEL_actives_888,0.2872340425531915,train,NC(=O)[C@H](CC(C)C)NC(=O)c1ccc2c(c1)N=C(c1cccc(S(C)(=O)=O)c1)N2CCCN(CC)CC
BRD4DEL_actives_304,0.2872340425531915,val,NC(=O)[C@@H](NC(=O)c1ccc2c(c1)N=C(c1cnccn1)N2Cc1cc(OC)cc(OC)c1)C1CCCCC1
BRD4DEL_actives_475,0.2871287128712871,train,NC(=O)[C@H](Cc1ccc(OC)c(OC)c1)NC(=O)c1ccc2c(c1)N=C(c1cc(Br)ccc1OC)N2CC1CCC(=O)N1
BRD4DEL_actives_499,0.2871287128712871,train,NC(=O)[C@H](Cc1ccsc1)NC(=O)c1ccc2c(c1)N=C(CCc1ccccc1)N2CC1CCC(=O)N1
BRD4DEL_actives_955,0.2871287128712871,train,NC(=O)[C@H](Cc1cccnc1)NC(=O)c1ccc2c(c1)N=C(c1ccc(N(C)C)cc1)N2Cc1cccs1
BRD4DEL_actives_1064,0.2871287128712871,train,NC(=O)c1cccc(NC(=O)c2ccc3c(c2)N=C(c2nc4ccccc4n2C)N3C2CCN(CC)CC2)c1
BRD4DEL_actives_931,0.2871287128712871,train,NC(=O)c1cccc(NC(=O)c2ccc3c(c2)N=C(c2cn[nH]c2)N3CCCc2ccccc2)c1
BRD4DEL_actives_735,0.2871287128712871,train,NC(=O)C(CC1CC1)NC(=O)c1ccc2c(c1)N=C(c1cccnc1)N2Cc1ccc(OC)cc1OC
BRD4DEL_actives_703,0.2871287128712871,train,NC(=O)C(COC)NC(=O)c1ccc2c(c1)N=C(c1ccc(N3CCCC3)cc1)N2CCc1ccc(OC)cc1
BRD4DEL_actives_180,0.2871287128712871,train,NC(=O)c1cccc(NC(=O)c2ccc3c(c2)N=C(c2cccc4c2OCO4)N3C(CCC)C(F)(F)F)c1
BRD4DEL_actives_536,0.2871287128712871,train,NC(=O)[C@@H](C)NC(=O)c1ccc2c(c1)N=C(c1ccccc1C)N2Cc1nnc2ccccn12
BRD4DEL_actives_1038,0.2871287128712871,train,NC(=O)[C@@H](CC1CCC1)NC(=O)c1ccc2c(c1)N=C(CCC)N2C(C)c1ccc(OC)cc1
BRD4DEL_actives_70,0.2871287128712871,train,NC(=O)[C@H](Cc1csc2ccccc12)NC(=O)c1ccc2c(c1)N=C(c1ccc(S(C)(=O)=O)cc1)N2Cc1ccc2c(c1)OCCO2
BRD4DEL_actives_692,0.2871287128712871,val,NC(=O)[C@H](Cc1ccc(I)cc1)NC(=O)c1ccc2c(c1)N=C(c1n[nH]c3ccccc13)N2Cc1ccc(Br)cc1
BRD4DEL_actives_1077,0.28703703703703703,train,NC(=O)[C@H](Cc1cccnc1)NC(=O)c1ccc2c(c1)N=C(c1[nH]c(-c3ccccc3)nc1Cl)N2Cc1ccc(NC(=O)CC)nc1
BRD4DEL_actives_669,0.28703703703703703,train,NC(=O)[C@H](Cc1cccc(OC)c1)NC(=O)c1ccc2c(c1)N=C(c1ccc(Br)c(F)c1)N2Cc1cccnc1
BRD4DEL_actives_424,0.28703703703703703,train,NC(=O)[C@H](Cc1cccnc1)NC(=O)c1ccc2c(c1)N=C(c1cccc(C(F)(F)F)n1)N2Cc1ccc(CO)cc1
BRD4DEL_actives_797,0.28703703703703703,val,NC(=O)[C@H]1CCCN(C(=O)c2ccc3c(c2)N=C(c2ccc(-c4ccc(OC)cc4)o2)N3Cc2ccc(NC(=O)CC)nc2)C1
BRD4DEL_actives_771,0.2857142857142857,train,NC(=O)[C@H](CCC(N)=O)NC(=O)c1ccc2c(c1)N=C(c1ccc(N(C)C)cc1)N2CC1CCCCO1
BRD4DEL_actives_144,0.2857142857142857,train,NC(=O)[C@H](CCC(N)=O)NC(=O)c1ccc2c(c1)N=C(c1cc(Br)ccc1OC)N2CC(=O)N1CCOCC1
BRD4DEL_actives_113,0.2857142857142857,train,NC(=O)[C@H](CC(C)C)NC(=O)c1ccc2c(c1)N=C(c1cccs1)N2Cc1ccc(=O)[nH]c1
BRD4DEL_actives_43,0.2857142857142857,train,NC(=O)CN(C)C(=O)c1ccc2c(c1)N=C(CCC)N2Cc1ccc(CN2CCCC2)cc1
BRD4DEL_actives_199,0.2857142857142857,train,NC(=O)c1cccc(NC(=O)c2ccc3c(c2)N=C(c2ccc4cccnc4c2)N3CCN2CCCN(C)CC2)c1
BRD4DEL_actives_104,0.2857142857142857,train,NC(=O)c1cccc(NC(=O)c2ccc3c(c2)N=C(c2cccc(S(C)(=O)=O)c2)N3Cc2cccs2)c1
BRD4DEL_actives_600,0.2857142857142857,train,NC(=O)[C@H](Cc1ccc(OC)c(OC)c1)NC(=O)c1ccc2c(c1)N=C(C1CCOCC1)N2CCN1CCCN(C)CC1
BRD4DEL_actives_111,0.2857142857142857,train,NC(=O)[C@@H](NC(=O)c1ccc2c(c1)N=C(c1cc(OC)ccn1)N2CC(=O)N1CCOCC1)C1CCCC1
BRD4DEL_actives_973,0.2857142857142857,train,NC(=O)C(CC1CC1)NC(=O)c1ccc2c(c1)N=C(c1ccc(-c3ccc(OC)cc3)o1)N2Cc1ccc(NC(=O)CC)nc1
BRD4DEL_actives_550,0.2857142857142857,train,NC(=O)[C@H](Cc1csc2ccccc12)NC(=O)c1ccc2c(c1)N=C(c1cccc(OCC)c1)N2CCc1ccc(OC)cc1
BRD4DEL_actives_14,0.2857142857142857,train,NC(=O)[C@H](Cc1ccco1)NC(=O)c1ccc2c(c1)N=C(c1cn[nH]c1)N2Cc1cccc(N2CCCC2)c1
BRD4DEL_actives_551,0.2857142857142857,train,NC(=O)C(Cc1cn(C)cn1)NC(=O)c1ccc2c(c1)N=C(c1cn(C)cn1)N2C1CCN(Cc2ccccc2)C1
BRD4DEL_actives_219,0.2857142857142857,train,NC(=O)c1cccc(NC(=O)c2ccc3c(c2)N=C(c2nc4ccccc4n2C)N3Cc2ccc(OC)cc2OC)c1
BRD4DEL_actives_598,0.2857142857142857,train,NC(=O)C(CC1CC1)NC(=O)c1ccc2c(c1)N=C(c1cnc3ccccc3n1)N2CC(=O)c1ccc(S(C)(=O)=O)cc1
BRD4DEL_actives_466,0.2857142857142857,train,NC(=O)C(CCC(=O)OC)NC(=O)c1ccc2c(c1)N=C(c1cccc(O)c1)N2Cc1ccc2c(c1)OCCO2
BRD4DEL_actives_1062,0.2857142857142857,train,NC(=O)C(CCC(=O)OC)NC(=O)c1ccc2c(c1)N=C(c1ccc(CC)o1)N2Cc1ccsc1
BRD4DEL_actives_269,0.2857142857142857,train,NC(=O)[C@H](Cc1csc2ccccc12)NC(=O)c1ccc2c(c1)N=C(c1cccc(OC)c1)N2Cc1ccc(CO)cc1
BRD4DEL_actives_772,0.2857142857142857,train,NC(=O)[C@H](Cc1ccc(OCC=C)cc1)NC(=O)c1ccc2c(c1)N=C(c1ccc(OC)cc1)N2Cc1cc(OC)cc(OC)c1
BRD4DEL_actives_552,0.2857142857142857,train,NC(=O)c1cccc(CNC(=O)c2ccc3c(c2)N=C(c2cccc(S(C)(=O)=O)c2)N3CCN2CCOCC2)c1
BRD4DEL_actives_442,0.2857142857142857,train,NC(=O)c1cccc(NC(=O)c2ccc3c(c2)N=C(c2ccc(OC)cc2)N3Cc2ccnc(C)c2)c1
BRD4DEL_actives_929,0.2857142857142857,train,NC(=O)[C@@H]1C[C@@H](c2ccccc2)CN1C(=O)c1ccc2c(c1)N=C(c1ccco1)N2CC1CCCCO1
BRD4DEL_actives_851,0.2857142857142857,train,NC(=O)[C@H](Cc1cccnc1)NC(=O)c1ccc2c(c1)N=C(c1ccc(O)cc1)N2Cc1cccs1
BRD4DEL_actives_397,0.2857142857142857,val,NC(=O)[C@@H](C)NC(=O)c1ccc2c(c1)N=C(c1ccc(N3CCOCC3)cc1)N2Cc1cccc(OC(F)F)c1
BRD4DEL_actives_706,0.2857142857142857,val,NC(=O)[C@H](CCC)NC(=O)c1ccc2c(c1)N=C(c1ccc(-c3ccc(Cl)cc3)o1)N2CCNC(C)=O
BRD4DEL_actives_105,0.2857142857142857,val,NC(=O)c1cccc(CNC(=O)c2ccc3c(c2)N=C(C2CCN(C)CC2)N3CCc2ccc(OC)cc2)c1
BRD4DEL_actives_359,0.2857142857142857,val,NC(=O)[C@H](Cc1ccccn1)NC(=O)c1ccc2c(c1)N=C(C1CCN(Cc3ccccc3)CC1)N2Cc1cc(OC)cc(OC)c1
BRD4DEL_actives_61,0.28440366972477066,train,NC(=O)[C@H](Cc1ccccn1)NC(=O)c1ccc2c(c1)N=C(c1cc(Br)ccc1O)N2CC1CCCCO1
BRD4DEL_actives_403,0.28440366972477066,train,NC(=O)[C@H](CCCCc1ccccc1)NC(=O)c1ccc2c(c1)N=C(c1ccc3c(c1)OCCO3)N2CCc1cccc(OC)c1
BRD4DEL_actives_546,0.28440366972477066,train,NC(=O)[C@H](Cc1cccs1)NC(=O)c1ccc2c(c1)N=C(c1cccnc1)N2CCc1cccc(OC)c1
BRD4DEL_actives_34,0.28431372549019607,train,NC(=O)[C@H](Cc1ccc(OC)c(OC)c1)NC(=O)c1ccc2c(c1)N=C(c1cnccn1)N2CCc1cccc(Br)c1
BRD4DEL_actives_957,0.28431372549019607,train,NC(=O)[C@H](Cc1cccnc1)NC(=O)c1ccc2c(c1)N=C(c1ccc(Cl)cc1O)N2CCN1CCOCC1
BRD4DEL_actives_586,0.28431372549019607,train,NC(=O)[C@H](Cc1ccc(OCC)cc1)NC(=O)c1ccc2c(c1)N=C(c1cccc(N3CCN(C)CC3)c1)N2Cc1ccc(S(=O)(=O)CC)cc1
BRD4DEL_actives_496,0.28431372549019607,train,NC(=O)[C@H](Cc1ccc(OCC=C)cc1)NC(=O)c1ccc2c(c1)N=C(c1cccc(OCC)c1)N2Cc1cncc(Br)c1
BRD4DEL_actives_742,0.28431372549019607,train,NC(=O)c1ccccc1NC(=O)c1ccc2c(c1)N=C(c1nnc[nH]1)N2Cc1nc(CSC)no1
BRD4DEL_actives_778,0.28431372549019607,train,NC(=O)C(CCC(=O)OC)NC(=O)c1ccc2c(c1)N=C(c1cccc(OCC)c1)N2Cc1cnn(C)c1
BRD4DEL_actives_549,0.28431372549019607,train,NC(=O)C(CCC(=O)OC)NC(=O)c1ccc2c(c1)N=C(c1ccc(Cl)c(OC)c1)N2Cc1nc(CSC)no1
BRD4DEL_actives_1021,0.28431372549019607,val,NC(=O)C(CC1CC1)NC(=O)c1ccc2c(c1)N=C(c1cccs1)N2Cc1ccc(CN2CCCC2)cc1
BRD4DEL_actives_263,0.28431372549019607,val,NC(=O)[C@H]1CCCN(C(=O)c2ccc3c(c2)N=C(c2cccnc2)N3Cc2ccc(CN3CCN(C)CC3)cc2)C1
BRD4DEL_actives_818,0.28421052631578947,train,NC(=O)[C@@H](CC(N)=O)NC(=O)c1ccc2c(c1)N=C(CCc1ccccc1)N2Cc1ccc(S(=O)(=O)CC)cc1
BRD4DEL_actives_326,0.28421052631578947,train,NC(=O)C(CCCCC=C)NC(=O)c1ccc2c(c1)N=C(c1cc(C)c(O)c(C)c1)N2Cc1ccc(C)cc1
BRD4DEL_actives_554,0.28421052631578947,train,NC(=O)[C@@H](CC(N)=O)NC(=O)c1ccc2c(c1)N=C(c1ccc(OC(C)=O)cc1)N2Cc1ccc(C)cc1
BRD4DEL_actives_632,0.28421052631578947,train,NC(=O)C(NC(=O)c1ccc2c(c1)N=C(c1cc(F)cc(F)c1)N2Cc1ccc(S(=O)(=O)CC)cc1)C(C)OC
BRD4DEL_actives_508,0.28421052631578947,train,NC(=O)[C@H](CCCC)NC(=O)c1ccc2c(c1)N=C(c1cc(F)cc(F)c1)N2CCN1CCOCC1
BRD4DEL_actives_500,0.28421052631578947,val,NC(=O)c1cccc(CNC(=O)c2ccc3c(c2)N=C(c2ccc4[nH]ccc4c2)N3Cc2ccc(CN3CCCC3)cc2)c1
BRD4DEL_actives_576,0.28421052631578947,val,NC(=O)c1ccccc1NC(=O)c1ccc2c(c1)N=C(c1cc3ccoc3cn1)N2CCc1cccc(Br)c1
BRD4DEL_actives_553,0.28421052631578947,val,NC(=O)c1cccc(CNC(=O)c2ccc3c(c2)N=C(c2cccc4nc[nH]c24)N3C(CC)CC)c1
BRD4DEL_actives_195,0.28421052631578947,val,NC(=O)c1cccc(CNC(=O)c2ccc3c(c2)N=C(c2cc(F)cc(F)c2)N3CCNC(C)=O)c1
BRD4DEL_actives_573,0.2840909090909091,train,NC(=O)c1cccc(CNC(=O)c2ccc3c(c2)N=C(Cc2ccc(C)cc2)N3Cc2ccc(S(=O)(=O)CC)cc2)c1
BRD4DEL_actives_544,0.2840909090909091,train,NC(=O)C1CCN(C(=O)c2ccc3c(c2)N=C(c2nnc[nH]2)N3C2CCN(c3ncccn3)CC2)CC1
BRD4DEL_actives_522,0.2839506172839506,train,NC(=O)CCNC(=O)c1ccc2c(c1)N=C(c1ccc(S(C)(=O)=O)cc1)N2Cc1ccc(S(=O)(=O)CC)cc1
BRD4DEL_actives_1102,0.28378378378378377,train,NC(=O)CCNC(=O)c1ccc2c(c1)N=C(c1ccccc1)N2C(CC)CC
BRD4DEL_actives_367,0.2831858407079646,train,NC(=O)[C@H](CCCCC1CCCC1)NC(=O)c1ccc2c(c1)N=C(c1cccc(OCC)c1)N2C(CC)CC
BRD4DEL_actives_1085,0.2831858407079646,train,NC(=O)[C@H](Cc1cscn1)NC(=O)c1ccc2c(c1)N=C(c1ccc(-c3ccc(OC)cc3)o1)N2CCS(=O)(=O)N1CCCC1
BRD4DEL_actives_629,0.2831858407079646,train,NC(=O)C[C@@H]1CCCN1C(=O)c1ccc2c(c1)N=C(c1cncc(OC)c1)N2CC1CCCCO1
BRD4DEL_actives_480,0.2831858407079646,train,NC(=O)[C@H](Cc1ccc(OCC)cc1)NC(=O)c1ccc2c(c1)N=C(c1cc3c(cc1Br)OCO3)N2Cc1ccc(NC(=O)CC)nc1
BRD4DEL_actives_912,0.2831858407079646,train,NC(=O)[C@H](CCCCC1CCCC1)NC(=O)c1ccc2c(c1)N=C(c1ccc(N3CCCC3)cc1)N2CCc1cccc(OC)c1
BRD4DEL_actives_648,0.2831858407079646,train,NC(=O)[C@H](Cc1ccc(OCC=C)cc1)NC(=O)c1ccc2c(c1)N=C(c1cc(OC)ccn1)N2C(CCC)C(F)(F)F
BRD4DEL_actives_483,0.2831858407079646,val,NC(=O)[C@@H](NC(=O)c1ccc2c(c1)N=C(c1ccc(-c3ccc(OC)cc3)o1)N2C1CCN(Cc2ccccc2)C1)C1CCCCC1
BRD4DEL_actives_417,0.2830188679245283,train,NC(=O)CN(C)C(=O)c1ccc2c(c1)N=C(c1ccc(-c3ccc(OC)cc3)o1)N2Cc1cncc(Br)c1
BRD4DEL_actives_260,0.2830188679245283,train,NC(=O)C(CCC(=O)OC)NC(=O)c1ccc2c(c1)N=C(c1cc(C)on1)N2CC1CCCCO1
BRD4DEL_actives_440,0.2830188679245283,train,NC(=O)[C@@H](CCC(N)=O)NC(=O)c1ccc2c(c1)N=C(c1ccc(COC)cc1)N2Cc1cccc(OC(F)F)c1
BRD4DEL_actives_279,0.2830188679245283,train,NC(=O)C(CC1CC1)NC(=O)c1ccc2c(c1)N=C(c1cncc(OC)c1)N2CC1CCCCO1
BRD4DEL_actives_212,0.2830188679245283,train,NC(=O)[C@H](Cc1ccsc1)NC(=O)c1ccc2c(c1)N=C(c1ccc3ccccc3n1)N2C1CCN(CC)CC1
BRD4DEL_actives_666,0.2830188679245283,val,NC(=O)[C@H](Cc1ccncc1)NC(=O)c1ccc2c(c1)N=C(c1ccc(S(C)(=O)=O)cc1)N2CC1CCCCO1
BRD4DEL_actives_1022,0.2828282828282828,train,NC(=O)[C@H](CC(C)C)NC(=O)c1ccc2c(c1)N=C(c1ccc(CC)o1)N2CC1CCCCO1
BRD4DEL_actives_725,0.2828282828282828,train,NC(=O)[C@H](Cc1cn(Cc2ccccc2)cn1)NC(=O)c1ccc2c(c1)N=C(C(CC)CC)N2Cc1ccco1
BRD4DEL_actives_847,0.2828282828282828,train,NC(=O)CN(C)C(=O)c1ccc2c(c1)N=C(c1ccc(C#N)cc1)N2Cc1cccs1
BRD4DEL_actives_1103,0.2828282828282828,train,NC(=O)[C@H](Cc1ccco1)NC(=O)c1ccc2c(c1)N=C(c1ccc(CC)o1)N2Cc1ccco1
BRD4DEL_actives_773,0.2828282828282828,train,NC(=O)[C@H](Cc1ccccc1F)NC(=O)c1ccc2c(c1)N=C(CC(C)C)N2CC1CCC(=O)N1
BRD4DEL_actives_235,0.2828282828282828,train,NC(=O)[C@H](CCC(=O)O)NC(=O)c1ccc2c(c1)N=C(c1ccc3c(c1)OCCO3)N2Cc1ccc(F)c(F)c1
BRD4DEL_actives_1051,0.2828282828282828,train,NC(=O)[C@H](CCC(=O)O)NC(=O)c1ccc2c(c1)N=C(Cc1ccccc1)N2CC1CCCCO1
BRD4DEL_actives_617,0.2828282828282828,train,NC(=O)c1cccc(NC(=O)c2ccc3c(c2)N=C(c2ccc(F)cc2)N3Cc2cnn(C)c2)c1
BRD4DEL_actives_441,0.2828282828282828,train,NC(=O)[C@H](CCCC)NC(=O)c1ccc2c(c1)N=C(c1ccccc1)N2Cc1ccc2c(c1)OCCO2
BRD4DEL_actives_747,0.2828282828282828,train,NC(=O)c1cccc(NC(=O)c2ccc3c(c2)N=C(c2cc(C)on2)N3Cc2ccnc(C)c2)c1
BRD4DEL_actives_1029,0.2828282828282828,val,NC(=O)c1cccc(NC(=O)c2ccc3c(c2)N=C(c2cccnc2)N3Cc2cnn(C)c2)c1
BRD4DEL_actives_718,0.2826086956521739,train,NC(=O)[C@@H]1CCCN1C(=O)c1ccc2c(c1)N=C(c1cc(C)on1)N2Cc1ccnc(C)c1
BRD4DEL_actives_81,0.2826086956521739,train,NC(=O)c1cccc(CNC(=O)c2ccc3c(c2)N=C(c2cnccn2)N3Cc2ccc(CN3CCCC3)cc2)c1
BRD4DEL_actives_308,0.2826086956521739,train,NC(=O)[C@H](CC(C)C)NC(=O)c1ccc2c(c1)N=C(C(C)c1ccccc1)N2Cc1ccc(S(=O)(=O)CC)cc1
BRD4DEL_actives_1030,0.2826086956521739,train,NC(=O)C(NC(=O)c1ccc2c(c1)N=C(c1ncc[nH]1)N2Cc1cnn(C)c1)C(C)OC
BRD4DEL_actives_613,0.2826086956521739,train,NC(=O)c1cccc(NC(=O)c2ccc3c(c2)N=C(CCC)N3Cc2nc(CSC)no2)c1
BRD4DEL_actives_471,0.2826086956521739,val,NC(=O)c1cccc(CNC(=O)c2ccc3c(c2)N=C(c2ccc(N(C)C)cc2)N3Cc2ccc(C)cc2)c1
BRD4DEL_actives_109,0.28205128205128205,val,NC(=O)c1cccc(NC(=O)c2ccc3c(c2)N=C(c2ccc(-c4ccc(OC)cc4)o2)N3CC2(C#N)CCOCC2)c1
BRD4DEL_actives_954,0.2818181818181818,train,NC(=O)[C@H](Cc1ccc(OCC=C)cc1)NC(=O)c1ccc2c(c1)N=C(c1ccc(C(=O)OC)cc1)N2Cc1cn[nH]c1
BRD4DEL_actives_343,0.2818181818181818,train,NC(=O)[C@H](CCCCNC(=O)c1cccnc1)NC(=O)c1ccc2c(c1)N=C(CCC)N2Cc1cc[nH]c1
BRD4DEL_actives_967,0.2815533980582524,train,NC(=O)[C@H](Cc1ccc(C(F)(F)F)cc1)NC(=O)c1ccc2c(c1)N=C(c1cc3c(cc1Br)OCO3)N2Cc1ccc(NC(=O)CC)nc1
BRD4DEL_actives_757,0.2815533980582524,train,NC(=O)[C@H](CC(C)C)NC(=O)c1ccc2c(c1)N=C(c1ccc(C(=O)OC)c(F)c1)N2Cc1ccc2c(c1)OCCO2
BRD4DEL_actives_868,0.2815533980582524,train,NC(=O)c1cccc(CNC(=O)c2ccc3c(c2)N=C(c2ccc(N(C)C)cc2)N3Cc2cccs2)c1
BRD4DEL_actives_137,0.2815533980582524,train,NC(=O)CN(C)C(=O)c1ccc2c(c1)N=C(c1ncc3ccccn13)N2CCN1CCOCC1
BRD4DEL_actives_141,0.2815533980582524,train,NC(=O)[C@H](Cc1ccc(Br)cc1)NC(=O)c1ccc2c(c1)N=C(c1nnc[nH]1)N2C(C)c1ccc(OC)cc1
BRD4DEL_actives_964,0.2815533980582524,val,NC(=O)c1cccc(CNC(=O)c2ccc3c(c2)N=C(c2cn[nH]c2)N3Cc2cccnc2)c1
BRD4DEL_actives_1032,0.28125,train,NC(=O)C(CC1CC1)NC(=O)c1ccc2c(c1)N=C(CCc1ccccc1)N2CCc1cccc(OC)c1
BRD4DEL_actives_737,0.28125,train,NC(=O)[C@@H](Cc1ccccc1)NC(=O)c1ccc2c(c1)N=C(c1ccc3cccnc3c1)N2Cc1ccc(CN2CCCC2)cc1
BRD4DEL_actives_143,0.28125,train,NC(=O)c1cccc(CNC(=O)c2ccc3c(c2)N=C(Cc2ccc(C)cc2)N3CCN2CCOCC2)c1
BRD4DEL_actives_385,0.28125,train,NC(=O)[C@@H](NC(=O)c1ccc2c(c1)N=C(Cc1ccccc1)N2Cc1cccc(OC(F)F)c1)C1CCCC1
BRD4DEL_actives_128,0.28125,train,NC(=O)c1cccc(NC(=O)c2ccc3c(c2)N=C(c2ccc(Cl)cc2O)N3CC2CCC(=O)N2)c1
BRD4DEL_actives_561,0.28125,train,NC(=O)[C@H](CC(C)C)NC(=O)c1ccc2c(c1)N=C(CCc1ccccc1)N2Cc1ccc(S(=O)(=O)CC)cc1
BRD4DEL_actives_473,0.28125,val,NC(=O)C(NC(=O)c1ccc2c(c1)N=C(c1nc3ccccc3[nH]1)N2Cc1ccncc1)C(C)OC
BRD4DEL_actives_1098,0.28125,val,NC(=O)[C@@H](CC(N)=O)NC(=O)c1ccc2c(c1)N=C(c1cccc(N3CCN(C)CC3)c1)N2CC(=O)N1CCOCC1
BRD4DEL_actives_907,0.28125,val,NC(=O)[C@H](Cc1cccnc1)NC(=O)c1ccc2c(c1)N=C(c1ccc(F)cc1)N2CCc1ccc(OC)cc1
BRD4DEL_actives_774,0.28125,val,NC(=O)[C@H](Cc1ccncc1)NC(=O)c1ccc2c(c1)N=C(c1cnc(N3CCOCC3)nc1)N2Cc1ccccc1
BRD4DEL_actives_800,0.2808988764044944,train,NC(=O)[C@@H](CCC(N)=O)NC(=O)c1ccc2c(c1)N=C(c1ccsc1)N2CCNC(C)=O
BRD4DEL_actives_883,0.2808988764044944,train,NC(=O)[C@@H](CC(N)=O)NC(=O)c1ccc2c(c1)N=C(c1ccc(C(F)(F)F)cn1)N2C
BRD4DEL_actives_512,0.2808988764044944,train,NC(=O)[C@H](CCCc1ccccc1)NC(=O)c1ccc2c(c1)N=C(c1cc(F)cc(F)c1)N2C(C)c1ccc(OC)cc1
BRD4DEL_actives_667,0.2808988764044944,train,NC(=O)[C@H](Cc1ccc(Br)cc1)NC(=O)c1ccc2c(c1)N=C(c1cnc[nH]1)N2Cc1ccc(CN2CCCC2)cc1
BRD4DEL_actives_20,0.2807017543859649,train,NC(=O)[C@H](Cc1cccnc1)NC(=O)c1ccc2c(c1)N=C(c1cc(C)on1)N2CC(=O)N1CCOCC1
BRD4DEL_actives_563,0.2807017543859649,train,NC(=O)[C@H](Cc1ccc(OC)c(OC)c1)NC(=O)c1ccc2c(c1)N=C(c1ccc(C)c([N+](=O)[O-])c1)N2CC1(C#N)CCOCC1
BRD4DEL_actives_701,0.2807017543859649,train,NC(=O)[C@H](Cc1cccnc1)NC(=O)c1ccc2c(c1)N=C(c1cccc(OC)c1)N2CC12CCC(CC1)O2
BRD4DEL_actives_838,0.2807017543859649,train,NC(=O)[C@H](Cc1csc2ccccc12)NC(=O)c1ccc2c(c1)N=C(c1ccc(F)cc1C)N2Cc1cccnc1
BRD4DEL_actives_682,0.2803738317757009,train,NC(=O)[C@H](Cc1ccc(OCC=C)cc1)NC(=O)c1ccc2c(c1)N=C(c1ccc(COC)cc1)N2CCc1cccc(OC)c1
BRD4DEL_actives_564,0.2803738317757009,train,NC(=O)c1ccccc1NC(=O)c1ccc2c(c1)N=C(c1cccnc1)N2CCN1CCOCC1
BRD4DEL_actives_858,0.2803738317757009,train,NC(=O)[C@@H](NC(=O)c1ccc2c(c1)N=C(c1cnccn1)N2Cc1cccc(N(C)C(C)=O)c1)C1CCCCC1
BRD4DEL_actives_700,0.2803738317757009,train,NC(=O)[C@H](CCc1ccccc1)NC(=O)c1ccc2c(c1)N=C(c1cc(F)cc(F)c1)N2CC1COC(C)(C)O1
BRD4DEL_actives_1011,0.2803738317757009,val,NC(=O)[C@H](Cc1ccco1)NC(=O)c1ccc2c(c1)N=C(c1cnccn1)N2Cc1ccc2nccnc2c1
BRD4DEL_actives_1105,0.2803738317757009,val,NC(=O)[C@H](Cc1ccco1)NC(=O)c1ccc2c(c1)N=C(c1ccc(OC(C)=O)cc1)N2C1CC(C)(C)N(C)C(C)(C)C1
BRD4DEL_actives_897,0.2803738317757009,val,NC(=O)[C@@H](Cc1ccccn1)NC(=O)c1ccc2c(c1)N=C(c1cccc(S(C)(=O)=O)c1)N2CCNC(C)=O
BRD4DEL_actives_322,0.28,train,NC(=O)[C@H](Cc1ccncc1)NC(=O)c1ccc2c(c1)N=C(c1cnc(C)[nH]1)N2C(C)c1ccc(OC)cc1
BRD4DEL_actives_804,0.28,train,NC(=O)[C@H](CCC)NC(=O)c1ccc2c(c1)N=C(c1cc(F)cc(F)c1)N2Cc1ccccn1
BRD4DEL_actives_443,0.28,train,NC(=O)c1cccc(NC(=O)c2ccc3c(c2)N=C(c2ccc(Br)o2)N3Cc2ccnc(C)c2)c1
BRD4DEL_actives_887,0.28,train,NC(=O)[C@@H](NC(=O)c1ccc2c(c1)N=C(c1ccc(Br)c(F)c1)N2Cc1ccc(S(=O)(=O)CC)cc1)C1CCCCC1
BRD4DEL_actives_160,0.28,train,NC(=O)[C@H](CCc1ccc(OC(C)(C)C)cc1)NC(=O)c1ccc2c(c1)N=C(c1cccs1)N2CCCc1ccccc1
BRD4DEL_actives_798,0.28,train,NC(=O)[C@@H](NC(=O)c1ccc2c(c1)N=C(c1ccc(Cl)cc1)N2Cc1cccc(N(C)C(C)=O)c1)C1CCCC1
BRD4DEL_actives_357,0.28,val,NC(=O)C1CCN(C(=O)c2ccc3c(c2)N=C(c2cccc4c2OCCO4)N3Cc2cccc(OC(F)F)c2)CC1
BRD4DEL_actives_302,0.28,val,NC(=O)[C@H](Cc1ccc(C(F)(F)F)cc1)NC(=O)c1ccc2c(c1)N=C(c1ccc(Cl)cc1)N2CC1(C#N)CCOCC1
BRD4DEL_actives_95,0.28,val,NC(=O)c1cccc(NC(=O)c2ccc3c(c2)N=C(c2ccc(C(=O)OC)cc2)N3CC(=O)N2CCOCC2)c1
BRD4DEL_actives_884,0.28,val,NC(=O)C1CCN(C(=O)c2ccc3c(c2)N=C(c2ccco2)N3Cc2ccsc2)CC1
BRD4DEL_actives_925,0.2796610169491525,train,NC(=O)[C@H](Cc1ccc(OC)c(OC)c1)NC(=O)c1ccc2c(c1)N=C(c1cnc3ccccc3n1)N2C1CCN(CC)CC1
BRD4DEL_actives_708,0.27956989247311825,train,NC(=O)C(NC(=O)c1ccc2c(c1)N=C(C1COC1)N2Cc1ccc(CN2CCCC2)cc1)C(C)OC
BRD4DEL_actives_429,0.27956989247311825,train,NC(=O)[C@H](CCCC)NC(=O)c1ccc2c(c1)N=C(c1ccccc1)N2Cc1ccc(NC(=O)CC)nc1
BRD4DEL_actives_541,0.27956989247311825,train,NC(=O)C[C@@H]1CCCN1C(=O)c1ccc2c(c1)N=C(c1cccc(S(C)(=O)=O)c1)N2Cc1ccc(C)cc1
BRD4DEL_actives_158,0.27956989247311825,train,NC(=O)[C@H](CC)NC(=O)c1ccc2c(c1)N=C(Cc1ccc(C)cc1)N2C(C)COC
BRD4DEL_actives_689,0.27956989247311825,train,NC(=O)[C@@H]1CCCN1C(=O)c1ccc2c(c1)N=C(c1cccnc1)N2Cc1cc(OC)cc(OC)c1
BRD4DEL_actives_433,0.27956989247311825,train,NC(=O)[C@H](CCc1ccc(OC(C)(C)C)cc1)NC(=O)c1ccc2c(c1)N=C(c1ccc(O)cc1)N2Cc1ccccc1
BRD4DEL_actives_488,0.27956989247311825,train,NC(=O)[C@H](CC)NC(=O)c1ccc2c(c1)N=C(Cc1ccccc1)N2Cc1cccnc1
BRD4DEL_actives_129,0.27956989247311825,train,NC(=O)c1cccc(NC(=O)c2ccc3c(c2)N=C(C(CC)CC)N3Cc2cnn(C)c2)c1
BRD4DEL_actives_418,0.27956989247311825,train,NC(=O)[C@@H](CC(N)=O)NC(=O)c1ccc2c(c1)N=C(c1ccccc1C)N2Cc1cccs1
BRD4DEL_actives_415,0.27927927927927926,train,NC(=O)[C@H](Cc1csc2ccccc12)NC(=O)c1ccc2c(c1)N=C(c1cccnc1)N2Cc1cccc(N2CCCC2)c1
BRD4DEL_actives_1015,0.27927927927927926,train,NC(=O)[C@@H](Cc1ccccn1)NC(=O)c1ccc2c(c1)N=C(c1ccc(-c3ccc(OC)cc3)o1)N2Cc1ccncc1
BRD4DEL_actives_517,0.27927927927927926,train,NC(=O)[C@H](CCc1ccccc1)NC(=O)c1ccc2c(c1)N=C(c1cccnc1)N2CC(=O)N1CCOCC1
BRD4DEL_actives_519,0.27927927927927926,train,NC(=O)[C@H](CCCCc1ccccc1)NC(=O)c1ccc2c(c1)N=C(c1ccc3cccnc3c1)N2Cc1cnn(C)c1
BRD4DEL_actives_1093,0.27927927927927926,train,NC(=O)[C@@H](NC(=O)c1ccc2c(c1)N=C(CCC)N2Cc1cccc(N(C)C(C)=O)c1)C1CCCC1
BRD4DEL_actives_873,0.27927927927927926,train,NC(=O)C(COC)NC(=O)c1ccc2c(c1)N=C(c1ccc(N3CCOCC3)cc1)N2CCCN(CC)CC
BRD4DEL_actives_283,0.27906976744186046,train,NC(=O)CCNC(=O)c1ccc2c(c1)N=C(c1ccc(C(=O)OC)cc1)N2Cc1cnn(C)c1
BRD4DEL_actives_569,0.27884615384615385,train,NC(=O)[C@@H](NC(=O)c1ccc2c(c1)N=C(c1ncc[nH]1)N2CC(=O)N1CCOCC1)C1CCCCC1
BRD4DEL_actives_721,0.27884615384615385,train,NC(=O)[C@H](CCCCC1CCCC1)NC(=O)c1ccc2c(c1)N=C(CC(C)C)N2CC(=O)N1CCOCC1
BRD4DEL_actives_927,0.27884615384615385,train,NC(=O)c1cccc(NC(=O)c2ccc3c(c2)N=C(c2nnc[nH]2)N3Cc2ccc(NC(=O)CC)nc2)c1
BRD4DEL_actives_545,0.27884615384615385,train,NC(=O)[C@H](Cc1cn(Cc2ccccc2)cn1)NC(=O)c1ccc2c(c1)N=C(c1nc3ccccc3n1C)N2Cc1ccccc1OC
BRD4DEL_actives_946,0.27884615384615385,train,NC(=O)[C@H](CCC)NC(=O)c1ccc2c(c1)N=C(c1cccc(S(C)(=O)=O)c1)N2CC1(C)COC1
BRD4DEL_actives_234,0.27884615384615385,train,NC(=O)[C@H](Cc1ccc(OC)c(OC)c1)NC(=O)c1ccc2c(c1)N=C(c1ccc(Cl)cc1O)N2Cc1ccc(S(=O)(=O)CC)cc1
BRD4DEL_actives_407,0.27884615384615385,train,NC(=O)[C@@H](Cc1ccccn1)NC(=O)c1ccc2c(c1)N=C(c1ccc(Cl)cc1O)N2CC1CCCCO1
BRD4DEL_actives_745,0.27884615384615385,train,NC(=O)[C@H](Cc1ccccn1)NC(=O)c1ccc2c(c1)N=C(c1cccc3nc[nH]c13)N2CCc1ccc(OC)cc1
BRD4DEL_actives_379,0.27884615384615385,train,NC(=O)[C@H](Cc1ccc(OCC=C)cc1)NC(=O)c1ccc2c(c1)N=C(c1ccc(C(F)(F)F)cn1)N2Cc1ccc(F)c(F)c1
BRD4DEL_actives_1005,0.27884615384615385,train,NC(=O)[C@H](CC)NC(=O)c1ccc2c(c1)N=C(c1cccs1)N2Cc1nc(CSC)no1
BRD4DEL_actives_829,0.27884615384615385,train,NC(=O)[C@H](Cc1ccco1)NC(=O)c1ccc2c(c1)N=C(c1cc(Cl)cc(Cl)c1)N2Cc1ccnc(C)c1
BRD4DEL_actives_185,0.27884615384615385,val,NC(=O)[C@H](Cc1ccncc1)NC(=O)c1ccc2c(c1)N=C(c1ccco1)N2CC1(C#N)CCOCC1
BRD4DEL_actives_1068,0.27835051546391754,train,NC(=O)[C@@H](NC(=O)c1ccc2c(c1)N=C(c1ccc(Br)o1)N2Cc1ccc2c(c1)OCCO2)C1CCCCC1
BRD4DEL_actives_505,0.27835051546391754,train,NC(=O)C(CC1CC1)NC(=O)c1ccc2c(c1)N=C(c1ccc(Cl)cc1O)N2Cc1cc(OC)cc(OC)c1
BRD4DEL_actives_327,0.27835051546391754,train,NC(=O)[C@@H](Cc1ccccc1)NC(=O)c1ccc2c(c1)N=C(c1ccc(Br)o1)N2Cc1ccc(S(=O)(=O)CC)cc1
BRD4DEL_actives_999,0.27835051546391754,train,NC(=O)[C@H](CCC)NC(=O)c1ccc2c(c1)N=C(c1csc(Br)n1)N2CCc1ccc(OC)cc1
BRD4DEL_actives_996,0.27835051546391754,train,NC(=O)[C@H](CCC)NC(=O)c1ccc2c(c1)N=C(c1cc(F)cc(F)c1)N2Cc1ccc2c(c1)OCCO2
BRD4DEL_actives_825,0.27835051546391754,train,NC(=O)C(CC1CC1)NC(=O)c1ccc2c(c1)N=C(C(CC)CC)N2Cc1cccnc1
BRD4DEL_actives_399,0.27835051546391754,train,NC(=O)[C@H](CCC(N)=O)NC(=O)c1ccc2c(c1)N=C(C(C)c1ccccc1)N2Cc1ccc(OC)cc1OC
BRD4DEL_actives_89,0.27835051546391754,train,NC(=O)[C@H](Cc1csc2ccccc12)NC(=O)c1ccc2c(c1)N=C(c1nnc[nH]1)N2C(CC)CC
BRD4DEL_actives_333,0.27835051546391754,val,NC(=O)c1cccc(NC(=O)c2ccc3c(c2)N=C(C(CC)CC)N3Cc2nc(CSC)no2)c1
BRD4DEL_actives_759,0.27835051546391754,val,NC(=O)[C@H](Cc1ccc(I)cc1)NC(=O)c1ccc2c(c1)N=C(c1ccc(CO)cc1)N2CCc1ccc(OC)cc1
BRD4DEL_actives_987,0.2782608695652174,train,NC(=O)[C@@H](NC(=O)c1ccc2c(c1)N=C(c1cc3c(cc1Br)OCO3)N2Cc1ccc(CN(C)C)cc1)c1ccccc1
BRD4DEL_actives_1100,0.2777777777777778,train,NC(=O)[C@H](Cc1cccnc1)NC(=O)c1ccc2c(c1)N=C(c1cscn1)N2CCCc1ccccc1
BRD4DEL_actives_69,0.2777777777777778,train,NC(=O)[C@@H]1[C@@H](c2ccccc2)CCN1C(=O)c1ccc2c(c1)N=C(c1nc3ccccc3[nH]1)N2Cc1cccc(OC(F)F)c1
BRD4DEL_actives_836,0.2777777777777778,train,NC(=O)[C@H](Cc1cccnc1)NC(=O)c1ccc2c(c1)N=C(c1ccc(C(=O)OC)cc1)N2C1CCN(Cc2ccccc2)C1
BRD4DEL_actives_437,0.2777777777777778,train,NC(=O)[C@H](CC)NC(=O)c1ccc2c(c1)N=C(Cc1ccccc1)N2Cc1nc(CSC)no1
BRD4DEL_actives_917,0.2777777777777778,train,NC(=O)[C@H](CCCCC1CCCC1)NC(=O)c1ccc2c(c1)N=C(c1ccc3c(c1)OCCO3)N2CC(=O)N1CCOCC1
BRD4DEL_actives_809,0.2777777777777778,train,NC(=O)[C@H](Cc1cccc(OC)c1)NC(=O)c1ccc2c(c1)N=C(c1ccc(NC(C)=O)cc1)N2C1CCN(C(C)C)CC1
BRD4DEL_actives_156,0.2777777777777778,train,NC(=O)[C@@H](CCC(N)=O)NC(=O)c1ccc2c(c1)N=C(c1ccc(Br)o1)N2Cc1ccc2c(c1)OCCO2
BRD4DEL_actives_755,0.2777777777777778,train,NC(=O)c1cccc(NC(=O)c2ccc3c(c2)N=C(c2ccc(-c4ccc(OC)cc4)o2)N3C(C)c2ccc(OC)cc2)c1
BRD4DEL_actives_138,0.2777777777777778,train,NC(=O)C(CC1CC1)NC(=O)c1ccc2c(c1)N=C(c1ccc(CC)o1)N2Cc1ccccc1OC
BRD4DEL_actives_649,0.2777777777777778,train,NC(=O)[C@H](Cc1ccc(I)cc1)NC(=O)c1ccc2c(c1)N=C(c1ccc(O)c(OC)c1)N2CC1(C#N)CCOCC1
BRD4DEL_actives_796,0.2777777777777778,train,NC(=O)[C@H](Cc1cccnc1)NC(=O)c1ccc2c(c1)N=C(c1ccc(F)cc1)N2CC(=O)N1CCOCC1
BRD4DEL_actives_806,0.2777777777777778,val,NC(=O)[C@H](CC)NC(=O)c1ccc2c(c1)N=C(c1ccc(-c3ccc(OC)cc3)o1)N2Cc1cnn(C)c1
BRD4DEL_actives_901,0.2777777777777778,val,NC(=O)[C@H](CCc1ccc(OC(C)(C)C)cc1)NC(=O)c1ccc2c(c1)N=C(c1ccc3cccnc3c1)N2Cc1cccs1
BRD4DEL_actives_165,0.2773109243697479,train,NC(=O)[C@H](CCCCNC(=O)c1cccnc1)NC(=O)c1ccc2c(c1)N=C(c1ccco1)N2Cc1ccc(NC(=O)CC)nc1
BRD4DEL_actives_52,0.2773109243697479,train,NC(=O)[C@H](Cc1csc2ccccc12)NC(=O)c1ccc2c(c1)N=C(c1ccc(Br)c(F)c1)N2CC1CCCCO1
BRD4DEL_actives_903,0.27722772277227725,train,NC(=O)[C@@H]1CCCN1C(=O)c1ccc2c(c1)N=C(c1ccc(S(C)(=O)=O)cc1)N2CCc1cccc(OC)c1
BRD4DEL_actives_3,0.27722772277227725,train,NC(=O)C1CCCN1C1CCN(C(=O)c2ccc3c(c2)N=C(c2cccs2)N3Cc2ccc(CN3CCCC3)cc2)CC1
BRD4DEL_actives_698,0.27722772277227725,train,NC(=O)[C@H](Cc1ccc(OC)c(OC)c1)NC(=O)c1ccc2c(c1)N=C(c1csc(Br)n1)N2Cc1cncc(Br)c1
BRD4DEL_actives_15,0.27722772277227725,train,NC(=O)[C@H](Cc1ccco1)NC(=O)c1ccc2c(c1)N=C(CCc1ccccc1)N2Cc1cccc(N(C)C(C)=O)c1
BRD4DEL_actives_690,0.27722772277227725,train,NC(=O)[C@H](Cc1cccs1)NC(=O)c1ccc2c(c1)N=C(c1ccc(Br)c(F)c1)N2Cc1ccc(S(=O)(=O)CC)cc1
BRD4DEL_actives_1008,0.27722772277227725,train,NC(=O)c1cccc(CNC(=O)c2ccc3c(c2)N=C(c2cnc[nH]2)N3Cc2ccccc2OC)c1
BRD4DEL_actives_354,0.27722772277227725,train,NC(=O)C(CC1CC1)NC(=O)c1ccc2c(c1)N=C(c1ccc(C)c([N+](=O)[O-])c1)N2CCNC(C)=O
BRD4DEL_actives_731,0.27722772277227725,train,NC(=O)CN(C)C(=O)c1ccc2c(c1)N=C(c1[nH]c(-c3ccccc3)nc1Cl)N2C1CCN(Cc2ccccc2)C1
BRD4DEL_actives_71,0.27722772277227725,train,NC(=O)[C@@H](NC(=O)c1ccc2c(c1)N=C(c1cccc(N3CCN(C)CC3)c1)N2Cc1cccnc1)C1CC1
BRD4DEL_actives_112,0.27722772277227725,train,NC(=O)[C@H](Cc1ccc(OCC=C)cc1)NC(=O)c1ccc2c(c1)N=C(CCC)N2Cc1cc(OC)cc(OC)c1
BRD4DEL_actives_677,0.27722772277227725,train,NC(=O)[C@@H](C)NC(=O)c1ccc2c(c1)N=C(c1cccc(S(C)(=O)=O)c1)N2Cc1ccc(NC(=O)CC)nc1
BRD4DEL_actives_352,0.27722772277227725,val,NC(=O)[C@H](Cc1ccco1)NC(=O)c1ccc2c(c1)N=C(Cc1ccccc1)N2Cc1cncc(Br)c1
BRD4DEL_actives_191,0.27722772277227725,val,NC(=O)[C@H](CC)NC(=O)c1ccc2c(c1)N=C(c1ccc3c(c1)OCCO3)N2Cc1cccnc1
BRD4DEL_actives_990,0.27722772277227725,val,NC(=O)[C@H](C)NC(=O)c1ccc2c(c1)N=C(c1cccc3c1OCCO3)N2Cc1nncn1C(C)C
BRD4DEL_actives_384,0.27710843373493976,train,NC(=O)[C@H](CCC(N)=O)NC(=O)c1ccc2c(c1)N=C(CCC)N2Cc1ccc(C)cc1
BRD4DEL_actives_205,0.27710843373493976,train,NC(=O)[C@@H](CC(N)=O)NC(=O)c1ccc2c(c1)N=C(CC(C)C)N2Cc1ccsc1
BRD4DEL_actives_332,0.2767857142857143,train,NC(=O)c1cccc(NC(=O)c2ccc3c(c2)N=C(c2ccc(C#N)nc2)N3CC(=O)N2CCOCC2)c1
BRD4DEL_actives_264,0.2767857142857143,train,NC(=O)[C@H](Cc1ccc(F)cc1)NC(=O)c1ccc2c(c1)N=C(c1cccnc1)N2CC(=O)N1CCOCC1
BRD4DEL_actives_179,0.2767857142857143,train,NC(=O)[C@H](Cc1ccccc1C)NC(=O)c1ccc2c(c1)N=C(c1cnc(N3CCOCC3)nc1)N2CCCN(CC)CC
BRD4DEL_actives_803,0.2765957446808511,train,NC(=O)[C@H](CC)NC(=O)c1ccc2c(c1)N=C(c1ccc(Br)o1)N2Cc1ccc(F)c(F)c1
BRD4DEL_actives_495,0.2765957446808511,train,NC(=O)C[C@H](Cc1ccccc1)NC(=O)c1ccc2c(c1)N=C(c1ccc(C)nc1)N2Cc1cccc(OC(F)F)c1
BRD4DEL_actives_368,0.2765957446808511,val,NC(=O)c1cccc(CNC(=O)c2ccc3c(c2)N=C(c2cccc4nccnc24)N3Cc2ccc(CN(C)C)cc2)c1
BRD4DEL_actives_438,0.2765957446808511,val,NC(=O)[C@@H](NC(=O)c1ccc2c(c1)N=C(C1CCN(C)CC1)N2CCc1ccc(OC)cc1)C1CC1
BRD4DEL_actives_1006,0.2761904761904762,train,NC(=O)c1cccc(NC(=O)c2ccc3c(c2)N=C(C(C)c2ccccc2)N3CC2(C#N)CCOCC2)c1
BRD4DEL_actives_314,0.2761904761904762,train,NC(=O)C(CCC(=O)OC)NC(=O)c1ccc2c(c1)N=C(c1ccc3c(c1)OCCO3)N2Cc1cn[nH]c1
BRD4DEL_actives_705,0.2761904761904762,train,NC(=O)[C@@H]1C[C@@H](c2ccccc2)CN1C(=O)c1ccc2c(c1)N=C(c1ccc(Cl)c(OC)c1)N2C1CC(C)(C)N(C)C(C)(C)C1
BRD4DEL_actives_218,0.2761904761904762,val,NC(=O)[C@@H](CCC(N)=O)NC(=O)c1ccc2c(c1)N=C(c1ccsc1)N2Cc1ccc(NC(=O)CC)nc1
BRD4DEL_actives_898,0.2761904761904762,val,NC(=O)C(NC(=O)c1ccc2c(c1)N=C(c1ccc3c(c1)OCCO3)N2Cc1cncc(Br)c1)C(C)OC
BRD4DEL_actives_100,0.2761904761904762,val,NC(=O)[C@H](CC(C)C)NC(=O)c1ccc2c(c1)N=C(c1cnc3ccccc3n1)N2Cc1ccc2c(c1)OCCO2
BRD4DEL_actives_1045,0.27586206896551724,train,NC(=O)[C@@H](NC(=O)c1ccc2c(c1)N=C(C1CCN(C)CC1)N2CCNC(C)=O)[C@@H](C)CC
BRD4DEL_actives_361,0.27586206896551724,train,NC(=O)C(Cc1cn(C)cn1)NC(=O)c1ccc2c(c1)N=C(c1ccc(N3CCOCC3)cc1)N2Cc1ccc(OC)cc1OC
BRD4DEL_actives_246,0.2755102040816326,train,NC(=O)[C@H](CCC)NC(=O)c1ccc2c(c1)N=C(c1cc(F)cc(F)c1)N2CCc1ccc(OC)cc1
BRD4DEL_actives_164,0.2755102040816326,train,NC(=O)[C@H](CCC)NC(=O)c1ccc2c(c1)N=C(c1ccc(S(C)(=O)=O)cc1)N2CCN1CCCN(C)CC1
BRD4DEL_actives_872,0.2755102040816326,train,NC(=O)[C@@H](CC(N)=O)NC(=O)c1ccc2c(c1)N=C(c1cncc(OC)c1)N2CCCc1ccccc1
BRD4DEL_actives_577,0.2755102040816326,train,NC(=O)[C@H](Cc1ccccc1Cl)NC(=O)c1ccc2c(c1)N=C(c1ccc(C)nc1)N2Cc1ccc(CN2CCCC2)cc1
BRD4DEL_actives_484,0.2755102040816326,train,NC(=O)[C@H](Cc1ccc(C#N)cc1)NC(=O)c1ccc2c(c1)N=C(c1ccsc1)N2CC1CCCCO1
BRD4DEL_actives_1001,0.2755102040816326,train,NC(=O)[C@H](CC(C)C)NC(=O)c1ccc2c(c1)N=C(c1ccc3ccccc3n1)N2CCc1cccc(OC)c1
BRD4DEL_actives_1070,0.2755102040816326,train,NC(=O)c1cccc(NC(=O)c2ccc3c(c2)N=C(c2ccc(N4CCOCC4)cc2)N3Cc2cncc(Br)c2)c1
BRD4DEL_actives_294,0.2755102040816326,train,NC(=O)C(CC1CC1)NC(=O)c1ccc2c(c1)N=C(c1ccccc1)N2CC(=O)N1CCOCC1
BRD4DEL_actives_163,0.2755102040816326,train,NC(=O)[C@H](CC(C)(C)C)NC(=O)c1ccc2c(c1)N=C(c1ccc(-c3ccc(OC)cc3)o1)N2Cc1cc(OC)cc(OC)c1
BRD4DEL_actives_489,0.2755102040816326,val,NC(=O)C(CCC(=O)OC)NC(=O)c1ccc2c(c1)N=C(c1ccccc1C)N2CCc1cccc(OC)c1
BRD4DEL_actives_1,0.2755102040816326,val,NC(=O)[C@@H](NC(=O)c1ccc2c(c1)N=C(c1cc3ccoc3cn1)N2Cc1cc(OC)cc(OC)c1)C1CCCCC1
BRD4DEL_actives_834,0.27522935779816515,train,NC(=O)[C@H](Cc1csc2ccccc12)NC(=O)c1ccc2c(c1)N=C(c1ccc(Cl)cc1O)N2CCCc1ccccc1
BRD4DEL_actives_844,0.27522935779816515,train,NC(=O)C(CC1CC1)NC(=O)c1ccc2c(c1)N=C(c1cccc3nc[nH]c13)N2C(C)C(O)c1ccccc1
BRD4DEL_actives_116,0.27522935779816515,train,NC(=O)[C@H](Cc1cccnc1)NC(=O)c1ccc2c(c1)N=C(c1ccc3c(c1)OCCO3)N2C1CCN(C(C)C)CC1
BRD4DEL_actives_65,0.27522935779816515,train,NC(=O)C(CC1CC1)NC(=O)c1ccc2c(c1)N=C(c1cccc3nccnc13)N2CCc1ccc(OC)cc1
BRD4DEL_actives_527,0.27522935779816515,train,NC(=O)[C@H](Cc1ccc(OCC=C)cc1)NC(=O)c1ccc2c(c1)N=C(c1cc3c(cc1Br)OCO3)N2Cc1cncc(Br)c1
BRD4DEL_actives_1047,0.27522935779816515,val,NC(=O)C(COC)NC(=O)c1ccc2c(c1)N=C(c1ccc(-c3ccc(OC)cc3)o1)N2Cc1cnn(C)c1
BRD4DEL_actives_328,0.275,val,NC(=O)[C@H](CCCCNC(=O)c1cccnc1)NC(=O)c1ccc2c(c1)N=C(c1nc3ccccc3n1C)N2CC(=O)N1CCOCC1
BRD4DEL_actives_513,0.27472527472527475,train,NC(=O)[C@H](CC(C)C)NC(=O)c1ccc2c(c1)N=C(c1cc(Cl)cc(Cl)c1)N2CCc1ccc(OC)cc1
BRD4DEL_actives_1035,0.27472527472527475,train,NC(=O)[C@@H](NC(=O)c1ccc2c(c1)N=C(c1ccc3c(c1)OCCO3)N2Cc1cncc(Br)c1)C1CC1
BRD4DEL_actives_948,0.27472527472527475,train,NC(=O)CCNC(=O)c1ccc2c(c1)N=C(C1COC1)N2Cc1cc(OC)cc(OC)c1
BRD4DEL_actives_35,0.27472527472527475,train,NC(=O)c1cccc(NC(=O)c2ccc3c(c2)N=C(c2ccc(Br)o2)N3C(C)C(O)c2ccccc2)c1
BRD4DEL_actives_233,0.27472527472527475,train,NC(=O)C(NC(=O)c1ccc2c(c1)N=C(c1ccc(N3CCOCC3)cc1)N2Cc1cc(OC)cc(OC)c1)C(C)OC
BRD4DEL_actives_2,0.27472527472527475,val,NC(=O)c1cccc(NC(=O)c2ccc3c(c2)N=C(c2ccc4c(c2)OCCO4)N3Cc2cncc(Br)c2)c1
BRD4DEL_actives_187,0.27472527472527475,val,NC(=O)[C@@H](C)NC(=O)c1ccc2c(c1)N=C(c1ccc(Br)o1)N2Cc1cc(OC)cc(OC)c1
BRD4DEL_actives_539,0.27450980392156865,train,NC(=O)[C@H](Cc1ccco1)NC(=O)c1ccc2c(c1)N=C(c1nnc[nH]1)N2Cc1ccccc1
BRD4DEL_actives_715,0.27450980392156865,train,NC(=O)[C@H](Cc1ccccn1)NC(=O)c1ccc2c(c1)N=C(c1cc(C)c(O)c(C)c1)N2C(C)c1ccccc1
BRD4DEL_actives_4,0.27450980392156865,train,NC(=O)[C@@H]1C[C@@H](c2ccccc2)CN1C(=O)c1ccc2c(c1)N=C(c1cccc(N3CCN(C)CC3)c1)N2Cc1ccc2nccnc2c1
BRD4DEL_actives_1059,0.27450980392156865,train,NC(=O)[C@H](CCCCC1CCCC1)NC(=O)c1ccc2c(c1)N=C(c1ccc(Br)o1)N2Cc1ccc(C)cc1
BRD4DEL_actives_96,0.27450980392156865,train,NC(=O)[C@@H](NC(=O)c1ccc2c(c1)N=C(c1cc3c(cc1Br)OCO3)N2CC1CCC(=O)N1)C1CCCC1
BRD4DEL_actives_319,0.27450980392156865,train,NC(=O)[C@H](Cc1ccc(OC)c(OC)c1)NC(=O)c1ccc2c(c1)N=C(c1ccc3cccnc3c1)N2Cc1ccc(CO)cc1
BRD4DEL_actives_852,0.27450980392156865,train,NC(=O)CN(C)C(=O)c1ccc2c(c1)N=C(c1ccc(C#N)nc1)N2Cc1cccs1
BRD4DEL_actives_64,0.27450980392156865,train,NC(=O)C(COC)NC(=O)c1ccc2c(c1)N=C(c1ccc(CC)o1)N2Cc1cccs1
BRD4DEL_actives_587,0.27450980392156865,train,NC(=O)[C@@H](Cc1ccccn1)NC(=O)c1ccc2c(c1)N=C(c1cccc(N3CCN(C)CC3)c1)N2CC(=O)N1CCOCC1
BRD4DEL_actives_867,0.27450980392156865,train,NC(=O)C(CCC(=O)OC)NC(=O)c1ccc2c(c1)N=C(c1ccc3c(c1)OCCO3)N2CC1CCC(=O)N1
BRD4DEL_actives_974,0.27450980392156865,train,NC(=O)[C@H](CC(N)=O)NC(=O)c1ccc2c(c1)N=C(c1ccc(O)c(OC)c1)N2Cc1cccs1
BRD4DEL_actives_1041,0.27450980392156865,train,NC(=O)C(CCC(=O)OC)NC(=O)c1ccc2c(c1)N=C(c1ccc(Br)o1)N2Cc1ccccc1OC
BRD4DEL_actives_795,0.27450980392156865,train,NC(=O)[C@H](Cc1cccnc1)NC(=O)c1ccc2c(c1)N=C(C1COC1)N2C(C)C(O)c1ccccc1
BRD4DEL_actives_826,0.27450980392156865,val,NC(=O)[C@H](Cc1cscn1)NC(=O)c1ccc2c(c1)N=C(c1cc(F)cc(F)c1)N2CCc1ccc(OC)cc1
BRD4DEL_actives_288,0.27450980392156865,val,NC(=O)c1cccc(CNC(=O)c2ccc3c(c2)N=C(c2ccc(N4CCCC4)cc2)N3Cc2cccc(N(C)C(C)=O)c2)c1
BRD4DEL_actives_48,0.2743362831858407,train,NC(=O)[C@H](CCCCC1CCCC1)NC(=O)c1ccc2c(c1)N=C(c1ccc(NC(C)=O)cc1)N2Cc1cccc(OC(F)F)c1
BRD4DEL_actives_681,0.2743362831858407,train,NC(=O)[C@H](Cc1cscn1)NC(=O)c1ccc2c(c1)N=C(c1ccc3c(ccn3C)c1)N2C1CCN(Cc2ccccc2)C1
BRD4DEL_actives_510,0.2743362831858407,train,NC(=O)[C@@H](Cc1ccccn1)NC(=O)c1ccc2c(c1)N=C(c1ccc(-c3ccc(OC)cc3)o1)N2Cc1ccc(OC)cc1OC
BRD4DEL_actives_841,0.2743362831858407,train,NC(=O)[C@H](Cc1cccs1)NC(=O)c1ccc2c(c1)N=C(c1cncc(OC)c1)N2Cc1ccc(-n2cccn2)nc1
BRD4DEL_actives_947,0.2743362831858407,train,NC(=O)[C@H](CCCCC1CCCC1)NC(=O)c1ccc2c(c1)N=C(c1ccc(O)c(OC)c1)N2Cc1ccccc1OC
BRD4DEL_actives_1083,0.2743362831858407,train,NC(=O)[C@H](CCCCC1CCCC1)NC(=O)c1ccc2c(c1)N=C(c1ccc(C(F)(F)F)cn1)N2Cc1cccnc1
BRD4DEL_actives_780,0.27380952380952384,train,NC(=O)c1cccc(NC(=O)c2ccc3c(c2)N=C(c2cnccn2)N3C(C)C(O)c2ccccc2)c1
BRD4DEL_actives_237,0.2736842105263158,train,NC(=O)[C@H](Cc1ccc2ccccc2c1)NC(=O)c1ccc2c(c1)N=C(c1ccsc1)N2Cc1ccnc(C)c1
BRD4DEL_actives_739,0.2736842105263158,train,NC(=O)[C@@H]1CCCN1C(=O)c1ccc2c(c1)N=C(c1ccc(OC(C)=O)cc1)N2Cc1ccc2nccnc2c1
BRD4DEL_actives_636,0.2736842105263158,train,NC(=O)[C@@H](CCC(N)=O)NC(=O)c1ccc2c(c1)N=C(c1cnc3ccccc3n1)N2CCc1cccc(OC)c1
BRD4DEL_actives_286,0.2736842105263158,train,NC(=O)[C@H](Cc1cccnc1)NC(=O)c1ccc2c(c1)N=C(c1ccc(N3CCCC3)cc1)N2Cc1ccc(S(=O)(=O)CC)cc1
BRD4DEL_actives_1099,0.2736842105263158,train,NC(=O)[C@H](CCC(N)=O)NC(=O)c1ccc2c(c1)N=C(c1cccs1)N2Cc1ccc2nccnc2c1
BRD4DEL_actives_981,0.2736842105263158,train,NC(=O)CCNC(=O)c1ccc2c(c1)N=C(c1ccc(=O)[nH]c1)N2CCN1CCCN(C)CC1
BRD4DEL_actives_616,0.2736842105263158,train,NC(=O)CCNC(=O)c1ccc2c(c1)N=C(c1ccc(C(F)(F)F)cn1)N2Cc1ccnc(C)c1
BRD4DEL_actives_408,0.2736842105263158,train,NC(=O)CCNC(=O)c1ccc2c(c1)N=C(c1n[nH]c3ccccc13)N2Cc1cnn(C)c1
BRD4DEL_actives_685,0.2736842105263158,val,NC(=O)[C@H](Cc1ccccc1C)NC(=O)c1ccc2c(c1)N=C(c1ccccc1O)N2Cc1ccc(C)cc1
BRD4DEL_actives_760,0.2736842105263158,val,NC(=O)C1CCN(C(=O)c2ccc3c(c2)N=C(c2ccc4ccccc4n2)N3Cc2cccc(N(C)C(C)=O)c2)CC1
BRD4DEL_actives_591,0.27358490566037735,train,NC(=O)[C@H](Cc1ccccn1)NC(=O)c1ccc2c(c1)N=C(c1cccc(OC)c1)N2Cc1cncc(Br)c1
BRD4DEL_actives_959,0.27358490566037735,train,NC(=O)[C@H](Cc1cscn1)NC(=O)c1ccc2c(c1)N=C(c1ccc(Cl)cc1O)N2Cc1ccccc1OC
BRD4DEL_actives_938,0.27358490566037735,train,NC(=O)[C@@H](CC1CCC1)NC(=O)c1ccc2c(c1)N=C(c1ccc3ccccc3n1)N2Cc1cccc(OC(F)F)c1
BRD4DEL_actives_819,0.27358490566037735,train,NC(=O)[C@H](CCC(N)=O)NC(=O)c1ccc2c(c1)N=C(C1CCN(C)CC1)N2C1CCN(Cc2ccccc2)C1
BRD4DEL_actives_387,0.27358490566037735,train,NC(=O)[C@H](Cc1ccncc1)NC(=O)c1ccc2c(c1)N=C(c1ccc(Br)c(F)c1)N2Cc1cnn(C)c1
BRD4DEL_actives_1044,0.27358490566037735,train,NC(=O)[C@H](Cc1ccccn1)NC(=O)c1ccc2c(c1)N=C(c1ccc(C(=O)OC)c(F)c1)N2CCc1cccc(OC)c1
BRD4DEL_actives_76,0.27358490566037735,train,NC(=O)[C@@H](CCC(N)=O)NC(=O)c1ccc2c(c1)N=C(c1cscn1)N2Cc1cccnc1
BRD4DEL_actives_452,0.27358490566037735,val,NC(=O)c1cccc(CNC(=O)c2ccc3c(c2)N=C(c2cccc4c2OCCO4)N3C2CCN(CC)CC2)c1
BRD4DEL_actives_311,0.27358490566037735,val,NC(=O)[C@H](Cc1cscn1)NC(=O)c1ccc2c(c1)N=C(c1ccc(OC)cc1)N2CC1(C#N)CCOCC1
BRD4DEL_actives_651,0.27350427350427353,train,NC(=O)[C@H](Cc1ccc(OC)c(OC)c1)NC(=O)c1ccc2c(c1)N=C(c1ccc3ccccc3n1)N2Cc1ccc(NC(=O)CC)nc1
BRD4DEL_actives_1096,0.27350427350427353,val,NC(=O)[C@H](Cc1cccnc1)NC(=O)c1ccc2c(c1)N=C(c1ccc(Cl)c(OC)c1)N2Cc1cccc(N(C)C(C)=O)c1
BRD4DEL_actives_810,0.2727272727272727,train,NC(=O)[C@H](Cc1ccc(I)cc1)NC(=O)c1ccc2c(c1)N=C(CCC)N2CC1CCC(=O)N1
BRD4DEL_actives_743,0.2727272727272727,train,NC(=O)[C@H](Cc1ccco1)NC(=O)c1ccc2c(c1)N=C(c1ccc(C)nc1)N2Cc1cc(OC)cc(OC)c1
BRD4DEL_actives_1025,0.2727272727272727,train,NC(=O)c1cccc(NC(=O)c2ccc3c(c2)N=C(c2ccc(-c4ccc(Cl)cc4)o2)N3Cc2ccc3nccnc3c2)c1
BRD4DEL_actives_19,0.2727272727272727,train,NC(=O)[C@H](CCC(N)=O)NC(=O)c1ccc2c(c1)N=C(Cc1ccc(C)cc1)N2CCc1cccc(OC)c1
BRD4DEL_actives_761,0.2727272727272727,train,NC(=O)[C@H](CCc1ccc(OC(C)(C)C)cc1)NC(=O)c1ccc2c(c1)N=C(c1ccc(N(C)C)cc1)N2CCc1ccc(OC)cc1
BRD4DEL_actives_741,0.2727272727272727,train,NC(=O)C[C@@H]1CCCN1C(=O)c1ccc2c(c1)N=C(c1ccc(-c3ccc(Cl)cc3)o1)N2CCN1CCCN(C)CC1
BRD4DEL_actives_334,0.2727272727272727,train,NC(=O)[C@@H]1C[C@@H](c2ccccc2)CN1C(=O)c1ccc2c(c1)N=C(c1ccc3c(ccn3C)c1)N2Cc1cccs1
BRD4DEL_actives_1061,0.2727272727272727,train,NC(=O)[C@H](CC(C)(C)C)NC(=O)c1ccc2c(c1)N=C(c1csc(Br)n1)N2Cc1cccc(OC(F)F)c1
BRD4DEL_actives_236,0.2727272727272727,train,NC(=O)C(C)(C)NC(=O)c1ccc2c(c1)N=C(c1cccc3nccnc13)N2C(C)c1ccc(OC)cc1
BRD4DEL_actives_528,0.2727272727272727,train,NC(=O)[C@H](Cc1ccc(OCC)cc1)NC(=O)c1ccc2c(c1)N=C(c1cccc3c1OCO3)N2Cc1ccc(NC(=O)CC)nc1
BRD4DEL_actives_720,0.2727272727272727,train,NC(=O)[C@H](Cc1cccc(OC)c1)NC(=O)c1ccc2c(c1)N=C(c1cc(F)cc(F)c1)N2Cc1ccc(NC(=O)CC)nc1
BRD4DEL_actives_13,0.2727272727272727,train,NC(=O)C[C@@H]1CCCN1C(=O)c1ccc2c(c1)N=C(c1cnccn1)N2CC(=O)N1CCOCC1
BRD4DEL_actives_822,0.2727272727272727,train,NC(=O)[C@H](Cc1ccc(OCC=C)cc1)NC(=O)c1ccc2c(c1)N=C(c1cccc(S(C)(=O)=O)c1)N2CC1CCCCO1
BRD4DEL_actives_358,0.2727272727272727,train,NC(=O)[C@H](CCCCc1ccccc1)NC(=O)c1ccc2c(c1)N=C(c1ccc(-c3ccc(Cl)cc3)o1)N2CC1CCC(=O)N1
BRD4DEL_actives_329,0.2727272727272727,train,NC(=O)C1CCN(C(=O)c2ccc3c(c2)N=C(c2ncc[nH]2)N3Cc2ccc(NC(=O)CC)nc2)CC1
BRD4DEL_actives_908,0.2727272727272727,train,NC(=O)CN(C)C(=O)c1ccc2c(c1)N=C(c1cccc(O)c1)N2Cc1cccc(OC(F)F)c1
BRD4DEL_actives_998,0.2727272727272727,train,NC(=O)[C@H](Cc1ccnc(Cl)c1)NC(=O)c1ccc2c(c1)N=C(c1cccc3c1OCO3)N2Cc1cc(OC)cc(OC)c1
BRD4DEL_actives_93,0.2727272727272727,train,NC(=O)CCNC(=O)c1ccc2c(c1)N=C(c1cccc3c1OCO3)N2Cc1cc[nH]c1
BRD4DEL_actives_254,0.2727272727272727,train,NC(=O)C(C)(C)NC(=O)c1ccc2c(c1)N=C(c1csc(Br)n1)N2Cc1ccc(S(=O)(=O)CC)cc1
BRD4DEL_actives_42,0.2727272727272727,val,NC(=O)C(C)(C)NC(=O)c1ccc2c(c1)N=C(c1ccc(C(=O)OC)c(F)c1)N2CCc1ccc(OC)cc1
BRD4DEL_actives_318,0.2727272727272727,val,NC(=O)[C@H](Cc1csc2ccccc12)NC(=O)c1ccc2c(c1)N=C(c1cccc3c1OCCO3)N2Cc1cccs1
BRD4DEL_actives_502,0.2727272727272727,val,NC(=O)[C@H](CC(C)C)NC(=O)c1ccc2c(c1)N=C(c1ccc(C#N)nc1)N2Cc1cccc(OC(F)F)c1
BRD4DEL_actives_214,0.2727272727272727,val,NC(=O)[C@@H](NC(=O)c1ccc2c(c1)N=C(c1cn[nH]c1)N2Cc1ccccc1OC)C1CC1
BRD4DEL_actives_643,0.2727272727272727,val,NC(=O)c1cccc(CNC(=O)c2ccc3c(c2)N=C(c2ccc(OC)cc2)N3Cc2ccc3[nH]ccc3c2)c1
BRD4DEL_actives_1075,0.2719298245614035,train,NC(=O)[C@H](Cc1ccco1)NC(=O)c1ccc2c(c1)N=C(c1ccc3[nH]ccc3c1)N2C(C)c1ccc(OC)cc1
BRD4DEL_actives_985,0.2719298245614035,train,NC(=O)[C@H](Cc1ccco1)NC(=O)c1ccc2c(c1)N=C(c1ccc(=O)[nH]c1)N2Cc1cccc(N2CCCC2)c1
BRD4DEL_actives_192,0.27184466019417475,train,NC(=O)[C@@H](NC(=O)c1ccc2c(c1)N=C(c1ncccc1O)N2Cc1ccsc1)C1CCCC1
BRD4DEL_actives_1033,0.27184466019417475,train,NC(=O)c1cccc(CNC(=O)c2ccc3c(c2)N=C(c2cc(C)nc(C)c2)N3C2CC3CN(C)CCN3C2)c1
BRD4DEL_actives_447,0.27184466019417475,train,NC(=O)[C@H](Cc1ccc(OC)c(OC)c1)NC(=O)c1ccc2c(c1)N=C(c1cnc[nH]1)N2Cc1ccsc1
BRD4DEL_actives_498,0.27184466019417475,train,NC(=O)C(NC(=O)c1ccc2c(c1)N=C(c1cccs1)N2Cc1ccc(NC(=O)CC)nc1)C(C)OC
BRD4DEL_actives_1053,0.27184466019417475,train,NC(=O)[C@H](CC(C)C)NC(=O)c1ccc2c(c1)N=C(c1cnc(N3CCOCC3)nc1)N2Cc1ccc(CO)cc1
BRD4DEL_actives_25,0.27184466019417475,val,NC(=O)[C@@H](NC(=O)c1ccc2c(c1)N=C(c1cnccn1)N2Cc1cccc(N(C)C(C)=O)c1)C1CCCC1
BRD4DEL_actives_393,0.27184466019417475,val,NC(=O)[C@H](Cc1ccncc1)NC(=O)c1ccc2c(c1)N=C(c1ccc(C#N)nc1)N2Cc1nc(CSC)no1
BRD4DEL_actives_605,0.2717391304347826,train,NC(=O)[C@H](Cc1ccc(Br)cc1)NC(=O)c1ccc2c(c1)N=C(c1ncccc1O)N2Cc1ccc2nccnc2c1
BRD4DEL_actives_601,0.2717391304347826,train,NC(=O)[C@H](CCC)NC(=O)c1ccc2c(c1)N=C(c1cccc(N3CCN(C)CC3)c1)N2Cc1ccc(CN2CCCC2)cc1
BRD4DEL_actives_595,0.2717391304347826,train,NC(=O)[C@@H](NC(=O)c1ccc2c(c1)N=C(C(C)(C)C)N2Cc1cn[nH]c1)C1CC1
BRD4DEL_actives_972,0.2717391304347826,train,NC(=O)[C@H](Cc1ccc(I)cc1)NC(=O)c1ccc2c(c1)N=C(c1ccc3cccnc3c1)N2CCCc1ccccc1
BRD4DEL_actives_101,0.2717391304347826,train,NC(=O)[C@H](Cc1ccco1)NC(=O)c1ccc2c(c1)N=C(CCC)N2Cc1ccsc1
BRD4DEL_actives_930,0.2711864406779661,train,NC(=O)[C@H](CCCCC1CCCC1)NC(=O)c1ccc2c(c1)N=C(c1ccc(Br)c(F)c1)N2Cc1ccccc1OC
BRD4DEL_actives_265,0.27102803738317754,train,NC(=O)[C@H](Cc1ccsc1)NC(=O)c1ccc2c(c1)N=C(c1ccc(C)nc1)N2CC(=O)N1CCOCC1
BRD4DEL_actives_986,0.27102803738317754,train,NC(=O)[C@H](Cc1cccnc1)NC(=O)c1ccc2c(c1)N=C(c1cccc(N3CCN(C)CC3)c1)N2CCNC(C)=O
BRD4DEL_actives_298,0.27102803738317754,train,NC(=O)[C@@H](NC(=O)c1ccc2c(c1)N=C(c1cccc(O)c1)N2Cc1nccn1C)C1CCCCC1
BRD4DEL_actives_345,0.27102803738317754,train,NC(=O)[C@@H](CCC(N)=O)NC(=O)c1ccc2c(c1)N=C(c1ccc(F)cc1C)N2Cc1cccc(OC(F)F)c1
BRD4DEL_actives_206,0.27102803738317754,train,NC(=O)C(CC1CC1)NC(=O)c1ccc2c(c1)N=C(c1cccc3c1OCO3)N2Cc1ccc(S(=O)(=O)CC)cc1
BRD4DEL_actives_604,0.27102803738317754,train,NC(=O)C(NC(=O)c1ccc2c(c1)N=C(c1ccc3c(ccn3C)c1)N2Cc1ccc(S(=O)(=O)CC)cc1)C(C)OC
BRD4DEL_actives_108,0.2708333333333333,train,NC(=O)[C@H](CC)NC(=O)c1ccc2c(c1)N=C(c1ccccc1O)N2Cc1cc(OC)cc(OC)c1
BRD4DEL_actives_792,0.2708333333333333,train,NC(=O)C(CCC(=O)OC)NC(=O)c1ccc2c(c1)N=C(Cc1ccc(C)cc1)N2Cc1ccc(F)c(F)c1
BRD4DEL_actives_121,0.2708333333333333,train,NC(=O)[C@H](CC)NC(=O)c1ccc2c(c1)N=C(c1cn[nH]c1)N2CCc1ccc(OC)cc1
BRD4DEL_actives_257,0.2708333333333333,train,NC(=O)C(CC1CC1)NC(=O)c1ccc2c(c1)N=C(c1cc(F)cc(F)c1)N2Cc1cc(OC)cc(OC)c1
BRD4DEL_actives_848,0.2708333333333333,val,NC(=O)[C@H](Cc1cccc(F)c1)NC(=O)c1ccc2c(c1)N=C(c1ccc(F)cc1)N2CCCN(CC)CC
BRD4DEL_actives_905,0.2708333333333333,val,NC(=O)[C@H](Cc1ccncc1)NC(=O)c1ccc2c(c1)N=C(c1cccc(S(C)(=O)=O)c1)N2C(C)c1ccccc1
BRD4DEL_actives_287,0.27058823529411763,train,NC(=O)[C@H](CC(C)C)NC(=O)c1ccc2c(c1)N=C(CCC)N2Cc1cncc(Br)c1
BRD4DEL_actives_748,0.27058823529411763,train,NC(=O)C1CCN(C(=O)c2ccc3c(c2)N=C(c2cc(C)c(O)c(C)c2)N3Cc2cn[nH]c2)CC1
BRD4DEL_actives_402,0.2702702702702703,train,NC(=O)[C@H](Cc1ccc(Cl)c(Cl)c1)NC(=O)c1ccc2c(c1)N=C(c1ccsc1)N2CCC1CCCN1C
BRD4DEL_actives_353,0.2702702702702703,train,NC(=O)[C@H](Cc1cccs1)NC(=O)c1ccc2c(c1)N=C(c1ccc(Cl)c(OC)c1)N2Cc1nc(CSC)no1
BRD4DEL_actives_1027,0.2702702702702703,train,NC(=O)[C@H](Cc1ccco1)NC(=O)c1ccc2c(c1)N=C(c1cccc(S(C)(=O)=O)c1)N2Cc1nc(CSC)no1
BRD4DEL_actives_631,0.27,train,NC(=O)[C@H](CC(C)C)NC(=O)c1ccc2c(c1)N=C(c1ccc(O)cc1)N2CC1(C#N)CCOCC1
BRD4DEL_actives_58,0.27,train,NC(=O)[C@H](CC)NC(=O)c1ccc2c(c1)N=C(c1cnc(N3CCOCC3)nc1)N2Cc1cn[nH]c1
BRD4DEL_actives_1009,0.27,train,NC(=O)[C@@H](CC(N)=O)NC(=O)c1ccc2c(c1)N=C(c1ccc3cccnc3c1)N2CCc1ccc(OC)cc1
BRD4DEL_actives_400,0.27,train,NC(=O)c1cccc(NC(=O)c2ccc3c(c2)N=C(c2cnccn2)N3CC2(C#N)CCOCC2)c1
BRD4DEL_actives_181,0.27,train,NC(=O)[C@H](Cc1cscn1)NC(=O)c1ccc2c(c1)N=C(c1cccnc1)N2Cc1ccc(C)cc1
BRD4DEL_actives_171,0.27,train,NC(=O)[C@@H](NC(=O)c1ccc2c(c1)N=C(c1ccc(N(C)C)cc1)N2CC1(C#N)CCOCC1)C1CCCCC1
BRD4DEL_actives_716,0.27,train,NC(=O)[C@H](CCCCC1CCCC1)NC(=O)c1ccc2c(c1)N=C(c1ccc(S(C)(=O)=O)cc1)N2CC(=O)N1CCOCC1
BRD4DEL_actives_923,0.27,val,NC(=O)[C@H](CCC(N)=O)NC(=O)c1ccc2c(c1)N=C(c1ccc(C(F)(F)F)cn1)N2CC1(C)COC1
BRD4DEL_actives_719,0.27,val,NC(=O)C(CCC(=O)OC)NC(=O)c1ccc2c(c1)N=C(c1ccc(C(=O)OC)c(F)c1)N2Cc1cccs1
BRD4DEL_actives_9,0.27,val,NC(=O)[C@H](CCC)NC(=O)c1ccc2c(c1)N=C(c1ccc(C#N)nc1)N2Cc1ccccc1OC
BRD4DEL_actives_558,0.27,val,NC(=O)C(COC)NC(=O)c1ccc2c(c1)N=C(c1ccc(C)c([N+](=O)[O-])c1)N2Cc1ccc2nccnc2c1
BRD4DEL_actives_26,0.2696629213483146,train,NC(=O)[C@H](CCC)NC(=O)c1ccc2c(c1)N=C(c1ncc[nH]1)N2CCCN(CC)CC
BRD4DEL_actives_456,0.2696629213483146,train,NC(=O)c1cccc(CNC(=O)c2ccc3c(c2)N=C(c2cc(F)cc(F)c2)N3C2CC(F)(F)C2)c1
BRD4DEL_actives_157,0.26956521739130435,val,NC(=O)[C@@H](CC1CCC1)NC(=O)c1ccc2c(c1)N=C(c1cccc(OC)c1)N2CC12CCC(CC1)O2
BRD4DEL_actives_369,0.2692307692307692,train,NC(=O)C(CC1CC1)NC(=O)c1ccc2c(c1)N=C(c1csc(Br)n1)N2Cc1ccc(NC(=O)CC)nc1
BRD4DEL_actives_504,0.2692307692307692,train,NC(=O)[C@H](CCC(N)=O)NC(=O)c1ccc2c(c1)N=C(c1ccc(-c3ccc(OC)cc3)o1)N2Cc1ccc(S(=O)(=O)CC)cc1
BRD4DEL_actives_695,0.2692307692307692,train,NC(=O)[C@H](Cc1ccc(C#N)cc1)NC(=O)c1ccc2c(c1)N=C(c1ncc[nH]1)N2Cc1cccnc1
BRD4DEL_actives_523,0.2692307692307692,train,NC(=O)C(C)(C)NC(=O)c1ccc2c(c1)N=C(c1cccc(C(F)(F)F)n1)N2Cc1ccc(NC(=O)CC)nc1
BRD4DEL_actives_203,0.2692307692307692,train,NC(=O)[C@H](Cc1ccccn1)NC(=O)c1ccc2c(c1)N=C(c1ccc(N3CCOCC3)cc1)N2Cc1ccco1
BRD4DEL_actives_594,0.2692307692307692,train,NC(=O)[C@H](Cc1ccccn1)NC(=O)c1ccc2c(c1)N=C(c1cccs1)N2Cc1cc(OC)cc(OC)c1
BRD4DEL_actives_362,0.2692307692307692,train,NC(=O)[C@@H](CC1CCC1)NC(=O)c1ccc2c(c1)N=C(c1cccc(S(C)(=O)=O)c1)N2C1CC2CN(C)CCN2C1
BRD4DEL_actives_665,0.2692307692307692,train,NC(=O)c1cccc(CNC(=O)c2ccc3c(c2)N=C(c2nnc[nH]2)N3Cc2nc(CSC)no2)c1
BRD4DEL_actives_217,0.2692307692307692,train,NC(=O)[C@H](Cc1ccccc1C)NC(=O)c1ccc2c(c1)N=C(c1cscn1)N2CC1CCC(=O)N1
BRD4DEL_actives_227,0.2692307692307692,train,NC(=O)[C@H](CC(N)=O)NC(=O)c1ccc2c(c1)N=C(c1ccc(O)c(OC)c1)N2Cc1ccc(OC)cc1OC
BRD4DEL_actives_766,0.2692307692307692,val,NC(=O)[C@H](CCCCNC(=O)c1cccnc1)NC(=O)c1ccc2c(c1)N=C(c1ccc(=O)[nH]c1)N2Cc1ccc(C)cc1
BRD4DEL_actives_530,0.2692307692307692,val,NC(=O)[C@H](CCC(=O)O)NC(=O)c1ccc2c(c1)N=C(c1cnccn1)N2C(CCC)C(F)(F)F
BRD4DEL_actives_134,0.2692307692307692,val,NC(=O)C(NC(=O)c1ccc2c(c1)N=C(C(C)(C)C)N2CCS(=O)(=O)N1CCCC1)C(C)OC
BRD4DEL_actives_1050,0.2692307692307692,val,NC(=O)[C@H](Cc1ccc(C(F)(F)F)cc1)NC(=O)c1ccc2c(c1)N=C(c1ccoc1)N2Cc1nncn1C(C)C
BRD4DEL_actives_831,0.2692307692307692,val,NC(=O)[C@H](CCCCNC(=O)c1cccnc1)NC(=O)c1ccc2c(c1)N=C(c1cc(Br)ccc1O)N2CCNC(C)=O
BRD4DEL_actives_862,0.2689075630252101,train,NC(=O)[C@H](Cc1cn(Cc2ccccc2)cn1)NC(=O)c1ccc2c(c1)N=C(c1cnc(C)[nH]1)N2CCc1ccc(OC)cc1
BRD4DEL_actives_814,0.2689075630252101,train,NC(=O)[C@H](CCCCNC(=O)c1cccnc1)NC(=O)c1ccc2c(c1)N=C(c1nc3ccccc3[nH]1)N2Cc1ccnc(C)c1
BRD4DEL_actives_92,0.2689075630252101,train,NC(=O)[C@H](Cc1ccccn1)NC(=O)c1ccc2c(c1)N=C(c1cc3c(cc1Br)OCO3)N2CC1CCCO1
BRD4DEL_actives_936,0.2689075630252101,train,NC(=O)[C@H](CCCCNC(=O)c1cccnc1)NC(=O)c1ccc2c(c1)N=C(c1ccc(N3CCOCC3)cc1)N2Cc1cccc(OC(F)F)c1
BRD4DEL_actives_464,0.2689075630252101,train,NC(=O)[C@@H]1C[C@@H](c2ccccc2)CN1C(=O)c1ccc2c(c1)N=C(c1cnc(SC)nc1NC)N2CCc1cccc(OC)c1
BRD4DEL_actives_172,0.26881720430107525,train,NC(=O)[C@@H](CC(N)=O)NC(=O)c1ccc2c(c1)N=C(c1ccc(NC(C)=O)cc1)N2Cc1ccc2[nH]ccc2c1
BRD4DEL_actives_281,0.26881720430107525,train,NC(=O)C(CC1CC1)NC(=O)c1ccc2c(c1)N=C(c1ccc3c(c1)OCCO3)N2Cc1cncc(Br)c1
BRD4DEL_actives_251,0.26881720430107525,train,NC(=O)[C@@H](NC(=O)c1ccc2c(c1)N=C(c1ncc[nH]1)N2Cc1cnn(C)c1)C1CCCC1
BRD4DEL_actives_434,0.26881720430107525,train,NC(=O)C(C)(C)NC(=O)c1ccc2c(c1)N=C(c1cccc(OC)c1)N2C(CCC)C(F)(F)F
BRD4DEL_actives_1104,0.26881720430107525,val,NC(=O)c1cccc(NC(=O)c2ccc3c(c2)N=C(CCC)N3CC2(C#N)CCOCC2)c1
BRD4DEL_actives_1000,0.26851851851851855,train,NC(=O)[C@H](CCC)NC(=O)c1ccc2c(c1)N=C(c1ccc3c(c1)OCCO3)N2Cc1cccc(N(C)C(C)=O)c1
BRD4DEL_actives_486,0.26851851851851855,train,NC(=O)[C@H](Cc1cscn1)NC(=O)c1ccc2c(c1)N=C(c1cccs1)N2Cc1cc(OC)cc(OC)c1
BRD4DEL_actives_1065,0.26851851851851855,train,NC(=O)[C@H](Cc1ccc(OCC=C)cc1)NC(=O)c1ccc2c(c1)N=C(c1cnc3ccccc3n1)N2Cc1cccnc1
BRD4DEL_actives_622,0.26851851851851855,train,NC(=O)C1CCCN1C1CCN(C(=O)c2ccc3c(c2)N=C(c2ccc(Br)o2)N3Cc2ccc(S(=O)(=O)CC)cc2)CC1
BRD4DEL_actives_562,0.26851851851851855,train,NC(=O)c1cccc(NC(=O)c2ccc3c(c2)N=C(c2cnc(N4CCOCC4)nc2)N3Cc2cnn(C)c2)c1
BRD4DEL_actives_547,0.26851851851851855,train,NC(=O)[C@H](CCC(N)=O)NC(=O)c1ccc2c(c1)N=C(c1ccc(N3CCOCC3)cc1)N2Cc1cccnc1
BRD4DEL_actives_221,0.26851851851851855,train,NC(=O)[C@H](Cc1ccccn1)NC(=O)c1ccc2c(c1)N=C(c1cc3c(cc1Br)OCO3)N2Cc1ccc(CN(C)C)cc1
BRD4DEL_actives_102,0.26851851851851855,train,NC(=O)C(CCC(=O)OC)NC(=O)c1ccc2c(c1)N=C(c1ccc(CC)o1)N2Cc1ccccc1OC
BRD4DEL_actives_295,0.26804123711340205,train,NC(=O)C1CCN(C(=O)c2ccc3c(c2)N=C(C(C)(C)C)N3CC2COC(C)(C)O2)CC1
BRD4DEL_actives_106,0.26804123711340205,train,NC(=O)[C@H](CCCCC1CCCC1)NC(=O)c1ccc2c(c1)N=C(c1ccc(N3CCCC3)cc1)N2CC1COC(C)(C)O1
BRD4DEL_actives_749,0.26804123711340205,train,NC(=O)[C@H](Cc1ccncc1)NC(=O)c1ccc2c(c1)N=C(c1cn[nH]c1)N2CCNC(C)=O
BRD4DEL_actives_451,0.26804123711340205,train,NC(=O)[C@H](CC)NC(=O)c1ccc2c(c1)N=C(c1cccnc1)N2CC1CCC(=O)N1
BRD4DEL_actives_661,0.26804123711340205,train,NC(=O)C(COC)NC(=O)c1ccc2c(c1)N=C(Cc1ccccc1)N2Cc1cccc(N(C)C(C)=O)c1
BRD4DEL_actives_465,0.26804123711340205,train,NC(=O)c1cccc(NC(=O)c2ccc3c(c2)N=C(c2ccc4ccn(C)c4c2)N3Cc2ccc(OC)cc2OC)c1
BRD4DEL_actives_940,0.26804123711340205,train,NC(=O)[C@@H](C)NC(=O)c1ccc2c(c1)N=C(c1cncc(OC)c1)N2CC1(C#N)CCOCC1
BRD4DEL_actives_638,0.26804123711340205,train,NC(=O)C(NC(=O)c1ccc2c(c1)N=C(c1ccc(Cl)cc1)N2Cc1ccc2[nH]ccc2c1)C(C)OC
BRD4DEL_actives_694,0.26804123711340205,train,NC(=O)[C@H](NC(=O)c1ccc2c(c1)N=C(C(C)c1ccccc1)N2Cc1cnn(C)c1)[C@H](C)CC
BRD4DEL_actives_627,0.26804123711340205,train,NC(=O)c1cccc(CNC(=O)c2ccc3c(c2)N=C(c2ccc(C(=O)OC)c(F)c2)N3C2CCN(c3ncccn3)CC2)c1
BRD4DEL_actives_226,0.26804123711340205,val,NC(=O)[C@H](CCC(N)=O)NC(=O)c1ccc2c(c1)N=C(c1ccc(OC(C)=O)cc1)N2CCN1CCCN(C)CC1
BRD4DEL_actives_900,0.26804123711340205,val,NC(=O)c1cccc(CNC(=O)c2ccc3c(c2)N=C(c2ccc(Br)c(F)c2)N3Cc2cc[nH]c2)c1
BRD4DEL_actives_428,0.26804123711340205,val,NC(=O)[C@H](CC(C)(C)C)NC(=O)c1ccc2c(c1)N=C(c1ccc(Br)o1)N2Cc1ccc(F)c(F)c1
BRD4DEL_actives_874,0.26804123711340205,val,NC(=O)C[C@@H]1CCCN1C(=O)c1ccc2c(c1)N=C(c1ccc(C)nc1)N2Cc1ccc(S(=O)(=O)CC)cc1
BRD4DEL_actives_1026,0.26785714285714285,train,NC(=O)C1CCCN1C1CCN(C(=O)c2ccc3c(c2)N=C(c2ccc(CC)o2)N3Cc2cccc(OC(F)F)c2)CC1
BRD4DEL_actives_889,0.26785714285714285,train,NC(=O)[C@H](CCc1ccc(OC(C)(C)C)cc1)NC(=O)c1ccc2c(c1)N=C(c1ccc(C#N)cc1)N2CCc1cccc(OC)c1
BRD4DEL_actives_238,0.26785714285714285,train,NC(=O)C(Cc1cn(C)cn1)NC(=O)c1ccc2c(c1)N=C(c1cscn1)N2Cc1cccnc1
BRD4DEL_actives_340,0.26785714285714285,train,NC(=O)[C@H](CCCCC1CCCC1)NC(=O)c1ccc2c(c1)N=C(c1ccc(Br)c(F)c1)N2CC(=O)N1CCOCC1
BRD4DEL_actives_855,0.26785714285714285,train,NC(=O)[C@H](Cc1ccc(OCC)cc1)NC(=O)c1ccc2c(c1)N=C(c1ccc(CC)o1)N2Cc1cccc(OC(F)F)c1
BRD4DEL_actives_405,0.26785714285714285,train,NC(=O)[C@H](CCCCN(CC)CC)NC(=O)c1ccc2c(c1)N=C(c1[nH]c(-c3ccccc3)nc1Cl)N2C1CCN(Cc2ccccc2)C1
BRD4DEL_actives_1031,0.26785714285714285,train,NC(=O)C[C@@H]1CCCN1C(=O)c1ccc2c(c1)N=C(c1ncccc1O)N2CCc1cccc(OC)c1
BRD4DEL_actives_995,0.26785714285714285,val,NC(=O)[C@H](CCCCc1ccccc1)NC(=O)c1ccc2c(c1)N=C(c1cc3c(cc1Br)OCO3)N2C1CCN(Cc2ccccc2)C1
BRD4DEL_actives_789,0.26732673267326734,train,NC(=O)[C@H](CC(C)C)NC(=O)c1ccc2c(c1)N=C(c1cccc(N3CCN(C)CC3)c1)N2Cc1ccc(CN(C)C)cc1
BRD4DEL_actives_315,0.26732673267326734,train,NC(=O)[C@H](Cc1ccccn1)NC(=O)c1ccc2c(c1)N=C(c1cnccn1)N2CCc1cccc(OC)c1
BRD4DEL_actives_924,0.26732673267326734,train,NC(=O)[C@H](Cc1ccco1)NC(=O)c1ccc2c(c1)N=C(c1cccc(OCC)c1)N2Cc1cccc(N(C)C(C)=O)c1
BRD4DEL_actives_183,0.26732673267326734,train,NC(=O)[C@H](Cc1ccc(I)cc1)NC(=O)c1ccc2c(c1)N=C(c1ccc(Cl)c(OC)c1)N2Cc1cccc(OC(F)F)c1
BRD4DEL_actives_276,0.26732673267326734,train,NC(=O)[C@@H](NC(=O)c1ccc2c(c1)N=C(Cc1ccc(C)cc1)N2C1CCN(c2ncccn2)CC1)C1CC1
BRD4DEL_actives_174,0.26732673267326734,train,NC(=O)[C@@H](NC(=O)c1ccc2c(c1)N=C(c1cccc(C(F)(F)F)n1)N2CCCc1ccccc1)C1CCCC1
BRD4DEL_actives_420,0.26732673267326734,train,NC(=O)C(CC1CC1)NC(=O)c1ccc2c(c1)N=C(c1ccc(C(F)(F)F)cn1)N2CCCc1ccccc1
BRD4DEL_actives_951,0.26732673267326734,train,NC(=O)[C@@H]1C[C@@H](OC(C)(C)C)CN1C(=O)c1ccc2c(c1)N=C(c1ccccc1)N2Cc1cc(OC)cc(OC)c1
BRD4DEL_actives_392,0.26732673267326734,train,NC(=O)[C@@H](CC1CCC1)NC(=O)c1ccc2c(c1)N=C(c1cncc(OC)c1)N2Cc1ccc(CN(C)C)cc1
BRD4DEL_actives_518,0.26732673267326734,train,NC(=O)[C@H](Cc1ccco1)NC(=O)c1ccc2c(c1)N=C(c1cccc3nc[nH]c13)N2CCNC(C)=O
BRD4DEL_actives_435,0.26732673267326734,train,NC(=O)[C@H](Cc1ccccn1)NC(=O)c1ccc2c(c1)N=C(c1cccc3nccnc13)N2Cc1ccccc1OC
BRD4DEL_actives_255,0.26732673267326734,train,NC(=O)[C@@H]1C[C@@H](c2ccccc2)CN1C(=O)c1ccc2c(c1)N=C(c1ccc(C(F)(F)F)cn1)N2Cc1ccc(F)c(F)c1
BRD4DEL_actives_370,0.26732673267326734,train,NC(=O)[C@H](CCC(=O)O)NC(=O)c1ccc2c(c1)N=C(c1ccc(Cl)cc1O)N2CC1(C)COC1
BRD4DEL_actives_850,0.26732673267326734,train,NC(=O)[C@H](CCC(N)=O)NC(=O)c1ccc2c(c1)N=C(CC(C)C)N2Cc1cnn(C)c1
BRD4DEL_actives_597,0.26732673267326734,train,NC(=O)[C@@H](Cc1ccccn1)NC(=O)c1ccc2c(c1)N=C(c1csc(Br)n1)N2Cc1cncc(Br)c1
BRD4DEL_actives_952,0.26732673267326734,train,NC(=O)CN(C)C(=O)c1ccc2c(c1)N=C(C(CC)CC)N2C1CCN(Cc2ccccc2)C1
BRD4DEL_actives_623,0.26732673267326734,train,NC(=O)[C@@H](CC(N)=O)NC(=O)c1ccc2c(c1)N=C(c1ccc3c(c1)OCCO3)N2Cc1ccc(CN2CCCC2)cc1
BRD4DEL_actives_635,0.26732673267326734,val,NC(=O)[C@@H](CC1CCC1)NC(=O)c1ccc2c(c1)N=C(c1ccc(C)nc1)N2Cc1cccnc1
BRD4DEL_actives_1002,0.2672413793103448,train,NC(=O)[C@@H](CC1CCC1)NC(=O)c1ccc2c(c1)N=C(c1cnc(N3CCOCC3)nc1)N2CCCc1ccccc1
BRD4DEL_actives_245,0.26666666666666666,train,NC(=O)C(CCC(=O)OC)NC(=O)c1ccc2c(c1)N=C(c1cccc3c1OCO3)N2CCc1cccc(OC)c1
BRD4DEL_actives_953,0.26666666666666666,train,NC(=O)[C@H](Cc1ccc(C#N)cc1)NC(=O)c1ccc2c(c1)N=C(c1ccc(C#N)cc1)N2Cc1[nH]cnc1C
BRD4DEL_actives_381,0.26666666666666666,train,NC(=O)C(CC1CC1)NC(=O)c1ccc2c(c1)N=C(c1cnc(N3CCOCC3)nc1)N2Cc1ccc(S(=O)(=O)CC)cc1
BRD4DEL_actives_835,0.26666666666666666,train,NC(=O)c1cccc(CNC(=O)c2ccc3c(c2)N=C(c2csc(Br)n2)N3Cc2nc(CSC)no2)c1
BRD4DEL_actives_259,0.26666666666666666,train,NC(=O)[C@@H]1[C@@H](c2ccccc2)CCN1C(=O)c1ccc2c(c1)N=C(c1ccc(-c3ccc(OC)cc3)o1)N2CCCN(CC)CC
BRD4DEL_actives_941,0.26666666666666666,train,NC(=O)C(CC1CC1)NC(=O)c1ccc2c(c1)N=C(c1ccc(Br)o1)N2C(C)c1ccc(OC)cc1
BRD4DEL_actives_127,0.26666666666666666,train,NC(=O)[C@H](CCCCNC(=O)c1cccnc1)NC(=O)c1ccc2c(c1)N=C(c1ccc(C(F)(F)F)cn1)N2Cc1ccc(CN(C)C)cc1
BRD4DEL_actives_580,0.26666666666666666,train,NC(=O)[C@H](Cc1ccc(I)cc1)NC(=O)c1ccc2c(c1)N=C(c1ccc3c(c1)OCCO3)N2CCN1CCCN(C)CC1
BRD4DEL_actives_1039,0.26666666666666666,train,NC(=O)[C@H](Cc1ccncc1)NC(=O)c1ccc2c(c1)N=C(c1n[nH]c3ccccc13)N2CC1CCC(=O)N1
BRD4DEL_actives_849,0.26666666666666666,val,NC(=O)[C@H](Cc1ccc(OC)c(OC)c1)NC(=O)c1ccc2c(c1)N=C(c1ccc(Br)o1)N2C1CC2CN(C)CCN2C1
BRD4DEL_actives_570,0.26666666666666666,val,NC(=O)[C@@H](CC(N)=O)NC(=O)c1ccc2c(c1)N=C(c1ccc(N(C)C)cc1)N2Cc1ccc(OC)cc1OC
BRD4DEL_actives_678,0.26605504587155965,train,NC(=O)[C@H](Cc1csc2ccccc12)NC(=O)c1ccc2c(c1)N=C(c1ccc(NC(C)=O)cc1)N2Cc1cnn(C)c1
BRD4DEL_actives_1010,0.26605504587155965,train,NC(=O)C(NC(=O)c1ccc2c(c1)N=C(c1ccc3c(c1)OCCO3)N2Cc1cccc(N(C)C(C)=O)c1)C(C)OC
BRD4DEL_actives_66,0.26605504587155965,train,NC(=O)[C@H](Cc1csc2ccccc12)NC(=O)c1ccc2c(c1)N=C(c1ccc(COC)cc1)N2Cc1ccccc1OC
BRD4DEL_actives_1066,0.26605504587155965,train,NC(=O)[C@H](CCCCNC(=O)c1cccnc1)NC(=O)c1ccc2c(c1)N=C(c1ccc(Cl)cc1O)N2Cc1cncc(Br)c1
BRD4DEL_actives_915,0.26605504587155965,train,NC(=O)[C@H](Cc1ccc(OCC=C)cc1)NC(=O)c1ccc2c(c1)N=C(c1cnc(C)[nH]1)N2Cc1ccc(CN2CCCC2)cc1
BRD4DEL_actives_472,0.26605504587155965,train,NC(=O)c1cccc(CNC(=O)c2ccc3c(c2)N=C(c2ccc(C(F)(F)F)cn2)N3Cc2cn[nH]c2)c1
BRD4DEL_actives_542,0.26605504587155965,val,NC(=O)[C@H](Cc1cccc(OC)c1)NC(=O)c1ccc2c(c1)N=C(c1ccc(CC)o1)N2CCCc1ccccc1
BRD4DEL_actives_921,0.26605504587155965,val,NC(=O)[C@H](Cc1ccco1)NC(=O)c1ccc2c(c1)N=C(c1ccc(Br)c(F)c1)N2C1CCN(Cc2ccccc2)C1
BRD4DEL_actives_881,0.26605504587155965,val,NC(=O)[C@@H]1C[C@@H](OC(C)(C)C)CN1C(=O)c1ccc2c(c1)N=C(c1ccc(Br)o1)N2CC1CCCCO1
BRD4DEL_actives_182,0.26595744680851063,train,NC(=O)C(CC1CC1)NC(=O)c1ccc2c(c1)N=C(c1ccc(O)cc1)N2CCc1cccc(Br)c1
BRD4DEL_actives_982,0.26595744680851063,train,NC(=O)CN(C)C(=O)c1ccc2c(c1)N=C(c1ccc(N3CCOCC3)cc1)N2Cc1ccncc1
BRD4DEL_actives_280,0.26595744680851063,train,NC(=O)C(CC1CC1)NC(=O)c1ccc2c(c1)N=C(c1ncc[nH]1)N2Cc1ccc(S(=O)(=O)CC)cc1
BRD4DEL_actives_606,0.26595744680851063,train,NC(=O)C(NC(=O)c1ccc2c(c1)N=C(c1ccc(N3CCOCC3)cc1)N2Cc1ccc2nccnc2c1)C(C)OC
BRD4DEL_actives_178,0.26595744680851063,val,NC(=O)C(CC1CC1)NC(=O)c1ccc2c(c1)N=C(CC(C)C)N2Cc1nc(CSC)no1
BRD4DEL_actives_740,0.26548672566371684,train,NC(=O)[C@H](Cc1ccsc1)NC(=O)c1ccc2c(c1)N=C(c1ccc3ccn(C)c3c1)N2C1CCN(Cc2ccccc2)C1
BRD4DEL_actives_10,0.26548672566371684,train,NC(=O)c1cccc(CNC(=O)c2ccc3c(c2)N=C(c2cccnc2)N3CCN2CCCN(C)CC2)c1
BRD4DEL_actives_220,0.26548672566371684,val,NC(=O)[C@H](Cc1ccc(OCC=C)cc1)NC(=O)c1ccc2c(c1)N=C(c1ccc(N(C)C)cc1)N2CC12CCC(CC1)O2
BRD4DEL_actives_161,0.2653061224489796,train,NC(=O)[C@H](Cc1ccc(I)cc1)NC(=O)c1ccc2c(c1)N=C(c1cc(C)nc(C)c1)N2Cc1cccnc1
BRD4DEL_actives_425,0.2653061224489796,train,NC(=O)CCNC(=O)c1ccc2c(c1)N=C(c1ccc(OC)cc1)N2Cc1cccc(N(C)C(C)=O)c1
BRD4DEL_actives_710,0.2653061224489796,train,NC(=O)[C@H](CCC)NC(=O)c1ccc2c(c1)N=C(c1cnc(C)[nH]1)N2C(C)C(O)c1ccccc1
BRD4DEL_actives_131,0.2653061224489796,train,NC(=O)c1cccc(CNC(=O)c2ccc3c(c2)N=C(c2ccc(O)cc2)N3CCc2cccc(OC)c2)c1
BRD4DEL_actives_243,0.2653061224489796,train,NC(=O)c1cccc(NC(=O)c2ccc3c(c2)N=C(c2ccc4[nH]ccc4c2)N3Cc2nnc3ccccn23)c1
BRD4DEL_actives_650,0.2653061224489796,train,NC(=O)C[C@H](Cc1ccccc1)NC(=O)c1ccc2c(c1)N=C(c1ccc(COC)cc1)N2Cc1cncc(Br)c1
BRD4DEL_actives_229,0.2653061224489796,train,NC(=O)[C@H](Cc1ccc(C#N)cc1)NC(=O)c1ccc2c(c1)N=C(c1ccc(OC(C)=O)cc1)N2CCc1cccc(Br)c1
BRD4DEL_actives_125,0.2653061224489796,train,NC(=O)[C@H](Cc1ccco1)NC(=O)c1ccc2c(c1)N=C(c1cnc(C)[nH]1)N2Cc1ccc(C)cc1
BRD4DEL_actives_516,0.2653061224489796,train,NC(=O)c1cccc(NC(=O)c2ccc3c(c2)N=C(c2ccc4[nH]ccc4c2)N3Cc2ccc3[nH]ccc3c2)c1
BRD4DEL_actives_1084,0.2653061224489796,val,NC(=O)c1cccc(NC(=O)c2ccc3c(c2)N=C(c2cnccn2)N3CC2CCC(=O)N2)c1
BRD4DEL_actives_756,0.2653061224489796,val,NC(=O)[C@@H]1CCCN1C(=O)c1ccc2c(c1)N=C(c1ccc(=O)[nH]c1)N2C1CC2CN(C)CCN2C1
BRD4DEL_actives_514,0.2647058823529412,train,NC(=O)[C@@H](CC1CCC1)NC(=O)c1ccc2c(c1)N=C(c1cn[nH]c1)N2C(C)C(O)c1ccccc1
BRD4DEL_actives_688,0.2647058823529412,train,NC(=O)[C@H](Cc1ccncc1)NC(=O)c1ccc2c(c1)N=C(c1cc(Cl)cc(Cl)c1)N2Cc1ccc(NC(=O)CC)nc1
BRD4DEL_actives_85,0.2647058823529412,train,NC(=O)[C@H](Cc1cccs1)NC(=O)c1ccc2c(c1)N=C(c1ccc(C#N)nc1)N2Cc1ccc(CN(C)C)cc1
BRD4DEL_actives_506,0.2647058823529412,train,NC(=O)c1cccc(NC(=O)c2ccc3c(c2)N=C(c2cc4c(cc2Br)OCO4)N3Cc2cncc(Br)c2)c1
BRD4DEL_actives_373,0.2647058823529412,train,NC(=O)[C@H](CCCCC1CCCC1)NC(=O)c1ccc2c(c1)N=C(c1ccc(OC(C)=O)cc1)N2Cc1ccnc(C)c1
BRD4DEL_actives_779,0.2647058823529412,train,NC(=O)C[C@H](Cc1ccccc1)NC(=O)c1ccc2c(c1)N=C(c1cccc3nccnc13)N2Cc1ccccc1OC
BRD4DEL_actives_271,0.2647058823529412,train,NC(=O)[C@@H](CCC(N)=O)NC(=O)c1ccc2c(c1)N=C(c1cc(F)cc(F)c1)N2Cc1cc(OC)cc(OC)c1
BRD4DEL_actives_1090,0.2647058823529412,train,NC(=O)C(CC1CC1)NC(=O)c1ccc2c(c1)N=C(c1nnc[nH]1)N2CCc1cccc(Br)c1
BRD4DEL_actives_807,0.2647058823529412,train,NC(=O)[C@@H](C)NC(=O)c1ccc2c(c1)N=C(c1cccc3c1OCO3)N2Cc1ccc(NC(=O)CC)nc1
BRD4DEL_actives_201,0.2647058823529412,val,NC(=O)C(CCC(=O)OC)NC(=O)c1ccc2c(c1)N=C(c1ncc[nH]1)N2C1CCN(C(C)C)CC1
BRD4DEL_actives_672,0.2647058823529412,val,NC(=O)[C@@H](NC(=O)c1ccc2c(c1)N=C(c1cccc3c1OCCO3)N2CC1CCC(=O)N1)C1CC1
BRD4DEL_actives_223,0.2647058823529412,val,NC(=O)[C@H](Cc1ccc(OCC=C)cc1)NC(=O)c1ccc2c(c1)N=C(c1ccc(C#N)cc1)N2Cc1ccc(S(=O)(=O)CC)cc1
BRD4DEL_actives_37,0.2647058823529412,val,NC(=O)[C@H](CCC(N)=O)NC(=O)c1ccc2c(c1)N=C(c1cccnc1)N2C1CC2CN(C)CCN2C1
BRD4DEL_actives_652,0.26436781609195403,train,NC(=O)[C@H](CC)NC(=O)c1ccc2c(c1)N=C(c1ccc(N3CCCC3)cc1)N2C1CC(C)(C)N(C)C(C)(C)C1
BRD4DEL_actives_123,0.26436781609195403,train,NC(=O)C1CCN(C(=O)c2ccc3c(c2)N=C(c2cccc(O)c2)N3Cc2cn[nH]c2)CC1
BRD4DEL_actives_1056,0.2641509433962264,train,NC(=O)[C@H](Cc1ccco1)NC(=O)c1ccc2c(c1)N=C(c1ccc3ccn(C)c3c1)N2CCc1cccc(Br)c1
BRD4DEL_actives_1049,0.2641509433962264,train,NC(=O)CCNC(=O)c1ccc2c(c1)N=C(c1cccnc1)N2Cc1ccc2[nH]ccc2c1
BRD4DEL_actives_59,0.2641509433962264,val,NC(=O)C1CCCN1C1CCN(C(=O)c2ccc3c(c2)N=C(c2ccc(OC(C)=O)cc2)N3Cc2ccc(CN(C)C)cc2)CC1
BRD4DEL_actives_644,0.26373626373626374,train,NC(=O)[C@H](Cc1ccc(I)cc1)NC(=O)c1ccc2c(c1)N=C(c1cnc3ccccc3n1)N2Cc1ccccc1OC
BRD4DEL_actives_247,0.2636363636363636,train,NC(=O)[C@H](Cc1ccc(C#N)cc1)NC(=O)c1ccc2c(c1)N=C(c1cnc(N3CCOCC3)nc1)N2C(C)CN(C)C
BRD4DEL_actives_355,0.2636363636363636,train,NC(=O)C[C@H](Cc1ccccc1)NC(=O)c1ccc2c(c1)N=C(c1cccs1)N2Cc1nc(CSC)no1
BRD4DEL_actives_391,0.2636363636363636,train,NC(=O)[C@H](Cc1ccc(C(F)(F)F)cc1)NC(=O)c1ccc2c(c1)N=C(c1ccc3c(c1)OCCO3)N2Cc1cncc(Br)c1
BRD4DEL_actives_83,0.2636363636363636,train,NC(=O)[C@H](CCC(N)=O)NC(=O)c1ccc2c(c1)N=C(C1CCN(Cc3ccccc3)CC1)N2CCN1CCCN(C)CC1
BRD4DEL_actives_290,0.2636363636363636,train,NC(=O)[C@H](Cc1ccsc1)NC(=O)c1ccc2c(c1)N=C(c1cc(F)cc(F)c1)N2CCc1cccc(OC)c1
BRD4DEL_actives_258,0.2636363636363636,train,NC(=O)C(CC1CC1)NC(=O)c1ccc2c(c1)N=C(c1ccc(CC)o1)N2CC1CCCCO1
BRD4DEL_actives_1091,0.2636363636363636,train,NC(=O)[C@H](Cc1ccnc(Cl)c1)NC(=O)c1ccc2c(c1)N=C(C1CCN(Cc3ccccc3)CC1)N2C1CC(C)(C)N(C)C(C)(C)C1
BRD4DEL_actives_411,0.2636363636363636,train,NC(=O)C(CC1CC1)NC(=O)c1ccc2c(c1)N=C(c1cncc(OC)c1)N2Cc1ccc(S(=O)(=O)CC)cc1
BRD4DEL_actives_711,0.2636363636363636,train,NC(=O)[C@H](CCc1ccc(OC(C)(C)C)cc1)NC(=O)c1ccc2c(c1)N=C(c1cc3c(cc1Br)OCO3)N2C(CC)CC
BRD4DEL_actives_312,0.2631578947368421,train,NC(=O)[C@H](Cc1cn(Cc2ccccc2)cn1)NC(=O)c1ccc2c(c1)N=C(c1ccco1)N2Cc1cccc(N2CCCC2)c1
BRD4DEL_actives_299,0.2631578947368421,train,NC(=O)C(Cc1cn(C)cn1)NC(=O)c1ccc2c(c1)N=C(c1cccc3nccnc13)N2C1CCN(Cc2ccccc2)C1
BRD4DEL_actives_507,0.2631578947368421,train,NC(=O)[C@H](Cc1ccccc1C)NC(=O)c1ccc2c(c1)N=C(c1ccc(N3CCCC3)cc1)N2CC1COC(C)(C)O1
BRD4DEL_actives_592,0.2631578947368421,train,NC(=O)C1CCN(C(=O)c2ccc3c(c2)N=C(c2cc(C)nc(C)c2)N3Cc2ccc3nccnc3c2)CC1
BRD4DEL_actives_398,0.2631578947368421,train,NC(=O)[C@H](CCCCC1CCCC1)NC(=O)c1ccc2c(c1)N=C(c1cc(OC)ccn1)N2Cc1ccnc(C)c1
BRD4DEL_actives_770,0.2631578947368421,train,NC(=O)[C@H](Cc1ccccn1)NC(=O)c1ccc2c(c1)N=C(c1ccc(C#N)nc1)N2CCc1cccc(OC)c1
BRD4DEL_actives_978,0.2631578947368421,val,NC(=O)[C@H](Cc1ccc2ccccc2c1)NC(=O)c1ccc2c(c1)N=C(c1ccc3[nH]ccc3c1)N2CC1CCC(=O)N1
BRD4DEL_actives_342,0.2631578947368421,val,NC(=O)C(CCC(=O)OC)NC(=O)c1ccc2c(c1)N=C(c1[nH]c(-c3ccccc3)nc1Cl)N2C1CCN(Cc2ccccc2)C1
BRD4DEL_actives_444,0.2627118644067797,train,NC(=O)[C@H](CCCCC1CCCC1)NC(=O)c1ccc2c(c1)N=C(c1cccnc1)N2CCc1cccc(OC)c1
BRD4DEL_actives_377,0.2627118644067797,train,NC(=O)[C@H](Cc1ccc(OCC=C)cc1)NC(=O)c1ccc2c(c1)N=C(c1nnc[nH]1)N2Cc1ccc(NC(=O)CC)nc1
BRD4DEL_actives_412,0.2627118644067797,train,NC(=O)[C@H](Cc1ccncc1)NC(=O)c1ccc2c(c1)N=C(c1cc3c(cc1Br)OCO3)N2CCc1cccc(OC)c1
BRD4DEL_actives_520,0.2627118644067797,train,NC(=O)[C@H](Cc1ccco1)NC(=O)c1ccc2c(c1)N=C(c1ccc(C(F)(F)F)cn1)N2CCc1cccc(Br)c1
BRD4DEL_actives_413,0.26262626262626265,train,NC(=O)C(CC1CC1)NC(=O)c1ccc2c(c1)N=C(c1cccc(S(C)(=O)=O)c1)N2Cc1cncc(Br)c1
BRD4DEL_actives_239,0.26262626262626265,train,NC(=O)C(CC1CC1)NC(=O)c1ccc2c(c1)N=C(c1cn[nH]c1)N2Cc1ccc(S(=O)(=O)CC)cc1
BRD4DEL_actives_634,0.26262626262626265,train,NC(=O)[C@H](CCCCNC(C)=O)NC(=O)c1ccc2c(c1)N=C(c1cc3c(cc1Br)OCO3)N2Cc1ccncc1
BRD4DEL_actives_148,0.26262626262626265,train,NC(=O)C1CCCN1C1CCN(C(=O)c2ccc3c(c2)N=C(c2cc(OC)ccn2)N3Cc2cnn(C)c2)CC1
BRD4DEL_actives_5,0.26262626262626265,train,NC(=O)[C@@H](CC(N)=O)NC(=O)c1ccc2c(c1)N=C(c1nnc[nH]1)N2CCc1cccc(Br)c1
BRD4DEL_actives_33,0.26262626262626265,train,NC(=O)[C@H](CC)NC(=O)c1ccc2c(c1)N=C(c1ccc(OC(C)=O)cc1)N2Cc1ccnc(C)c1
BRD4DEL_actives_184,0.26262626262626265,train,NC(=O)[C@@H](NC(=O)c1ccc2c(c1)N=C(c1ccc(Br)o1)N2CCCc1ccccc1)C1CCCCC1
BRD4DEL_actives_619,0.26262626262626265,val,NC(=O)[C@H](Cc1ccncc1)NC(=O)c1ccc2c(c1)N=C(c1ccc(C(F)(F)F)cn1)N2CC(=O)N1CCOCC1
BRD4DEL_actives_687,0.26262626262626265,val,NC(=O)[C@H](CCCNC(N)=O)NC(=O)c1ccc2c(c1)N=C(Cc1ccccc1)N2Cc1nncn1C(C)C
BRD4DEL_actives_166,0.26262626262626265,val,NC(=O)C(C)(C)NC(=O)c1ccc2c(c1)N=C(c1ccc(-c3ccc(OC)cc3)o1)N2C1CC(C)(C)N(C)C(C)(C)C1
BRD4DEL_actives_845,0.2621359223300971,train,NC(=O)c1cccc(CNC(=O)c2ccc3c(c2)N=C(c2cscn2)N3CC2(C)COC2)c1
BRD4DEL_actives_696,0.2621359223300971,train,NC(=O)C[C@H](Cc1ccccc1)NC(=O)c1ccc2c(c1)N=C(c1cnccn1)N2Cc1nncn1C(C)C
BRD4DEL_actives_406,0.2621359223300971,train,NC(=O)[C@@H](Cc1ccccn1)NC(=O)c1ccc2c(c1)N=C(c1ccc(Br)o1)N2CCC1CCCN1C
BRD4DEL_actives_704,0.2621359223300971,train,NC(=O)C(NC(=O)c1ccc2c(c1)N=C(c1ccc(C#N)cc1)N2Cc1ccc(OC)cc1OC)C(C)OC
BRD4DEL_actives_768,0.2621359223300971,train,NC(=O)[C@H](Cc1ccccn1)NC(=O)c1ccc2c(c1)N=C(c1ccc(CC)o1)N2Cc1ccc(F)c(F)c1
BRD4DEL_actives_474,0.2621359223300971,train,NC(=O)[C@H](CC(C)C)NC(=O)c1ccc2c(c1)N=C(c1ccc3c(ccn3C)c1)N2Cc1cc(OC)cc(OC)c1
BRD4DEL_actives_684,0.2621359223300971,train,NC(=O)C(NC(=O)c1ccc2c(c1)N=C(c1cnc[nH]1)N2Cc1ccc(NC(=O)CC)nc1)C(C)OC
BRD4DEL_actives_786,0.2621359223300971,train,NC(=O)[C@H](CCC(N)=O)NC(=O)c1ccc2c(c1)N=C(c1ccc(O)c(OC)c1)N2Cc1cncc(Br)c1
BRD4DEL_actives_47,0.2621359223300971,train,NC(=O)[C@@H]1C[C@@H](c2ccccc2)CN1C(=O)c1ccc2c(c1)N=C(c1cccc3nccnc13)N2CC(=O)N1CCOCC1
BRD4DEL_actives_38,0.2621359223300971,train,NC(=O)[C@H](CCC(N)=O)NC(=O)c1ccc2c(c1)N=C(c1ccc(C(=O)OC)c(F)c1)N2CCc1cccc(OC)c1
BRD4DEL_actives_571,0.2621359223300971,train,NC(=O)[C@@H]1[C@@H](c2ccccc2)CCN1C(=O)c1ccc2c(c1)N=C(c1cccc(S(C)(=O)=O)c1)N2C1CCNCC1
BRD4DEL_actives_1016,0.2621359223300971,val,NC(=O)[C@H](Cc1ccc(Br)cc1)NC(=O)c1ccc2c(c1)N=C(c1cnc(N3CCOCC3)nc1)N2Cc1ccc(NC(=O)CC)nc1
BRD4DEL_actives_31,0.2621359223300971,val,NC(=O)[C@H](Cc1ccc(Cl)c(Cl)c1)NC(=O)c1ccc2c(c1)N=C(c1ccc(N3CCCC3)cc1)N2Cc1ccnc(C)c1
BRD4DEL_actives_892,0.2621359223300971,val,NC(=O)c1cccc(CNC(=O)c2ccc3c(c2)N=C(c2ncccc2O)N3C2CC3CN(C)CCN3C2)c1
BRD4DEL_actives_23,0.2621359223300971,val,NC(=O)[C@H](Cc1ccccn1)NC(=O)c1ccc2c(c1)N=C(c1ccc(C#N)cc1)N2CCc1cccc(OC)c1
BRD4DEL_actives_344,0.2619047619047619,train,NC(=O)C1CCCN1C1CCN(C(=O)c2ccc3c(c2)N=C(c2ccccc2)N3C2CCNCC2)CC1
BRD4DEL_actives_728,0.2619047619047619,train,NC(=O)[C@@H](NC(=O)c1ccc2c(c1)N=C(Cc1ccccc1)N2Cc1cncc(Br)c1)C1CC1
BRD4DEL_actives_74,0.2616822429906542,train,NC(=O)[C@H](Cc1cccs1)NC(=O)c1ccc2c(c1)N=C(c1ccc(N3CCCC3)cc1)N2CC1(C#N)CCOCC1
BRD4DEL_actives_621,0.2616822429906542,train,NC(=O)[C@H](CCCCC1CCCC1)NC(=O)c1ccc2c(c1)N=C(C1CCN(Cc3ccccc3)CC1)N2CC(=O)N1CCOCC1
BRD4DEL_actives_859,0.2616822429906542,train,NC(=O)C(CCC(=O)OC)NC(=O)c1ccc2c(c1)N=C(c1cccc(C(F)(F)F)n1)N2Cc1nc(CSC)no1
BRD4DEL_actives_744,0.2616822429906542,train,NC(=O)[C@H](Cc1ccc(C#N)cc1)NC(=O)c1ccc2c(c1)N=C(c1ccc(CC)o1)N2CC(=O)N1CCOCC1
BRD4DEL_actives_136,0.2616822429906542,train,NC(=O)c1cccc(NC(=O)c2ccc3c(c2)N=C(c2cccc(O)c2)N3Cc2cnn(C)c2)c1
BRD4DEL_actives_861,0.2616822429906542,train,NC(=O)C1CCCN1C1CCN(C(=O)c2ccc3c(c2)N=C(c2ccc4ccn(C)c4c2)N3Cc2ccc(CN3CCCC3)cc2)CC1
BRD4DEL_actives_853,0.2616822429906542,train,NC(=O)[C@H](Cc1ccccn1)NC(=O)c1ccc2c(c1)N=C(C(C)c1ccccc1)N2C1CC(C)(C)N(C)C(C)(C)C1
BRD4DEL_actives_579,0.2616822429906542,train,NC(=O)[C@H](Cc1ccnc(Cl)c1)NC(=O)c1ccc2c(c1)N=C(c1cccc(N3CCN(C)CC3)c1)N2Cc1cnn(C)c1
BRD4DEL_actives_980,0.2616822429906542,val,NC(=O)[C@H](Cc1ccc(OC)c(OC)c1)NC(=O)c1ccc2c(c1)N=C(c1ccc(C#N)cc1)N2Cc1cncc(Br)c1
BRD4DEL_actives_763,0.2616822429906542,val,NC(=O)[C@H](CCCCC1CCCC1)NC(=O)c1ccc2c(c1)N=C(c1cccc(O)c1)N2Cc1nnc2ccccn12
BRD4DEL_actives_22,0.26136363636363635,train,NC(=O)[C@H](CCC(N)=O)NC(=O)c1ccc2c(c1)N=C(c1cccc(S(C)(=O)=O)c1)N2CC(O)CO
BRD4DEL_actives_890,0.26136363636363635,val,NC(=O)[C@H](CC(C)C)NC(=O)c1ccc2c(c1)N=C(c1ccc(-c3ccc(OC)cc3)o1)N2C(C)c1ccc(OC)cc1
BRD4DEL_actives_802,0.26136363636363635,val,NC(=O)[C@@H](CC(N)=O)NC(=O)c1ccc2c(c1)N=C(c1ccccc1)N2Cc1ccc2nccnc2c1
BRD4DEL_actives_94,0.26126126126126126,train,NC(=O)[C@H](Cc1cccnc1)NC(=O)c1ccc2c(c1)N=C(c1cccc3c1OCCO3)N2C(CC)CC
BRD4DEL_actives_130,0.26126126126126126,train,NC(=O)[C@H](Cc1cccc(OC)c1)NC(=O)c1ccc2c(c1)N=C(c1ccc3c(ccn3C)c1)N2Cc1ccc(NC(=O)CC)nc1
BRD4DEL_actives_366,0.26126126126126126,train,NC(=O)c1cccc(NC(=O)c2ccc3c(c2)N=C(c2ccc4cccnc4c2)N3Cc2cnn(C)c2)c1
BRD4DEL_actives_40,0.26126126126126126,val,NC(=O)[C@H](Cc1cccs1)NC(=O)c1ccc2c(c1)N=C(c1ccc(O)c(OC)c1)N2Cc1cncc(Br)c1
BRD4DEL_actives_62,0.26126126126126126,val,NC(=O)[C@H](CCCCNC(=O)c1cccnc1)NC(=O)c1ccc2c(c1)N=C(c1cnc3ccccc3n1)N2CCc1cccc(Br)c1
BRD4DEL_actives_188,0.2608695652173913,train,NC(=O)C1CCCN1C1CCN(C(=O)c2ccc3c(c2)N=C(c2ccc(N4CCOCC4)cc2)N3Cc2ccc(NC(=O)CC)nc2)CC1
BRD4DEL_actives_509,0.2608695652173913,train,NC(=O)[C@H](Cc1ccc(OCC=C)cc1)NC(=O)c1ccc2c(c1)N=C(c1csc(Br)n1)N2CC1(C#N)CCOCC1
BRD4DEL_actives_1060,0.2608695652173913,train,NC(=O)[C@H]1CCCN(C(=O)c2ccc3c(c2)N=C(c2cc(C)nc(C)c2)N3CC2CCC(=O)N2)C1
BRD4DEL_actives_937,0.2608695652173913,train,NC(=O)C(C)(C)NC(=O)c1ccc2c(c1)N=C(c1ccc(C)cc1)N2C1CCN(c2ncccn2)CC1
BRD4DEL_actives_991,0.2604166666666667,train,NC(=O)CN(C)C(=O)c1ccc2c(c1)N=C(c1ccc(C(F)(F)F)cn1)N2Cc1cnn(C)c1
BRD4DEL_actives_193,0.2604166666666667,train,NC(=O)[C@H](CC(C)C)NC(=O)c1ccc2c(c1)N=C(c1ccc(Br)c(F)c1)N2CC1(C#N)CCOCC1
BRD4DEL_actives_27,0.2604166666666667,train,NC(=O)[C@H](Cc1ccccn1)NC(=O)c1ccc2c(c1)N=C(c1ccc(COC)cc1)N2Cc1ccc(F)c(F)c1
BRD4DEL_actives_75,0.2604166666666667,train,NC(=O)c1cccc(NC(=O)c2ccc3c(c2)N=C(c2ccc(=O)[nH]c2)N3CCc2cccc(Br)c2)c1
BRD4DEL_actives_324,0.2604166666666667,train,NC(=O)[C@H](CC(N)=O)NC(=O)c1ccc2c(c1)N=C(c1cccc3nc[nH]c13)N2Cc1ccc(S(=O)(=O)CC)cc1
BRD4DEL_actives_103,0.2604166666666667,train,NC(=O)c1cccc(NC(=O)c2ccc3c(c2)N=C(c2ccc(Br)o2)N3Cc2ccc(=O)[nH]c2)c1
BRD4DEL_actives_146,0.2604166666666667,train,NC(=O)[C@H](Cc1ccc(C#N)cc1)NC(=O)c1ccc2c(c1)N=C(c1ccc3cccnc3c1)N2CCNC(C)=O
BRD4DEL_actives_56,0.2604166666666667,val,NC(=O)[C@H](Cc1ccncc1)NC(=O)c1ccc2c(c1)N=C(c1ccc3ccn(C)c3c1)N2Cc1ccc(S(=O)(=O)CC)cc1
BRD4DEL_actives_588,0.26,train,NC(=O)[C@H](CCc1ccc(OC(C)(C)C)cc1)NC(=O)c1ccc2c(c1)N=C(c1cn[nH]c1)N2C(CCC)C(F)(F)F
BRD4DEL_actives_305,0.26,train,NC(=O)c1cccc(NC(=O)c2ccc3c(c2)N=C(c2cc(Br)ccc2O)N3C2CCN(Cc3ccccc3)C2)c1
BRD4DEL_actives_754,0.26,train,NC(=O)c1cccc(CNC(=O)c2ccc3c(c2)N=C(c2cnc[nH]2)N3Cc2cc(OC)cc(OC)c2)c1
BRD4DEL_actives_960,0.26,train,NC(=O)[C@H](Cc1ccnc(Cl)c1)NC(=O)c1ccc2c(c1)N=C(c1cccc(S(C)(=O)=O)c1)N2Cc1cnn(C)c1
BRD4DEL_actives_388,0.26,train,NC(=O)C(CCC(=O)OC)NC(=O)c1ccc2c(c1)N=C(c1cc(C)on1)N2CC1(C#N)CCOCC1
BRD4DEL_actives_877,0.26,val,NC(=O)[C@H](Cc1cscn1)NC(=O)c1ccc2c(c1)N=C(c1ccc(CC)o1)N2CC(=O)N1CCOCC1
BRD4DEL_actives_673,0.25961538461538464,train,NC(=O)C(CC1CC1)NC(=O)c1ccc2c(c1)N=C(c1cccc3c1OCCO3)N2CC1CCC(=O)N1
BRD4DEL_actives_857,0.25961538461538464,train,NC(=O)[C@H](Cc1cn(Cc2ccccc2)cn1)NC(=O)c1ccc2c(c1)N=C(c1ccoc1)N2C1CCN(Cc2ccccc2)C1
BRD4DEL_actives_1042,0.25961538461538464,train,NC(=O)c1cccc(NC(=O)c2ccc3c(c2)N=C(c2ncc[nH]2)N3CC23CCC(CC2)O3)c1
BRD4DEL_actives_135,0.25961538461538464,train,NC(=O)C(CC1CC1)NC(=O)c1ccc2c(c1)N=C(c1ncc3ccccn13)N2CCc1cccc(Br)c1
BRD4DEL_actives_1054,0.25961538461538464,train,NC(=O)[C@H](CCC(N)=O)NC(=O)c1ccc2c(c1)N=C(c1ccc(F)cc1)N2Cc1nc(CSC)no1
BRD4DEL_actives_380,0.25961538461538464,train,NC(=O)[C@H](Cc1ccc(I)cc1)NC(=O)c1ccc2c(c1)N=C(C(C)c1ccccc1)N2Cc1cncc(Br)c1
BRD4DEL_actives_626,0.25961538461538464,train,NC(=O)C(CC1CC1)NC(=O)c1ccc2c(c1)N=C(c1cccc(C(F)(F)F)n1)N2Cc1nc(CSC)no1
BRD4DEL_actives_197,0.25961538461538464,train,NC(=O)[C@H](Cc1ccc(OC)c(OC)c1)NC(=O)c1ccc2c(c1)N=C(c1cnc[nH]1)N2Cc1ccc(OC)cc1OC
BRD4DEL_actives_717,0.25961538461538464,train,NC(=O)CN1C(=O)CN(C(=O)c2ccc3c(c2)N=C(c2cc(F)cc(F)c2)N3Cc2cccc(N(C)C(C)=O)c2)c2ccccc21
BRD4DEL_actives_1073,0.25961538461538464,train,NC(=O)[C@H](Cc1ccco1)NC(=O)c1ccc2c(c1)N=C(c1cc3c(cc1Br)OCO3)N2CC(O)CO
BRD4DEL_actives_1024,0.25961538461538464,train,NC(=O)[C@H](CCCCNC(C)=O)NC(=O)c1ccc2c(c1)N=C(c1ccc(N3CCOCC3)cc1)N2Cc1cccc(N2CCCC2)c1
BRD4DEL_actives_275,0.25961538461538464,train,NC(=O)[C@@H](CC1CCC1)NC(=O)c1ccc2c(c1)N=C(c1cscn1)N2Cc1cccnc1
BRD4DEL_actives_463,0.25961538461538464,train,NC(=O)[C@H](Cc1ccnc(Cl)c1)NC(=O)c1ccc2c(c1)N=C(c1ccc(O)c(OC)c1)N2CCCN(CC)CC
BRD4DEL_actives_559,0.25961538461538464,val,NC(=O)[C@H](CCCCC1CCCC1)NC(=O)c1ccc2c(c1)N=C(c1csc(Br)n1)N2Cc1cncc(Br)c1
BRD4DEL_actives_335,0.25961538461538464,val,NC(=O)[C@H](Cc1cccnc1)NC(=O)c1ccc2c(c1)N=C(c1ccc(OC(C)=O)cc1)N2Cc1cncc(Br)c1
BRD4DEL_actives_274,0.25961538461538464,val,NC(=O)[C@@H](CC(N)=O)NC(=O)c1ccc2c(c1)N=C(c1cnc[nH]1)N2Cc1ccc(NC(=O)CC)nc1
BRD4DEL_actives_1017,0.25961538461538464,val,NC(=O)[C@@H](CC1CCC1)NC(=O)c1ccc2c(c1)N=C(c1ccc(N(C)C)cc1)N2CCc1cccc(Br)c1
BRD4DEL_actives_782,0.25925925925925924,train,NC(=O)[C@H](Cc1csc2ccccc12)NC(=O)c1ccc2c(c1)N=C(CC(C)C)N2Cc1ccc(NC(=O)CC)nc1
BRD4DEL_actives_142,0.25925925925925924,train,NC(=O)[C@@H](CCC(N)=O)NC(=O)c1ccc2c(c1)N=C(c1ccc(Br)o1)N2Cc1cccc(OC(F)F)c1
BRD4DEL_actives_162,0.25925925925925924,train,NC(=O)[C@H](Cc1ccncc1)NC(=O)c1ccc2c(c1)N=C(c1cncc(OC)c1)N2Cc1nc(CSC)no1
BRD4DEL_actives_524,0.25925925925925924,train,NC(=O)[C@H](Cc1ccco1)NC(=O)c1ccc2c(c1)N=C(c1ccc3ccn(C)c3c1)N2C(CC)CC
BRD4DEL_actives_356,0.25925925925925924,train,NC(=O)[C@H](CCC(N)=O)NC(=O)c1ccc2c(c1)N=C(c1ccc3c(ccn3C)c1)N2Cc1ccc(NC(=O)CC)nc1
BRD4DEL_actives_805,0.25925925925925924,train,NC(=O)c1cccc(CNC(=O)c2ccc3c(c2)N=C(c2cc4ccoc4cn2)N3CCN2CCOCC2)c1
BRD4DEL_actives_462,0.25925925925925924,val,NC(=O)CN(C)C(=O)c1ccc2c(c1)N=C(c1cnc(N3CCOCC3)nc1)N2Cc1cccc(OC(F)F)c1
BRD4DEL_actives_445,0.25892857142857145,train,NC(=O)C(NC(=O)c1ccc2c(c1)N=C(c1cnc(N3CCOCC3)nc1)N2CC1CCC(=O)N1)C(C)OC
BRD4DEL_actives_77,0.25892857142857145,train,NC(=O)[C@H](Cc1ccc(OC)c(OC)c1)NC(=O)c1ccc2c(c1)N=C(c1ncccc1O)N2Cc1cccc(N(C)C(C)=O)c1
BRD4DEL_actives_284,0.25892857142857145,train,NC(=O)[C@H](Cc1ccco1)NC(=O)c1ccc2c(c1)N=C(c1cc(C)on1)N2Cc1ccc(NC(=O)CC)nc1
BRD4DEL_actives_714,0.25892857142857145,val,NC(=O)C(Cc1cn(C)cn1)NC(=O)c1ccc2c(c1)N=C(c1ccc(C)nc1)N2Cc1ccc(OC)cc1OC
BRD4DEL_actives_365,0.25882352941176473,train,NC(=O)[C@@H](NC(=O)c1ccc2c(c1)N=C(c1ccccc1)N2C1CCN(Cc2ccccc2)C1)C1CC1
BRD4DEL_actives_482,0.25882352941176473,train,NC(=O)[C@@H](NC(=O)c1ccc2c(c1)N=C(c1cccc3nccnc13)N2C(CC)CC)C1CC1
BRD4DEL_actives_272,0.25833333333333336,train,NC(=O)[C@H](CCCCNC(=O)c1cccnc1)NC(=O)c1ccc2c(c1)N=C(c1ccc3ccn(C)c3c1)N2CC1CCC(=O)N1
BRD4DEL_actives_790,0.25833333333333336,val,NC(=O)[C@H](CCCCC1CCCC1)NC(=O)c1ccc2c(c1)N=C(c1cccc(N3CCN(C)CC3)c1)N2CCc1cccc(OC)c1
BRD4DEL_actives_80,0.25806451612903225,train,NC(=O)[C@H](Cc1ccncc1)NC(=O)c1ccc2c(c1)N=C(c1ccc(S(C)(=O)=O)cc1)N2CCNC(C)=O
BRD4DEL_actives_846,0.25806451612903225,train,NC(=O)[C@H](Cc1ccc2ccccc2c1)NC(=O)c1ccc2c(c1)N=C(C1CCOCC1)N2Cc1ccsc1
BRD4DEL_actives_1088,0.25806451612903225,train,NC(=O)[C@H](CCc1ccc(OC(C)(C)C)cc1)NC(=O)c1ccc2c(c1)N=C(c1ncc3ccccn13)N2CCN1CCCN(C)CC1
BRD4DEL_actives_436,0.25806451612903225,val,NC(=O)[C@H](CC(N)=O)NC(=O)c1ccc2c(c1)N=C(c1ccc(C#N)nc1)N2Cc1ccc(C)cc1
BRD4DEL_actives_1057,0.25773195876288657,train,NC(=O)[C@H](Cc1ccc(C#N)cc1)NC(=O)c1ccc2c(c1)N=C(c1cscn1)N2CC(=O)N1CCOCC1
BRD4DEL_actives_300,0.25773195876288657,train,NC(=O)[C@H](Cc1cccnc1)NC(=O)c1ccc2c(c1)N=C(C(CC)CC)N2Cc1ccc(CN2CCCC2)cc1
BRD4DEL_actives_228,0.25773195876288657,train,NC(=O)[C@H](Cc1ccccn1)NC(=O)c1ccc2c(c1)N=C(c1ccc(C#N)cc1)N2Cc1cc(OC)cc(OC)c1
BRD4DEL_actives_608,0.25773195876288657,train,NC(=O)C(CC1CC1)NC(=O)c1ccc2c(c1)N=C(c1ccccc1O)N2Cc1ccc(F)c(F)c1
BRD4DEL_actives_97,0.25773195876288657,val,NC(=O)c1cccc(NC(=O)c2ccc3c(c2)N=C(c2cnc(C)[nH]2)N3Cc2cccc(N(C)C(C)=O)c2)c1
BRD4DEL_actives_913,0.25742574257425743,train,NC(=O)[C@H](Cc1ccco1)NC(=O)c1ccc2c(c1)N=C(CCC)N2CC1(C#N)CCOCC1
BRD4DEL_actives_494,0.25742574257425743,train,NC(=O)[C@H](Cc1ccccn1)NC(=O)c1ccc2c(c1)N=C(c1ccc(Br)o1)N2Cc1ccc(C)cc1
BRD4DEL_actives_581,0.25742574257425743,train,NC(=O)[C@H](CC(C)C)NC(=O)c1ccc2c(c1)N=C(c1cc(C)on1)N2CC12CCC(CC1)O2
BRD4DEL_actives_614,0.25742574257425743,train,NC(=O)C[C@@H]1CCCN1C(=O)c1ccc2c(c1)N=C(CCc1ccccc1)N2CC1(C#N)CCOCC1
BRD4DEL_actives_306,0.25742574257425743,train,NC(=O)[C@@H](CC1CCC1)NC(=O)c1ccc2c(c1)N=C(CCc1ccccc1)N2Cc1ccc(CN2CCCC2)cc1
BRD4DEL_actives_827,0.25742574257425743,train,NC(=O)[C@H](Cc1cscn1)NC(=O)c1ccc2c(c1)N=C(c1ccc(NC(C)=O)cc1)N2Cc1ccc(CN2CCOCC2)cc1
BRD4DEL_actives_153,0.25742574257425743,train,NC(=O)[C@H](CCCCC1CCCC1)NC(=O)c1ccc2c(c1)N=C(c1ccc(N3CCCC3)cc1)N2C1CC2CN(C)CCN2C1
BRD4DEL_actives_984,0.25742574257425743,train,NC(=O)[C@@H](NC(=O)c1ccc2c(c1)N=C(c1cccc3nc[nH]c13)N2Cc1ccc(S(=O)(=O)CC)cc1)C1CC1
BRD4DEL_actives_870,0.25742574257425743,train,NC(=O)[C@H](Cc1ccnc(Cl)c1)NC(=O)c1ccc2c(c1)N=C(c1cnccn1)N2CCCc1ccccc1
BRD4DEL_actives_63,0.25742574257425743,val,NC(=O)[C@H](Cc1ccco1)NC(=O)c1ccc2c(c1)N=C(C1COC1)N2Cc1cncc(Br)c1
BRD4DEL_actives_1014,0.2571428571428571,train,NC(=O)[C@H](Cc1ccccn1)NC(=O)c1ccc2c(c1)N=C(c1cc(OC)ccn1)N2Cc1cnn(C)c1
BRD4DEL_actives_830,0.2571428571428571,train,NC(=O)[C@H](Cc1ccc(I)cc1)NC(=O)c1ccc2c(c1)N=C(c1csc(Br)n1)N2Cc1cccc(N(C)C(C)=O)c1
BRD4DEL_actives_53,0.2571428571428571,train,NC(=O)[C@H](Cc1ccccn1)NC(=O)c1ccc2c(c1)N=C(c1cc(F)cc(F)c1)N2C1CCN(CC)CC1
BRD4DEL_actives_169,0.2571428571428571,train,NC(=O)[C@H](Cc1cccnc1)NC(=O)c1ccc2c(c1)N=C(c1cnc3ccccc3n1)N2CCCc1ccccc1
BRD4DEL_actives_843,0.2571428571428571,train,NC(=O)[C@H](Cc1csc2ccccc12)NC(=O)c1ccc2c(c1)N=C(c1n[nH]c3ccccc13)N2Cc1ccc2nccnc2c1
BRD4DEL_actives_196,0.2571428571428571,train,NC(=O)[C@H](Cc1csc2ccccc12)NC(=O)c1ccc2c(c1)N=C(c1ccc(F)cc1)N2C1CC2CN(C)CCN2C1
BRD4DEL_actives_727,0.2571428571428571,train,NC(=O)[C@H](Cc1csc2ccccc12)NC(=O)c1ccc2c(c1)N=C(c1cnccn1)N2Cc1[nH]cnc1C
BRD4DEL_actives_468,0.2571428571428571,train,NC(=O)C(CC1CC1)NC(=O)c1ccc2c(c1)N=C(c1ccc(Br)o1)N2CC1CCCCO1
BRD4DEL_actives_133,0.2571428571428571,train,NC(=O)[C@H](Cc1ccc(OCC=C)cc1)NC(=O)c1ccc2c(c1)N=C(c1nnc[nH]1)N2Cc1cc[nH]c1
BRD4DEL_actives_535,0.2571428571428571,train,NC(=O)[C@H](Cc1ccnc(Cl)c1)NC(=O)c1ccc2c(c1)N=C(c1ccc(Br)o1)N2CCC1CCCN1C
BRD4DEL_actives_781,0.2571428571428571,train,NC(=O)c1cccc(NC(=O)c2ccc3c(c2)N=C(c2ccoc2)N3C2CC3CN(C)CCN3C2)c1
BRD4DEL_actives_292,0.2571428571428571,train,NC(=O)[C@@H]1C[C@@H](c2ccccc2)CN1C(=O)c1ccc2c(c1)N=C(c1ccc(N(C)C)cc1)N2C1CCN(Cc2ccccc2)C1
BRD4DEL_actives_492,0.25688073394495414,train,NC(=O)[C@H](CCCCc1ccccc1)NC(=O)c1ccc2c(c1)N=C(c1ccc(S(C)(=O)=O)cc1)N2Cc1cccc(N(C)C(C)=O)c1
BRD4DEL_actives_1094,0.25688073394495414,train,NC(=O)[C@@H]1Cc2ccccc2CN1C(=O)c1ccc2c(c1)N=C(c1ccc(N3CCOCC3)cc1)N2Cc1ccc(NC(=O)CC)nc1
BRD4DEL_actives_593,0.25688073394495414,train,NC(=O)[C@H](Cc1ccnc(Cl)c1)NC(=O)c1ccc2c(c1)N=C(c1ccc3c(c1)OCCO3)N2CCCc1ccccc1
BRD4DEL_actives_339,0.25663716814159293,train,NC(=O)[C@H](CCCCNC(=O)c1cccnc1)NC(=O)c1ccc2c(c1)N=C(c1cc3c(cc1Br)OCO3)N2Cc1cncc(Br)c1
BRD4DEL_actives_842,0.25663716814159293,train,NC(=O)[C@H](Cc1ccc(I)cc1)NC(=O)c1ccc2c(c1)N=C(c1ccc3ccn(C)c3c1)N2Cc1cccc(OC(F)F)c1
BRD4DEL_actives_975,0.25663716814159293,val,NC(=O)[C@H](Cc1ccc(OCC=C)cc1)NC(=O)c1ccc2c(c1)N=C(c1cc3ccoc3cn1)N2Cc1cnn(C)c1
BRD4DEL_actives_750,0.2564102564102564,train,NC(=O)[C@H](Cc1ccco1)NC(=O)c1ccc2c(c1)N=C(c1cnc(C)[nH]1)N2Cc1cccc(OC(F)F)c1
BRD4DEL_actives_891,0.2564102564102564,train,NC(=O)C(CCCCC=C)NC(=O)c1ccc2c(c1)N=C(c1ccc(N(C)C)cc1)N2CC1(C#N)CCOCC1
BRD4DEL_actives_697,0.2564102564102564,train,NC(=O)[C@H](Cc1ccccn1)NC(=O)c1ccc2c(c1)N=C(c1cnccn1)N2CCN1CCCN(C)CC1
BRD4DEL_actives_1007,0.256198347107438,train,NC(=O)[C@H](Cc1ccc(I)cc1)NC(=O)c1ccc2c(c1)N=C(c1cccc3c1OCCO3)N2Cc1ccc(NC(=O)CC)nc1
BRD4DEL_actives_658,0.256198347107438,val,NC(=O)[C@H](CCCCC(C)(C)C)NC(=O)c1ccc2c(c1)N=C(c1cnc(N3CCOCC3)nc1)N2Cc1ccc(-n2ccnc2)cc1
BRD4DEL_actives_24,0.25555555555555554,train,NC(=O)[C@@H](C)NC(=O)c1ccc2c(c1)N=C(c1ccc(Br)o1)N2Cc1nncn1C(C)C
BRD4DEL_actives_0,0.25555555555555554,train,NC(=O)c1cccc(NC(=O)c2ccc3c(c2)N=C(c2ccccc2O)N3Cc2ccc3nccnc3c2)c1
BRD4DEL_actives_478,0.25555555555555554,val,NC(=O)[C@H](CCCNC(N)=O)NC(=O)c1ccc2c(c1)N=C(c1cscn1)N2Cc1ccc(=O)[nH]c1
BRD4DEL_actives_599,0.2553191489361702,train,NC(=O)[C@@H](NC(=O)c1ccc2c(c1)N=C(C(C)c1ccccc1)N2Cc1cnn(C)c1)C1CC1
BRD4DEL_actives_198,0.2553191489361702,train,NC(=O)C1CCCN1C1CCN(C(=O)c2ccc3c(c2)N=C(c2cnccn2)N3CC(O)CO)CC1
BRD4DEL_actives_746,0.25510204081632654,train,NC(=O)[C@H](CCCCC1CCCC1)NC(=O)c1ccc2c(c1)N=C(c1cc(C)on1)N2Cc1ccc(CN(C)C)cc1
BRD4DEL_actives_140,0.25510204081632654,train,NC(=O)[C@@H]1C[C@@H](c2ccccc2)CN1C(=O)c1ccc2c(c1)N=C(c1ccc(COC)cc1)N2Cc1ccc(C)cc1
BRD4DEL_actives_17,0.25510204081632654,train,NC(=O)C(CC1CC1)NC(=O)c1ccc2c(c1)N=C(c1cc(Br)ccc1O)N2Cc1cncc(Br)c1
BRD4DEL_actives_824,0.25510204081632654,train,NC(=O)[C@H](Cc1cccnc1)NC(=O)c1ccc2c(c1)N=C(c1ccc(F)cc1)N2Cc1cc[nH]c1
BRD4DEL_actives_351,0.25510204081632654,val,NC(=O)C(COC)NC(=O)c1ccc2c(c1)N=C(c1ccc(C#N)nc1)N2CC(=O)N1CCOCC1
BRD4DEL_actives_285,0.25510204081632654,val,NC(=O)[C@H](Cc1ccnc(Cl)c1)NC(=O)c1ccc2c(c1)N=C(c1cc(C)on1)N2Cc1cnn(C)c1
BRD4DEL_actives_965,0.2549019607843137,train,NC(=O)[C@H](Cc1ccc(OC)c(OC)c1)NC(=O)c1ccc2c(c1)N=C(c1ccc3c(ccn3C)c1)N2Cc1cncc(Br)c1
BRD4DEL_actives_882,0.2549019607843137,train,NC(=O)[C@H](Cc1ccnc(Cl)c1)NC(=O)c1ccc2c(c1)N=C(c1nc3ccccc3n1C)N2Cc1ccc2nccnc2c1
BRD4DEL_actives_375,0.2549019607843137,train,NC(=O)[C@H](Cc1ccccn1)NC(=O)c1ccc2c(c1)N=C(c1ccc(C(F)(F)F)cn1)N2Cc1cnn(C)c1
BRD4DEL_actives_210,0.2549019607843137,train,NC(=O)[C@@H]1CCCN1C(=O)c1ccc2c(c1)N=C(c1ccc(CC)o1)N2Cc1cccc(N(C)C(C)=O)c1
BRD4DEL_actives_487,0.2549019607843137,train,NC(=O)[C@@H](CC(N)=O)NC(=O)c1ccc2c(c1)N=C(c1cccc3c1OCO3)N2Cc1ccsc1
BRD4DEL_actives_963,0.2549019607843137,train,NC(=O)C(NC(=O)c1ccc2c(c1)N=C(c1ccc3ccn(C)c3c1)N2Cc1cncc(Br)c1)C(C)OC
BRD4DEL_actives_589,0.2549019607843137,train,NC(=O)[C@H](Cc1ccc(OC)c(OC)c1)NC(=O)c1ccc2c(c1)N=C(c1ccc(OC(C)=O)cc1)N2Cc1ccc2[nH]ccc2c1
BRD4DEL_actives_297,0.2549019607843137,train,NC(=O)[C@H](CCCCC1CCCC1)NC(=O)c1ccc2c(c1)N=C(C1CCN(C)CC1)N2Cc1cncc(Br)c1
BRD4DEL_actives_943,0.2549019607843137,train,NC(=O)[C@H](Cc1ccccn1)NC(=O)c1ccc2c(c1)N=C(CCC)N2CC1CCC(=O)N1
BRD4DEL_actives_753,0.25471698113207547,train,NC(=O)[C@H](Cc1ccnc(Cl)c1)NC(=O)c1ccc2c(c1)N=C(c1cccnc1)N2CCS(=O)(=O)N1CCCC1
BRD4DEL_actives_914,0.25471698113207547,train,NC(=O)c1cccc(CNC(=O)c2ccc3c(c2)N=C(c2ccc(OC(C)=O)cc2)N3C(CCC)C(F)(F)F)c1
BRD4DEL_actives_833,0.25471698113207547,train,NC(=O)[C@H](CCCCNC(=O)c1cccnc1)NC(=O)c1ccc2c(c1)N=C(c1ccc(CC)o1)N2Cc1ccc(S(=O)(=O)CC)cc1
BRD4DEL_actives_646,0.25471698113207547,train,NC(=O)C(CCC(=O)OC)NC(=O)c1ccc2c(c1)N=C(Cc1ccc(C)cc1)N2C1CCN(Cc2ccccc2)C1
BRD4DEL_actives_777,0.25471698113207547,train,NC(=O)[C@@H](CC1CCC1)NC(=O)c1ccc2c(c1)N=C(c1nnc[nH]1)N2C(C)C(O)c1ccccc1
BRD4DEL_actives_18,0.25471698113207547,train,NC(=O)c1cccc(CNC(=O)c2ccc3c(c2)N=C(c2cccc4c2OCO4)N3Cc2cccc(N(C)C(C)=O)c2)c1
BRD4DEL_actives_641,0.25471698113207547,train,NC(=O)C(CC1CC1)NC(=O)c1ccc2c(c1)N=C(c1ccc(C#N)nc1)N2C(C)C(O)c1ccccc1
BRD4DEL_actives_189,0.25471698113207547,train,NC(=O)[C@H](CCCCN(C)C)NC(=O)c1ccc2c(c1)N=C(c1cn(C)cn1)N2Cc1cccc(N2CCCC2)c1
BRD4DEL_actives_956,0.25471698113207547,train,NC(=O)[C@@H](NC(=O)c1ccc2c(c1)N=C(c1ccc(CC)o1)N2Cc1ccnc(C)c1)C1CCCCC1
BRD4DEL_actives_944,0.25471698113207547,train,NC(=O)[C@H](Cc1cccnc1)NC(=O)c1ccc2c(c1)N=C(c1nnc[nH]1)N2CC1CCC(=O)N1
BRD4DEL_actives_894,0.25471698113207547,val,NC(=O)C(C)(C)NC(=O)c1ccc2c(c1)N=C(c1ccc3ccn(C)c3c1)N2CCC1CCCN1C
BRD4DEL_actives_799,0.25471698113207547,val,NC(=O)[C@H](CC(=O)OC)NC(=O)c1ccc2c(c1)N=C(c1ccc(C(F)(F)F)cn1)N2CCCN(CC)CC
BRD4DEL_actives_880,0.2545454545454545,train,NC(=O)[C@@H](NC(=O)c1ccc2c(c1)N=C(c1cc3ccoc3cn1)N2C1CC(C)(C)N(C)C(C)(C)C1)[C@@H](C)CC
BRD4DEL_actives_430,0.2545454545454545,train,NC(=O)C(NC(=O)c1ccc2c(c1)N=C(c1ncc[nH]1)N2CC1CCC(=O)N1)C(C)OC
BRD4DEL_actives_612,0.2545454545454545,train,NC(=O)C(NC(=O)c1ccc2c(c1)N=C(C1COC1)N2Cc1ccc2[nH]ccc2c1)C(C)OC
BRD4DEL_actives_724,0.2543859649122807,train,NC(=O)[C@H](Cc1ccc(OCC=C)cc1)NC(=O)c1ccc2c(c1)N=C(c1nnc[nH]1)N2Cc1ccnc(C)c1
BRD4DEL_actives_932,0.2543859649122807,train,NC(=O)[C@H](Cc1ccccn1)NC(=O)c1ccc2c(c1)N=C(c1ccc3[nH]ccc3c1)N2Cc1cnn(C)c1
BRD4DEL_actives_431,0.2543859649122807,val,NC(=O)[C@H](Cc1ccccn1)NC(=O)c1ccc2c(c1)N=C(c1ccccc1C)N2Cc1ccc(CN2CCN(C)CC2)cc1
BRD4DEL_actives_730,0.2542372881355932,val,NC(=O)[C@H](Cc1ccc(OCC=C)cc1)NC(=O)c1ccc2c(c1)N=C(c1ccc(Br)c(F)c1)N2C1CC2CN(C)CCN2C1
BRD4DEL_actives_1087,0.25301204819277107,val,NC(=O)[C@@H](NC(=O)c1ccc2c(c1)N=C(C1CCN(C)CC1)N2C1CCN(CC)CC1)C1CC1
BRD4DEL_actives_723,0.25274725274725274,train,NC(=O)c1cccc(CNC(=O)c2ccc3c(c2)N=C(C(C)(C)C)N3Cc2cccc(N(C)C(C)=O)c2)c1
BRD4DEL_actives_856,0.25263157894736843,train,NC(=O)[C@H](Cc1ccncc1)NC(=O)c1ccc2c(c1)N=C(c1ncccc1O)N2CCc1cccc(OC)c1
BRD4DEL_actives_30,0.25263157894736843,train,NC(=O)CN(C)C(=O)c1ccc2c(c1)N=C(c1cnc[nH]1)N2Cc1ccc(CN2CCCC2)cc1
BRD4DEL_actives_296,0.25263157894736843,train,NC(=O)C(CCC(=O)OC)NC(=O)c1ccc2c(c1)N=C(c1cc(C)on1)N2Cc1cnn(C)c1
BRD4DEL_actives_98,0.25263157894736843,val,NC(=O)[C@H](Cc1ccc(I)cc1)NC(=O)c1ccc2c(c1)N=C(c1ccc(CC)o1)N2Cc1ccc(NC(=O)CC)nc1
BRD4DEL_actives_916,0.25252525252525254,train,NC(=O)C(CC1CC1)NC(=O)c1ccc2c(c1)N=C(c1cccnc1)N2CC1CCC(=O)N1
BRD4DEL_actives_1037,0.25252525252525254,train,NC(=O)C1CCN(C(=O)c2ccc3c(c2)N=C(c2ccc(Cl)cc2O)N3Cc2ccc3nccnc3c2)CC1
BRD4DEL_actives_988,0.25252525252525254,train,NC(=O)C(CC1CC1)NC(=O)c1ccc2c(c1)N=C(c1cn(C)cn1)N2CC1(C#N)CCOCC1
BRD4DEL_actives_446,0.25252525252525254,train,NC(=O)[C@H]1CCCN(C(=O)c2ccc3c(c2)N=C(c2ccc(C(F)(F)F)cn2)N3C2CC3CN(C)CCN3C2)C1
BRD4DEL_actives_521,0.25252525252525254,train,NC(=O)[C@@H](CC(N)=O)NC(=O)c1ccc2c(c1)N=C(c1ccc3cccnc3c1)N2C1CCNCC1
BRD4DEL_actives_820,0.25252525252525254,train,NC(=O)[C@H](Cc1cscn1)NC(=O)c1ccc2c(c1)N=C(c1ccc(S(C)(=O)=O)cc1)N2CC(O)CO
BRD4DEL_actives_686,0.25252525252525254,val,NC(=O)[C@H](Cc1ccccn1)NC(=O)c1ccc2c(c1)N=C(c1cccc(S(C)(=O)=O)c1)N2Cc1cn[nH]c1
BRD4DEL_actives_1063,0.25252525252525254,val,NC(=O)[C@H](Cc1cscn1)NC(=O)c1ccc2c(c1)N=C(c1cnccn1)N2CC(=O)N1CCOCC1
BRD4DEL_actives_683,0.2524271844660194,train,NC(=O)[C@@H](CC(N)=O)NC(=O)c1ccc2c(c1)N=C(c1cccc3c1OCCO3)N2Cc1cnn(C)c1
BRD4DEL_actives_1097,0.2524271844660194,train,NC(=O)[C@H](CCCCc1ccccc1)NC(=O)c1ccc2c(c1)N=C(c1cn[nH]c1)N2Cc1ccc(S(=O)(=O)CC)cc1
BRD4DEL_actives_918,0.2524271844660194,train,NC(=O)C[C@@H]1CCCN1C(=O)c1ccc2c(c1)N=C(c1cn[nH]c1)N2CCC1CCCN1C
BRD4DEL_actives_977,0.2524271844660194,train,NC(=O)C(CC1CC1)NC(=O)c1ccc2c(c1)N=C(c1cc3ccoc3cn1)N2Cc1ccc(S(=O)(=O)CC)cc1
BRD4DEL_actives_699,0.2524271844660194,val,NC(=O)[C@H](Cc1ccc(C#N)cc1)NC(=O)c1ccc2c(c1)N=C(c1cnccn1)N2Cc1cccc(N(C)C(C)=O)c1
BRD4DEL_actives_879,0.2523364485981308,train,NC(=O)[C@@H](CC1CCC1)NC(=O)c1ccc2c(c1)N=C(c1ccc3ccccc3n1)N2C1CCN(c2ncccn2)CC1
BRD4DEL_actives_459,0.2523364485981308,train,NC(=O)[C@H](Cc1cscn1)NC(=O)c1ccc2c(c1)N=C(CCC)N2Cc1nncn1C(C)C
BRD4DEL_actives_1020,0.2523364485981308,train,NC(=O)[C@H](Cc1cscn1)NC(=O)c1ccc2c(c1)N=C(c1cnc(N3CCOCC3)nc1)N2Cc1ccc(C)cc1
BRD4DEL_actives_45,0.2523364485981308,train,NC(=O)[C@H](CCc1ccccc1)NC(=O)c1ccc2c(c1)N=C(c1cnccn1)N2CC(=O)N1CCOCC1
BRD4DEL_actives_159,0.2523364485981308,train,NC(=O)[C@H](Cc1ccc(OCC=C)cc1)NC(=O)c1ccc2c(c1)N=C(c1ccc(CO)cc1)N2Cc1nncn1C(C)C
BRD4DEL_actives_854,0.2523364485981308,train,NC(=O)c1cccc(NC(=O)c2ccc3c(c2)N=C(c2ccc4[nH]ccc4c2)N3C2CCN(Cc3ccccc3)C2)c1
BRD4DEL_actives_51,0.25225225225225223,train,NC(=O)[C@H](Cc1ccc(I)cc1)NC(=O)c1ccc2c(c1)N=C(c1cccc3nc[nH]c13)N2CC(=O)N1CCOCC1
BRD4DEL_actives_91,0.25225225225225223,val,NC(=O)[C@H](Cc1cccnc1)NC(=O)c1ccc2c(c1)N=C(c1ccc(S(C)(=O)=O)cc1)N2C1CC2CN(C)CCN2C1
BRD4DEL_actives_378,0.25225225225225223,val,NC(=O)[C@H](Cc1cccc(OC)c1)NC(=O)c1ccc2c(c1)N=C(c1nnc[nH]1)N2Cc1cn[nH]c1
BRD4DEL_actives_389,0.25217391304347825,train,NC(=O)[C@H](Cc1csc2ccccc12)NC(=O)c1ccc2c(c1)N=C(c1ccc(C)c([N+](=O)[O-])c1)N2Cc1ccc(NC(=O)CC)nc1
BRD4DEL_actives_934,0.25217391304347825,val,NC(=O)[C@H](CCCCC1CCCC1)NC(=O)c1ccc2c(c1)N=C(C1CCN(C)CC1)N2Cc1cccnc1
BRD4DEL_actives_1074,0.25,train,NC(=O)[C@H](Cc1csc2ccccc12)NC(=O)c1ccc2c(c1)N=C(c1ccc(C#N)nc1)N2Cc1cccc(N(C)C(C)=O)c1
BRD4DEL_actives_32,0.25,train,NC(=O)[C@H](CCC)NC(=O)c1ccc2c(c1)N=C(c1ccc3ccn(C)c3c1)N2Cc1nncn1C(C)C
BRD4DEL_actives_828,0.25,train,NC(=O)[C@H](Cc1ccc(C#N)cc1)NC(=O)c1ccc2c(c1)N=C(c1ccc(-c3ccc(OC)cc3)o1)N2Cc1cn[nH]c1
BRD4DEL_actives_190,0.25,train,NC(=O)[C@H](Cc1ccc(Br)cc1)NC(=O)c1ccc2c(c1)N=C(c1cc(F)cc(F)c1)N2C1CC2CN(C)CCN2C1
BRD4DEL_actives_453,0.25,train,NC(=O)[C@H](Cc1csc2ccccc12)NC(=O)c1ccc2c(c1)N=C(c1cnc[nH]1)N2Cc1nc(CSC)no1
BRD4DEL_actives_732,0.25,train,NC(=O)[C@H](CCC(N)=O)NC(=O)c1ccc2c(c1)N=C(c1cc(C)nc(C)c1)N2C(CC)CC
BRD4DEL_actives_360,0.25,train,NC(=O)[C@H](Cc1ccccn1)NC(=O)c1ccc2c(c1)N=C(c1cc(C)on1)N2CC1CCC(=O)N1
BRD4DEL_actives_313,0.25,train,NC(=O)C(CC1CC1)NC(=O)c1ccc2c(c1)N=C(c1ccccc1O)N2Cc1cnn(C)c1
BRD4DEL_actives_346,0.25,train,NC(=O)[C@H](Cc1cn(Cc2ccccc2)cn1)NC(=O)c1ccc2c(c1)N=C(Cc1ccc(C)cc1)N2Cc1cncc(Br)c1
BRD4DEL_actives_262,0.25,train,NC(=O)[C@H](Cc1ccc(C(F)(F)F)cc1)NC(=O)c1ccc2c(c1)N=C(c1cnccn1)N2CC(O)CO
BRD4DEL_actives_396,0.25,train,NC(=O)[C@H](CCC(N)=O)NC(=O)c1ccc2c(c1)N=C(c1cccc3c1OCO3)N2Cc1cccc(OC(F)F)c1
BRD4DEL_actives_575,0.25,train,NC(=O)[C@@H](NC(=O)c1ccc2c(c1)N=C(c1ccc(S(C)(=O)=O)cc1)N2Cc1cncc(Br)c1)C1CC1
BRD4DEL_actives_1055,0.25,train,NC(=O)[C@@H](Cc1ccccn1)NC(=O)c1ccc2c(c1)N=C(c1cc(C)nc(C)c1)N2Cc1ccc2nccnc2c1
BRD4DEL_actives_338,0.25,train,NC(=O)C(CC1CC1)NC(=O)c1ccc2c(c1)N=C(c1ncc3ccccn13)N2CC(=O)N1CCOCC1
BRD4DEL_actives_620,0.25,train,NC(=O)[C@H](Cc1ccncc1)NC(=O)c1ccc2c(c1)N=C(c1ccc3cccnc3c1)N2CCc1cccc(OC)c1
BRD4DEL_actives_712,0.25,train,NC(=O)[C@H](Cc1ccc(I)cc1)NC(=O)c1ccc2c(c1)N=C(c1cccc3nccnc13)N2CC1COC(C)(C)O1
BRD4DEL_actives_876,0.25,val,NC(=O)[C@H](Cc1cscn1)NC(=O)c1ccc2c(c1)N=C(c1cccs1)N2Cc1ccc2[nH]ccc2c1
BRD4DEL_actives_526,0.25,val,NC(=O)C(C)(C)NC(=O)c1ccc2c(c1)N=C(c1cnc3ccccc3n1)N2C1CC(C)(C)N(C)C(C)(C)C1
BRD4DEL_actives_871,0.25,val,NC(=O)C(CC1CC1)NC(=O)c1ccc2c(c1)N=C(c1cnccn1)N2CCc1cccc(OC)c1
BRD4DEL_actives_120,0.24793388429752067,train,NC(=O)[C@H](CCc1ccc(OC(C)(C)C)cc1)NC(=O)c1ccc2c(c1)N=C(c1ccc3cccnc3c1)N2CC1CCC(=O)N1
BRD4DEL_actives_316,0.24786324786324787,train,NC(=O)C(CC1CC1)NC(=O)c1ccc2c(c1)N=C(c1ccc3ccccc3n1)N2Cc1ccc(NC(=O)CC)nc1
BRD4DEL_actives_204,0.24786324786324787,train,NC(=O)[C@H](CC(=O)OC)NC(=O)c1ccc2c(c1)N=C(c1cc3c(cc1Br)OCO3)N2Cc1ccc2[nH]ccc2c1
BRD4DEL_actives_945,0.24786324786324787,train,NC(=O)[C@H](Cc1csc2ccccc12)NC(=O)c1ccc2c(c1)N=C(c1cccc3nc[nH]c13)N2Cc1cnn(C)c1
BRD4DEL_actives_675,0.24778761061946902,train,NC(=O)[C@H](CCCCC1CCCC1)NC(=O)c1ccc2c(c1)N=C(c1cnc(N3CCOCC3)nc1)N2Cc1ccc(CN2CCCC2)cc1
BRD4DEL_actives_902,0.24778761061946902,train,NC(=O)C(Cc1cn(C)cn1)NC(=O)c1ccc2c(c1)N=C(c1ccc(CC)o1)N2Cc1ccc(S(=O)(=O)CC)cc1
BRD4DEL_actives_167,0.24778761061946902,val,NC(=O)[C@H](Cc1csc2ccccc12)NC(=O)c1ccc2c(c1)N=C(c1cccc3nc[nH]c13)N2Cc1cccc(N(C)C(C)=O)c1
BRD4DEL_actives_556,0.24778761061946902,val,NC(=O)C(CC1CC1)NC(=O)c1ccc2c(c1)N=C(c1ccc(Br)c(F)c1)N2CCC1CCCN1C
BRD4DEL_actives_958,0.24778761061946902,val,NC(=O)[C@H](Cc1ccco1)NC(=O)c1ccc2c(c1)N=C(c1cccc3nccnc13)N2Cc1cn[nH]c1
BRD4DEL_actives_423,0.24770642201834864,train,NC(=O)CCNC(=O)c1ccc2c(c1)N=C(c1cccc3nc[nH]c13)N2Cc1cccc(N(C)C(C)=O)c1
BRD4DEL_actives_493,0.24770642201834864,train,NC(=O)[C@H](CC(C)C)NC(=O)c1ccc2c(c1)N=C(c1ccc(Br)o1)N2Cc1nc(CSC)no1
BRD4DEL_actives_1080,0.24770642201834864,train,NC(=O)[C@H](CCCCC1CCCC1)NC(=O)c1ccc2c(c1)N=C(c1ncc3ccccn13)N2Cc1cnn(C)c1
BRD4DEL_actives_654,0.24770642201834864,train,NC(=O)[C@H](CCCN=C(NC)NC)NC(=O)c1ccc2c(c1)N=C(c1cc(Br)ccc1O)N2C1CCN(c2ncccn2)CC1
BRD4DEL_actives_864,0.24770642201834864,train,NC(=O)C(CC1CC1)NC(=O)c1ccc2c(c1)N=C(c1ccc(C#N)nc1)N2CCN1CCOCC1
BRD4DEL_actives_511,0.24770642201834864,train,NC(=O)[C@@H](CC(N)=O)NC(=O)c1ccc2c(c1)N=C(c1ccc3cccnc3c1)N2Cc1ccc(CN2CCCC2)cc1
BRD4DEL_actives_323,0.24770642201834864,train,NC(=O)[C@H](Cc1ccncc1)NC(=O)c1ccc2c(c1)N=C(c1cc(OC)ccn1)N2Cc1[nH]cnc1C
BRD4DEL_actives_676,0.24761904761904763,train,NC(=O)[C@H](CCCCC1CCCC1)NC(=O)c1ccc2c(c1)N=C(c1csc(Br)n1)N2CC12CCC(CC1)O2
BRD4DEL_actives_469,0.24761904761904763,train,NC(=O)C(Cc1cn(C)cn1)NC(=O)c1ccc2c(c1)N=C(c1ccccc1)N2Cc1cncc(Br)c1
BRD4DEL_actives_461,0.24761904761904763,train,NC(=O)[C@H](CC)NC(=O)c1ccc2c(c1)N=C(c1ccc(OC(C)=O)cc1)N2C1CC2CN(C)CCN2C1
BRD4DEL_actives_303,0.24761904761904763,val,NC(=O)C(CCC(=O)OC)NC(=O)c1ccc2c(c1)N=C(c1ccc(N3CCCC3)cc1)N2Cc1cn[nH]c1
BRD4DEL_actives_194,0.24752475247524752,train,NC(=O)[C@H](Cc1ccc(C#N)cc1)NC(=O)c1ccc2c(c1)N=C(c1nnc[nH]1)N2C(CCC)C(F)(F)F
BRD4DEL_actives_970,0.24752475247524752,val,NC(=O)[C@@H](NC(=O)c1ccc2c(c1)N=C(c1cnc[nH]1)N2Cc1cc(OC)cc(OC)c1)C1CC1
BRD4DEL_actives_734,0.24742268041237114,train,NC(=O)[C@H](CC)NC(=O)c1ccc2c(c1)N=C(c1cnc3ccccc3n1)N2Cc1ccc2nccnc2c1
BRD4DEL_actives_733,0.24742268041237114,train,NC(=O)C(CC1CC1)NC(=O)c1ccc2c(c1)N=C(C1CCN(C)CC1)N2Cc1cn[nH]c1
BRD4DEL_actives_46,0.24742268041237114,train,NC(=O)[C@H](Cc1ccccn1)NC(=O)c1ccc2c(c1)N=C(c1ccc(C#N)nc1)N2Cc1ccc(CO)cc1
BRD4DEL_actives_467,0.24742268041237114,train,NC(=O)[C@H](Cc1ccncc1)NC(=O)c1ccc2c(c1)N=C(C(C)(C)C)N2CC1(C#N)CCOCC1
BRD4DEL_actives_647,0.24742268041237114,train,NC(=O)[C@H](Cc1ccncc1)NC(=O)c1ccc2c(c1)N=C(c1ccc(N(C)C)cc1)N2C(CCC)C(F)(F)F
BRD4DEL_actives_503,0.24731182795698925,train,NC(=O)C(CCC(=O)OC)NC(=O)c1ccc2c(c1)N=C(c1ccc(Br)o1)N2Cc1ccc(CO)cc1
BRD4DEL_actives_670,0.24731182795698925,train,NC(=O)[C@H](Cc1ccc(I)cc1)NC(=O)c1ccc2c(c1)N=C(c1cccc3nc[nH]c13)N2Cc1cn[nH]c1
BRD4DEL_actives_645,0.2457627118644068,train,NC(=O)[C@H](Cc1cscn1)NC(=O)c1ccc2c(c1)N=C(c1cccc3c1OCO3)N2Cc1cc(OC)cc(OC)c1
BRD4DEL_actives_278,0.2457627118644068,train,NC(=O)[C@H](CCCCC1CCCC1)NC(=O)c1ccc2c(c1)N=C(c1ccc(Br)c(F)c1)N2Cc1cccc(N2CCCC2)c1
BRD4DEL_actives_738,0.2457627118644068,train,NC(=O)[C@H](Cc1ccccn1)NC(=O)c1ccc2c(c1)N=C(c1ccc(N(C)C)cc1)N2CC1CCC(=O)N1
BRD4DEL_actives_823,0.24561403508771928,train,NC(=O)[C@H](Cc1csc2ccccc12)NC(=O)c1ccc2c(c1)N=C(c1ccc(N(C)C)cc1)N2Cc1nc(CSC)no1
BRD4DEL_actives_455,0.24561403508771928,val,NC(=O)[C@H](CC(N)=O)NC(=O)c1ccc2c(c1)N=C(c1ccc(-c3ccc(OC)cc3)o1)N2Cc1cccc(N(C)C(C)=O)c1
BRD4DEL_actives_347,0.24545454545454545,train,NC(=O)[C@H](Cc1ccc(I)cc1)NC(=O)c1ccc2c(c1)N=C(c1ccc3cccnc3c1)N2Cc1ccc2nccnc2c1
BRD4DEL_actives_470,0.24545454545454545,train,NC(=O)[C@@H]1C[C@@H](c2ccccc2)CN1C(=O)c1ccc2c(c1)N=C(c1cccc3c1OCCO3)N2Cc1cnn(C)c1
BRD4DEL_actives_28,0.24545454545454545,train,NC(=O)[C@H](Cc1ccco1)NC(=O)c1ccc2c(c1)N=C(c1ccc3ccn(C)c3c1)N2Cc1ccnc(C)c1
BRD4DEL_actives_603,0.24545454545454545,val,NC(=O)C(CC1CC1)NC(=O)c1ccc2c(c1)N=C(c1nnc[nH]1)N2Cc1ccc(NC(=O)CC)nc1
BRD4DEL_actives_419,0.24528301886792453,train,NC(=O)[C@H](CCCCC1CCCC1)NC(=O)c1ccc2c(c1)N=C(c1ccc(C#N)nc1)N2CC12CCC(CC1)O2
BRD4DEL_actives_989,0.24528301886792453,train,NC(=O)[C@@H](CC1CCC1)NC(=O)c1ccc2c(c1)N=C(c1cnc(SC)nc1NC)N2Cc1cccc(OC(F)F)c1
BRD4DEL_actives_410,0.24528301886792453,train,NC(=O)c1cccc(NC(=O)c2ccc3c(c2)N=C(c2nnc[nH]2)N3CC2(C#N)CCOCC2)c1
BRD4DEL_actives_1078,0.24528301886792453,train,NC(=O)[C@H](CCCNC(N)=O)NC(=O)c1ccc2c(c1)N=C(c1ccc3[nH]ccc3c1)N2CC1CCC(=O)N1
BRD4DEL_actives_707,0.24528301886792453,train,NC(=O)C(C)(C)NC(=O)c1ccc2c(c1)N=C(c1cnc[nH]1)N2C1CCN(Cc2ccccc2)C1
BRD4DEL_actives_485,0.24509803921568626,train,NC(=O)[C@@H](CC(N)=O)NC(=O)c1ccc2c(c1)N=C(c1cscn1)N2CC1CCC(=O)N1
BRD4DEL_actives_926,0.24509803921568626,train,NC(=O)CCNC(=O)c1ccc2c(c1)N=C(c1cncc(OC)c1)N2Cc1nncn1C(C)C
BRD4DEL_actives_371,0.24509803921568626,train,NC(=O)[C@@H](NC(=O)c1ccc2c(c1)N=C(C1CCOCC1)N2Cc1cc[nH]c1)C1CCCC1
BRD4DEL_actives_630,0.24509803921568626,train,NC(=O)C(CC1CC1)NC(=O)c1ccc2c(c1)N=C(c1cn(C)cn1)N2CCNC(C)=O
BRD4DEL_actives_729,0.24509803921568626,train,NC(=O)c1cccc(NC(=O)c2ccc3c(c2)N=C(c2ccc4c(ccn4C)c2)N3Cc2cccc(N(C)C(C)=O)c2)c1
BRD4DEL_actives_919,0.24509803921568626,val,NC(=O)[C@@H](CC1CCC1)NC(=O)c1ccc2c(c1)N=C(c1cnc3ccccc3n1)N2Cc1ccnc(C)c1
BRD4DEL_actives_426,0.24509803921568626,val,NC(=O)[C@H](CCC(N)=O)NC(=O)c1ccc2c(c1)N=C(c1ccoc1)N2C1CCN(CC)CC1
BRD4DEL_actives_376,0.24489795918367346,train,NC(=O)[C@H](Cc1ccncc1)NC(=O)c1ccc2c(c1)N=C(c1ccc(Br)o1)N2Cc1cncc(Br)c1
BRD4DEL_actives_548,0.24489795918367346,train,NC(=O)[C@@H](CC1CCC1)NC(=O)c1ccc2c(c1)N=C(c1cscn1)N2Cc1ccncc1
BRD4DEL_actives_611,0.24489795918367346,val,NC(=O)C[C@@H]1CCCN1C(=O)c1ccc2c(c1)N=C(c1ncccc1O)N2Cc1ccc(CN2CCCC2)cc1
BRD4DEL_actives_382,0.24369747899159663,train,NC(=O)[C@@H](Cc1ccccn1)NC(=O)c1ccc2c(c1)N=C(c1ccc(N(C)C)cc1)N2Cc1ccc(NC(=O)CC)nc1
BRD4DEL_actives_538,0.24347826086956523,train,NC(=O)[C@H](Cc1ccsc1)NC(=O)c1ccc2c(c1)N=C(c1ccc(C(F)(F)F)cn1)N2Cc1ccnc(C)c1
BRD4DEL_actives_479,0.24324324324324326,train,NC(=O)[C@H](Cc1cscn1)NC(=O)c1ccc2c(c1)N=C(c1cccc3c1OCCO3)N2Cc1cnn(C)c1
BRD4DEL_actives_596,0.24324324324324326,train,NC(=O)C[C@@H]1CCCN1C(=O)c1ccc2c(c1)N=C(c1cc(C)on1)N2Cc1cccc(N(C)C(C)=O)c1
BRD4DEL_actives_794,0.24324324324324326,val,NC(=O)[C@H](Cc1cscn1)NC(=O)c1ccc2c(c1)N=C(c1cc(F)cc(F)c1)N2CC1COC(C)(C)O1
BRD4DEL_actives_1036,0.24324324324324326,val,NC(=O)[C@H](Cc1cscn1)NC(=O)c1ccc2c(c1)N=C(CCC)N2Cc1cccc(N(C)C(C)=O)c1
BRD4DEL_actives_567,0.24299065420560748,train,NC(=O)[C@@H](CC1CCC1)NC(=O)c1ccc2c(c1)N=C(c1ncc[nH]1)N2Cc1ccc2nccnc2c1
BRD4DEL_actives_1040,0.24299065420560748,train,NC(=O)C[C@@H]1CCCN1C(=O)c1ccc2c(c1)N=C(c1ccc(Br)o1)N2Cc1ccc2nccnc2c1
BRD4DEL_actives_664,0.24299065420560748,val,NC(=O)[C@@H](NC(=O)c1ccc2c(c1)N=C(c1cccc3nccnc13)N2Cc1cnn(C)c1)C1CC1
BRD4DEL_actives_350,0.24271844660194175,train,NC(=O)C(CC1CC1)NC(=O)c1ccc2c(c1)N=C(c1cscn1)N2CC1CCC(=O)N1
BRD4DEL_actives_1072,0.24271844660194175,train,NC(=O)[C@H](Cc1ccccn1)NC(=O)c1ccc2c(c1)N=C(c1cc3ccoc3cn1)N2Cc1ccc(C)cc1
BRD4DEL_actives_383,0.24271844660194175,val,NC(=O)C(Cc1cn(C)cn1)NC(=O)c1ccc2c(c1)N=C(c1cccc(C(F)(F)F)n1)N2Cc1ccc2nccnc2c1
BRD4DEL_actives_821,0.24271844660194175,val,NC(=O)[C@H](CCCCC1CCCC1)NC(=O)c1ccc2c(c1)N=C(c1cn[nH]c1)N2Cc1ccc2nccnc2c1
BRD4DEL_actives_785,0.24242424242424243,train,NC(=O)[C@H](Cc1ccnc(Cl)c1)NC(=O)c1ccc2c(c1)N=C(c1cnc3ccccc3n1)N2Cc1cncc(Br)c1
BRD4DEL_actives_979,0.24242424242424243,train,NC(=O)[C@H](Cc1ccncc1)NC(=O)c1ccc2c(c1)N=C(c1cc3c(cc1Br)OCO3)N2Cc1ccc2nccnc2c1
BRD4DEL_actives_532,0.24242424242424243,train,NC(=O)CN(C)C(=O)c1ccc2c(c1)N=C(c1cnccn1)N2Cc1cnn(C)c1
BRD4DEL_actives_1071,0.24242424242424243,train,NC(=O)CN(C)C(=O)c1ccc2c(c1)N=C(c1cnc3ccccc3n1)N2Cc1cncc(Br)c1
BRD4DEL_actives_895,0.24242424242424243,train,NC(=O)C(NC(=O)c1ccc2c(c1)N=C(c1ccc3ccn(C)c3c1)N2Cc1ccnc(C)c1)C(C)OC
BRD4DEL_actives_337,0.24242424242424243,train,NC(=O)[C@H](Cc1cccnc1)NC(=O)c1ccc2c(c1)N=C(c1ccc(CO)cc1)N2Cc1cc[nH]c1
BRD4DEL_actives_949,0.24242424242424243,train,NC(=O)[C@@H](NC(=O)c1ccc2c(c1)N=C(c1ccc3ccn(C)c3c1)N2CC1CCC(=O)N1)C1CCCCC1
BRD4DEL_actives_909,0.24242424242424243,val,NC(=O)C(CC1CC1)NC(=O)c1ccc2c(c1)N=C(c1cccc(O)c1)N2C1CC2CN(C)CCN2C1
BRD4DEL_actives_869,0.2413793103448276,train,NC(=O)[C@H](Cc1cccnc1)NC(=O)c1ccc2c(c1)N=C(c1ccc3ccn(C)c3c1)N2CC1(C)COC1
BRD4DEL_actives_816,0.2413793103448276,train,NC(=O)[C@H](Cc1cscn1)NC(=O)c1ccc2c(c1)N=C(c1ccc(C#N)nc1)N2Cc1cccnc1
BRD4DEL_actives_1089,0.2413793103448276,train,NC(=O)[C@H](Cc1ccc(OCC=C)cc1)NC(=O)c1ccc2c(c1)N=C(c1ccc(CC)o1)N2Cc1ccc2nccnc2c1
BRD4DEL_actives_291,0.2413793103448276,val,NC(=O)[C@H](CC)NC(=O)c1ccc2c(c1)N=C(c1cnc[nH]1)N2CC1(C)COC1
BRD4DEL_actives_250,0.24107142857142858,train,NC(=O)CCNC(=O)c1ccc2c(c1)N=C(c1cc3ccoc3cn1)N2Cc1cccc(N(C)C(C)=O)c1
BRD4DEL_actives_767,0.24107142857142858,train,NC(=O)[C@H](Cc1csc2ccccc12)NC(=O)c1ccc2c(c1)N=C(c1ccc(Br)o1)N2Cc1nc(CSC)no1
BRD4DEL_actives_477,0.24107142857142858,train,NC(=O)[C@H](Cc1cscn1)NC(=O)c1ccc2c(c1)N=C(Cc1ccc(C)cc1)N2CCN1CCCN(C)CC1
BRD4DEL_actives_11,0.24107142857142858,train,NC(=O)[C@H](Cc1cscn1)NC(=O)c1ccc2c(c1)N=C(c1cncc(OC)c1)N2CC1(C#N)CCOCC1
BRD4DEL_actives_840,0.24074074074074073,train,NC(=O)C(NC(=O)c1ccc2c(c1)N=C(c1ccc3ccn(C)c3c1)N2Cc1ccc2nccnc2c1)C(C)OC
BRD4DEL_actives_118,0.24074074074074073,val,NC(=O)C(Cc1cn(C)cn1)NC(=O)c1ccc2c(c1)N=C(c1cn(C)cn1)N2Cc1nc(CSC)no1
BRD4DEL_actives_1013,0.2403846153846154,val,NC(=O)[C@@H](CC1CCC1)NC(=O)c1ccc2c(c1)N=C(C1CCOCC1)N2C1CC(C)(C)N(C)C(C)(C)C1
BRD4DEL_actives_261,0.24,train,NC(=O)C(CC1CC1)NC(=O)c1ccc2c(c1)N=C(c1ccc(C#N)nc1)N2Cc1ccc2nccnc2c1
BRD4DEL_actives_232,0.24,train,NC(=O)[C@H](Cc1ccc(I)cc1)NC(=O)c1ccc2c(c1)N=C(c1cccc(O)c1)N2CC1(C#N)CCOCC1
BRD4DEL_actives_776,0.24,train,NC(=O)[C@H](Cc1ccncc1)NC(=O)c1ccc2c(c1)N=C(c1ccc(F)cc1C)N2Cc1nc(CSC)no1
BRD4DEL_actives_625,0.24,val,NC(=O)C(CCC(=O)OC)NC(=O)c1ccc2c(c1)N=C(c1ccc3cccnc3c1)N2Cc1cncc(Br)c1
BRD4DEL_actives_1086,0.2396694214876033,train,NC(=O)[C@H](CCCCNC(C)=O)NC(=O)c1ccc2c(c1)N=C(c1cnc(N3CCOCC3)nc1)N2Cc1nc(CSC)no1
BRD4DEL_actives_765,0.2396694214876033,val,NC(=O)[C@H](CCCCNC(=O)c1cccnc1)NC(=O)c1ccc2c(c1)N=C(c1ccc3[nH]ccc3c1)N2Cc1cc[nH]c1
BRD4DEL_actives_44,0.23931623931623933,train,NC(=O)[C@H](CCc1ccc(OC(C)(C)C)cc1)NC(=O)c1ccc2c(c1)N=C(c1ccc3[nH]ccc3c1)N2Cc1ccc(CO)cc1
BRD4DEL_actives_642,0.23893805309734514,train,NC(=O)[C@@H](Cc1ccccn1)NC(=O)c1ccc2c(c1)N=C(c1cccc3c1OCO3)N2CC1(C#N)CCOCC1
BRD4DEL_actives_726,0.23893805309734514,train,NC(=O)[C@H](Cc1ccsc1)NC(=O)c1ccc2c(c1)N=C(c1cnc3ccccc3n1)N2Cc1cccc(N(C)C(C)=O)c1
BRD4DEL_actives_170,0.23853211009174313,train,NC(=O)[C@H](CCCCC1CCCC1)NC(=O)c1ccc2c(c1)N=C(c1ccc(Br)o1)N2Cc1[nH]cnc1C
BRD4DEL_actives_200,0.23853211009174313,train,NC(=O)[C@H](CCC)NC(=O)c1ccc2c(c1)N=C(c1ccc(C#N)cc1)N2C1CC2CN(C)CCN2C1
BRD4DEL_actives_969,0.23853211009174313,train,NC(=O)C(CC1CC1)NC(=O)c1ccc2c(c1)N=C(c1ccc(CC)o1)N2C1CC2CN(C)CCN2C1
BRD4DEL_actives_1019,0.23853211009174313,val,NC(=O)[C@@H](CCC(N)=O)NC(=O)c1ccc2c(c1)N=C(c1cnc(N3CCOCC3)nc1)N2Cc1cncc(Br)c1
BRD4DEL_actives_336,0.23809523809523808,train,NC(=O)[C@H](Cc1ccccn1)NC(=O)c1ccc2c(c1)N=C(c1cc3ccoc3cn1)N2Cc1ccc2nccnc2c1
BRD4DEL_actives_256,0.2376237623762376,train,NC(=O)[C@H](CC)NC(=O)c1ccc2c(c1)N=C(c1ccc3cccnc3c1)N2Cc1cccc(N(C)C(C)=O)c1
BRD4DEL_actives_583,0.2376237623762376,train,NC(=O)[C@@H](Cc1ccccn1)NC(=O)c1ccc2c(c1)N=C(c1ccc3ccccc3n1)N2Cc1nc(CSC)no1
BRD4DEL_actives_637,0.2376237623762376,val,NC(=O)[C@H](Cc1ccccn1)NC(=O)c1ccc2c(c1)N=C(c1ccc3ccccc3n1)N2Cc1nc(CSC)no1
BRD4DEL_actives_602,0.23728813559322035,train,NC(=O)[C@H](Cc1csc2ccccc12)NC(=O)c1ccc2c(c1)N=C(c1cc3ccoc3cn1)N2Cc1cnn(C)c1
BRD4DEL_actives_54,0.23636363636363636,train,NC(=O)C[C@@H]1CCCN1C(=O)c1ccc2c(c1)N=C(c1ncccc1O)N2C1CCN(Cc2ccccc2)C1
BRD4DEL_actives_939,0.23636363636363636,val,NC(=O)C(Cc1cn(C)cn1)NC(=O)c1ccc2c(c1)N=C(c1ccc(F)cc1C)N2Cc1cccc(N(C)C(C)=O)c1
BRD4DEL_actives_270,0.23595505617977527,train,NC(=O)CN(C)C(=O)c1ccc2c(c1)N=C(c1ccc3ccn(C)c3c1)N2CCNC(C)=O
BRD4DEL_actives_230,0.2358490566037736,train,NC(=O)[C@H](CCc1ccc(OC(C)(C)C)cc1)NC(=O)c1ccc2c(c1)N=C(c1ccc(C#N)nc1)N2Cc1ccc2nccnc2c1
BRD4DEL_actives_222,0.2358490566037736,train,NC(=O)[C@H](Cc1cscn1)NC(=O)c1ccc2c(c1)N=C(c1ccccc1O)N2Cc1ccnc(C)c1
BRD4DEL_actives_216,0.2358490566037736,train,NC(=O)C(CC1CC1)NC(=O)c1ccc2c(c1)N=C(c1ccoc1)N2CC1CCC(=O)N1
BRD4DEL_actives_1028,0.23529411764705882,train,NC(=O)[C@H](CC)NC(=O)c1ccc2c(c1)N=C(c1cnc(C)[nH]1)N2Cc1cccc(N(C)C(C)=O)c1
BRD4DEL_actives_950,0.23529411764705882,val,NC(=O)[C@@H](Cc1ccccn1)NC(=O)c1ccc2c(c1)N=C(c1cc(C)on1)N2Cc1cncc(Br)c1
BRD4DEL_actives_663,0.23478260869565218,train,NC(=O)C(Cc1cn(C)cn1)NC(=O)c1ccc2c(c1)N=C(c1ccc3ccccc3n1)N2Cc1ccc2nccnc2c1
BRD4DEL_actives_476,0.23469387755102042,train,NC(=O)C(CC1CC1)NC(=O)c1ccc2c(c1)N=C(c1nnc[nH]1)N2Cc1ccc(CO)cc1
BRD4DEL_actives_36,0.23469387755102042,train,NC(=O)C(CC1CC1)NC(=O)c1ccc2c(c1)N=C(c1ccc(C)nc1)N2Cc1ccnc(C)c1
BRD4DEL_actives_310,0.23469387755102042,val,NC(=O)[C@@H]1C[C@@H](c2ccccc2)CN1C(=O)c1ccc2c(c1)N=C(c1ccc(Br)c(F)c1)N2CC1(C)COC1
BRD4DEL_actives_962,0.23423423423423423,train,NC(=O)[C@@H](CC(N)=O)NC(=O)c1ccc2c(c1)N=C(c1cnc(SC)nc1NC)N2CC12CCC(CC1)O2
BRD4DEL_actives_618,0.23423423423423423,train,NC(=O)[C@@H](CC1CCC1)NC(=O)c1ccc2c(c1)N=C(c1cc3ccoc3cn1)N2Cc1cccc(N(C)C(C)=O)c1
BRD4DEL_actives_186,0.23423423423423423,train,NC(=O)[C@H](Cc1ccccn1)NC(=O)c1ccc2c(c1)N=C(c1ccc(Br)o1)N2Cc1ccc2nccnc2c1
BRD4DEL_actives_565,0.23423423423423423,val,NC(=O)[C@H](Cc1cccnc1)NC(=O)c1ccc2c(c1)N=C(c1ccc(C#N)nc1)N2Cc1cn[nH]c1
BRD4DEL_actives_458,0.2336448598130841,train,NC(=O)C(CC1CC1)NC(=O)c1ccc2c(c1)N=C(c1ccc(Br)o1)N2CC1CCC(=O)N1
BRD4DEL_actives_240,0.23333333333333334,val,NC(=O)[C@H](Cc1ccnc(Cl)c1)NC(=O)c1ccc2c(c1)N=C(c1ccc3[nH]ccc3c1)N2CC(=O)N1CCOCC1
BRD4DEL_actives_639,0.23300970873786409,train,NC(=O)[C@H](Cc1cn(Cc2ccccc2)cn1)NC(=O)c1ccc2c(c1)N=C(c1cnccn1)N2C(C)c1ccncc1
BRD4DEL_actives_90,0.23300970873786409,train,NC(=O)[C@@H](CC1CCC1)NC(=O)c1ccc2c(c1)N=C(c1cnccn1)N2Cc1ccnc(C)c1
BRD4DEL_actives_21,0.23214285714285715,train,NC(=O)[C@H](Cc1ccncc1)NC(=O)c1ccc2c(c1)N=C(c1ccc(C#N)nc1)N2CCS(=O)(=O)N1CCCC1
BRD4DEL_actives_497,0.23214285714285715,val,NC(=O)[C@H](Cc1ccsc1)NC(=O)c1ccc2c(c1)N=C(c1cccc3c1OCO3)N2Cc1ccc2nccnc2c1
BRD4DEL_actives_372,0.23076923076923078,train,NC(=O)[C@H](Cc1cscn1)NC(=O)c1ccc2c(c1)N=C(c1cccc3nccnc13)N2CC1(C)COC1
BRD4DEL_actives_557,0.23008849557522124,train,NC(=O)C(CC1CC1)NC(=O)c1ccc2c(c1)N=C(c1nnc[nH]1)N2Cc1ccc2[nH]ccc2c1
BRD4DEL_actives_568,0.23,train,NC(=O)C(CC1CC1)NC(=O)c1ccc2c(c1)N=C(c1cccc(C(F)(F)F)n1)N2Cc1ccc2nccnc2c1
BRD4DEL_actives_244,0.23,val,NC(=O)C(CC1CC1)NC(=O)c1ccc2c(c1)N=C(c1ccc(CO)cc1)N2CC1(C#N)CCOCC1
BRD4DEL_actives_147,0.22935779816513763,train,NC(=O)C(Cc1cn(C)cn1)NC(=O)c1ccc2c(c1)N=C(c1ncccc1O)N2CC1CCC(=O)N1
BRD4DEL_actives_145,0.22916666666666666,train,NC(=O)C(CC1CC1)NC(=O)c1ccc2c(c1)N=C(C1COC1)N2CC(O)CO
BRD4DEL_actives_386,0.22916666666666666,train,NC(=O)[C@H](CCCCN(C)C)NC(=O)c1ccc2c(c1)N=C(c1ccc3c(ccn3C)c1)N2CC1(C)COC1
BRD4DEL_actives_886,0.22727272727272727,train,NC(=O)[C@H](Cc1ccnc(Cl)c1)NC(=O)c1ccc2c(c1)N=C(c1cc(C)on1)N2Cc1cccc(N(C)C(C)=O)c1
BRD4DEL_actives_99,0.22608695652173913,train,NC(=O)C(CC1CC1)NC(=O)c1ccc2c(c1)N=C(c1ccc(Br)c(F)c1)N2CC12CCC(CC1)O2
BRD4DEL_actives_866,0.22608695652173913,train,NC(=O)[C@H](Cc1cscn1)NC(=O)c1ccc2c(c1)N=C(c1cc(OC)ccn1)N2Cc1nc(CSC)no1
BRD4DEL_actives_722,0.22330097087378642,train,NC(=O)[C@H](CCCCN(C)C)NC(=O)c1ccc2c(c1)N=C(c1cc3ccoc3cn1)N2Cc1cncc(Br)c1
BRD4DEL_actives_791,0.22330097087378642,val,NC(=O)C(CC1CC1)NC(=O)c1ccc2c(c1)N=C(c1cc3ccoc3cn1)N2C1CCN(CC)CC1
BRD4DEL_actives_175,0.22321428571428573,train,NC(=O)[C@@H]1C[C@@H](c2ccccc2)CN1C(=O)c1ccc2c(c1)N=C(c1ccc(=O)[nH]c1)N2C1CC2CN(C)CCN2C1
BRD4DEL_actives_331,0.22321428571428573,train,NC(=O)C[C@@H]1CCCN1C(=O)c1ccc2c(c1)N=C(c1ccc3ccn(C)c3c1)N2Cc1cncc(Br)c1
BRD4DEL_actives_961,0.22,train,NC(=O)C(CC1CC1)NC(=O)c1ccc2c(c1)N=C(c1cc3ccoc3cn1)N2Cc1cncc(Br)c1
